-- MySQL dump 10.13  Distrib 8.0.29, for Linux (x86_64)
--
-- Host: 65.1.76.158    Database: gaouribrand
-- ------------------------------------------------------
-- Server version	8.0.31-0ubuntu0.20.04.1

/*!40101 SET @OLD_CHARACTER_SET_CLIENT=@@CHARACTER_SET_CLIENT */;
/*!40101 SET @OLD_CHARACTER_SET_RESULTS=@@CHARACTER_SET_RESULTS */;
/*!40101 SET @OLD_COLLATION_CONNECTION=@@COLLATION_CONNECTION */;
/*!50503 SET NAMES utf8 */;
/*!40103 SET @OLD_TIME_ZONE=@@TIME_ZONE */;
/*!40103 SET TIME_ZONE='+00:00' */;
/*!40014 SET @OLD_UNIQUE_CHECKS=@@UNIQUE_CHECKS, UNIQUE_CHECKS=0 */;
/*!40014 SET @OLD_FOREIGN_KEY_CHECKS=@@FOREIGN_KEY_CHECKS, FOREIGN_KEY_CHECKS=0 */;
/*!40101 SET @OLD_SQL_MODE=@@SQL_MODE, SQL_MODE='NO_AUTO_VALUE_ON_ZERO' */;
/*!40111 SET @OLD_SQL_NOTES=@@SQL_NOTES, SQL_NOTES=0 */;

--
-- Table structure for table `carts`
--

DROP TABLE IF EXISTS `carts`;
/*!40101 SET @saved_cs_client     = @@character_set_client */;
/*!50503 SET character_set_client = utf8mb4 */;
CREATE TABLE `carts` (
  `id` int NOT NULL AUTO_INCREMENT,
  `user_id` int DEFAULT NULL,
  `device_id` int DEFAULT NULL,
  `product_id` varchar(250) DEFAULT NULL,
  `product_addon_id` varchar(190) DEFAULT NULL,
  `quantity` varchar(250) DEFAULT NULL,
  `created` timestamp NOT NULL DEFAULT CURRENT_TIMESTAMP,
  `modified` timestamp NULL DEFAULT NULL,
  `status` enum('Y','N') NOT NULL DEFAULT 'Y',
  PRIMARY KEY (`id`)
) ENGINE=InnoDB AUTO_INCREMENT=826 DEFAULT CHARSET=latin1;
/*!40101 SET character_set_client = @saved_cs_client */;

--
-- Dumping data for table `carts`
--

LOCK TABLES `carts` WRITE;
/*!40000 ALTER TABLE `carts` DISABLE KEYS */;
INSERT INTO `carts` VALUES (8,72,NULL,'44','138','66','2021-12-23 19:10:40','2021-12-23 19:10:40','Y'),(9,73,NULL,'45','139','2','2021-12-23 21:29:23','2021-12-23 21:31:13','Y'),(15,74,NULL,'52','128','1','2021-12-24 13:33:53','2021-12-24 13:33:53','Y'),(16,75,NULL,'50','130','5','2021-12-24 15:41:31','2021-12-25 11:19:12','Y'),(17,75,NULL,'44','137','3','2021-12-24 15:42:21','2021-12-24 15:42:21','Y'),(21,75,NULL,'47','141','1','2021-12-25 11:16:09','2021-12-25 11:18:10','Y'),(28,48,NULL,'49','132','5','2021-12-27 13:10:44','2021-12-28 13:46:01','Y'),(35,48,NULL,'45','139','6','2021-12-28 11:26:47','2021-12-28 16:12:32','Y'),(36,48,NULL,'46','134','6','2021-12-28 13:15:38','2021-12-28 13:38:35','Y'),(39,83,NULL,'44','152','1','2022-07-26 18:45:37','2022-07-26 18:45:37','Y'),(42,83,NULL,'47','149','1','2022-07-29 18:43:47','2022-07-29 18:43:47','Y'),(45,91,NULL,'44','156','1','2022-07-30 20:06:34','2022-07-30 20:06:34','Y'),(54,99,NULL,'47','149','1','2022-08-03 10:46:14','2022-08-03 10:46:14','Y'),(58,104,NULL,'44','156','1','2022-08-04 17:24:42','2022-08-04 17:24:42','Y'),(99,73,NULL,'44','155','1','2022-08-12 16:45:21','2022-08-12 16:45:21','Y'),(120,116,NULL,'50','166','3','2022-08-15 15:53:54','2022-09-03 22:17:25','Y'),(122,111,NULL,'47','149','3','2022-08-16 14:02:30','2022-08-16 14:02:30','Y'),(126,102,NULL,'44','155','1','2022-08-17 11:22:25','2022-08-17 11:22:25','Y'),(132,136,NULL,'47','149','2','2022-08-19 15:05:42','2022-09-05 23:12:03','Y'),(133,136,NULL,'44','155','2','2022-08-19 15:06:57','2022-08-19 15:06:57','Y'),(134,136,NULL,'53','170','3','2022-08-19 15:25:15','2022-08-23 08:42:08','Y'),(142,143,NULL,'44','15','16','2022-08-20 12:13:59','2022-08-20 12:48:48','Y'),(144,143,NULL,'44','155','14','2022-08-20 16:56:06','2022-09-08 17:29:50','Y'),(145,143,NULL,'44','156','4','2022-08-20 16:57:40','2022-08-20 16:57:40','Y'),(146,143,NULL,'45','158','9','2022-08-20 17:21:18','2022-08-26 18:44:52','Y'),(147,143,NULL,'46','159','9','2022-08-20 17:25:45','2022-08-26 18:29:38','Y'),(148,143,NULL,'48','148','1','2022-08-20 17:51:16','2022-08-20 17:51:16','Y'),(156,130,NULL,'44','156','3','2022-08-23 11:23:26','2022-08-23 11:24:20','Y'),(157,145,NULL,'44','155','2','2022-08-23 11:25:15','2022-08-23 11:25:59','Y'),(162,156,NULL,'44','156','1','2022-08-24 09:42:11','2022-08-24 09:42:11','Y'),(163,119,NULL,'44','155','1','2022-08-24 13:13:41','2022-08-24 13:13:41','Y'),(173,156,NULL,'56','142','1','2022-08-27 09:28:40','2022-08-27 09:28:40','Y'),(174,156,NULL,'53','170','1','2022-08-27 09:29:33','2022-08-27 09:29:33','Y'),(175,156,NULL,'57','169','4','2022-08-27 09:30:17','2022-08-27 09:30:17','Y'),(191,160,NULL,'44','156','5','2022-08-30 08:35:27','2022-08-30 14:32:35','Y'),(197,141,NULL,'44','156','1','2022-09-01 13:23:45','2022-09-01 13:23:45','Y'),(230,172,NULL,'44','155','2','2022-09-08 17:43:18','2022-09-08 17:45:23','Y'),(232,173,NULL,'44','155','1','2022-09-09 10:44:22','2022-09-09 10:44:22','Y'),(233,173,NULL,'45','178','3','2022-09-09 12:50:05','2022-09-09 17:39:03','Y'),(236,173,NULL,'44','174','1','2022-09-10 11:34:51','2022-09-10 11:34:51','Y'),(237,174,NULL,'48','148','1','2022-09-10 15:56:57','2022-09-10 15:57:18','Y'),(250,178,NULL,'47','149','6','2022-09-12 15:54:35','2022-09-14 17:47:37','Y'),(251,178,NULL,'52','168','2','2022-09-12 16:50:39','2022-09-17 17:02:14','Y'),(252,178,NULL,'44','176','4','2022-09-12 17:11:08','2022-09-12 17:11:08','Y'),(267,162,NULL,'44','174','3','2022-09-14 13:02:43','2022-09-14 13:02:49','Y'),(274,178,NULL,'44','174','19','2022-09-14 15:43:33','2022-09-16 17:37:38','Y'),(275,178,NULL,'49','165','11','2022-09-14 16:55:15','2022-09-16 15:25:04','Y'),(276,143,NULL,'46','177','1','2022-09-14 16:56:12','2022-09-14 16:56:12','Y'),(277,178,NULL,'45','178','4','2022-09-14 17:13:23','2022-09-16 12:27:14','Y'),(278,178,NULL,'48','148','2','2022-09-14 17:25:34','2022-09-14 17:27:40','Y'),(279,119,NULL,'44','174','102','2022-09-14 17:59:48','2022-09-29 12:10:19','Y'),(283,181,NULL,'44','174','1','2022-09-15 16:23:17','2022-09-15 16:23:17','Y'),(284,181,NULL,'53','179','1','2022-09-15 16:24:04','2022-09-15 16:24:04','Y'),(285,78,NULL,'44','175','1','2022-09-15 18:25:11','2022-09-15 18:25:11','Y'),(286,78,NULL,'48','148','1','2022-09-15 18:25:52','2022-09-15 18:25:52','Y'),(293,178,NULL,'46','177','32','2022-09-16 12:16:04','2022-09-16 17:42:38','Y'),(297,183,NULL,'48','148','1','2022-09-16 14:37:16','2022-09-16 14:41:57','Y'),(298,183,NULL,'44','175','1','2022-09-16 14:39:15','2022-09-16 14:48:32','Y'),(300,119,NULL,'46','177','3','2022-09-16 15:14:32','2022-09-20 15:37:44','Y'),(302,157,NULL,'47','149','1','2022-09-16 17:23:12','2022-09-16 17:23:12','Y'),(318,185,NULL,'44','174','1','2022-09-19 12:35:07','2022-09-19 12:35:07','Y'),(322,119,NULL,'45','178','2','2022-09-20 14:32:41','2022-09-20 15:55:43','Y'),(328,172,NULL,'44','174','1','2022-09-22 15:56:44','2022-09-22 15:56:44','Y'),(329,143,NULL,'44','174','1','2022-09-22 16:20:48','2022-09-22 16:20:48','Y'),(354,188,NULL,'47','149','1','2022-09-28 14:29:50','2022-09-28 14:29:50','Y'),(357,188,NULL,'48','148','1','2022-09-29 08:55:36','2022-09-29 08:55:36','Y'),(358,189,NULL,'48','148','1','2022-09-29 10:28:03','2022-09-29 10:28:03','Y'),(359,154,NULL,'46','177','1','2022-09-29 12:52:17','2022-09-29 12:52:17','Y'),(360,154,NULL,'44','174','1','2022-09-29 12:52:51','2022-09-29 12:52:51','Y'),(381,190,NULL,'44','188','1','2022-10-01 16:15:29','2022-10-01 16:15:29','Y'),(388,194,NULL,'44','189','1','2022-10-03 12:58:49','2022-10-03 12:58:49','Y'),(394,172,NULL,'46','186','3','2022-10-04 17:38:15','2022-10-04 17:50:14','Y'),(395,172,NULL,'47','185','1','2022-10-04 17:44:59','2022-10-04 17:44:59','Y'),(398,196,NULL,'44','188','1','2022-10-05 15:51:27','2022-10-05 15:51:27','Y'),(401,143,NULL,'46','186','3','2022-10-06 15:02:24','2022-10-07 10:14:42','Y'),(402,197,NULL,'44','188','1','2022-10-06 16:03:43','2022-10-06 16:03:43','Y'),(410,143,NULL,'44','188','1','2022-10-07 10:14:28','2022-10-07 10:14:28','Y'),(428,139,NULL,'53','179','1','2022-10-10 09:56:43','2022-10-10 09:56:43','Y'),(431,84,NULL,'44','188','1','2022-10-10 12:20:20','2022-10-10 12:20:20','Y'),(434,200,NULL,'45','187','1','2022-10-10 12:32:46','2022-10-10 12:32:46','Y'),(435,200,NULL,'44','188','1','2022-10-10 12:33:11','2022-10-10 12:33:11','Y'),(442,201,NULL,'44','197','2','2022-10-10 18:15:28','2022-10-10 18:16:08','Y'),(448,202,NULL,'45','194','1','2022-10-12 06:13:02','2022-10-12 06:13:02','Y'),(454,202,NULL,'52','183','1','2022-10-12 12:17:14','2022-10-12 12:17:14','Y'),(456,131,NULL,'46','193','11','2022-10-12 14:20:56','2022-10-13 12:23:59','Y'),(459,131,NULL,'49','165','5','2022-10-12 15:00:42','2022-11-11 13:23:12','Y'),(460,131,NULL,'48','184','2','2022-10-12 15:12:45','2022-10-12 15:15:57','Y'),(461,131,NULL,'44','195','3','2022-10-12 15:18:19','2022-10-13 12:24:29','Y'),(462,131,NULL,'50','166','1','2022-10-12 15:22:09','2022-10-12 15:22:09','Y'),(471,103,NULL,'44','197','2','2022-10-12 23:21:42','2022-10-12 23:46:13','Y'),(472,103,NULL,'47','198','1','2022-10-12 23:46:28','2022-10-12 23:46:28','Y'),(475,185,NULL,'44','195','3','2022-10-13 12:54:18','2022-10-13 13:11:28','Y'),(477,103,NULL,'59','','1','2022-10-14 11:37:33','2022-10-14 11:37:33','Y'),(479,131,NULL,'47','198','1','2022-10-14 13:21:10','2022-10-14 13:21:10','Y'),(482,191,NULL,'49','165','1','2022-10-16 10:17:50','2022-10-16 10:17:50','Y'),(488,206,NULL,'44','203','1','2022-10-16 18:18:34','2022-10-16 18:18:34','Y'),(492,103,NULL,'46','','1','2022-10-18 11:00:52','2022-10-18 11:00:52','Y'),(497,208,NULL,'47','205','1','2022-10-20 18:16:33','2022-10-20 18:16:46','Y'),(511,123,NULL,'50','166','1','2022-10-25 09:38:43','2022-10-25 09:38:43','Y'),(514,94,NULL,'44','203','1','2022-10-25 20:59:00','2022-10-25 20:59:00','Y'),(522,214,NULL,'44','202','1','2022-10-27 13:52:51','2022-10-27 13:52:51','Y'),(539,131,NULL,'44','202','2','2022-10-31 11:41:45','2022-10-31 19:00:26','Y'),(540,131,NULL,'46','200','7','2022-10-31 11:43:38','2022-11-01 12:16:22','Y'),(543,53,NULL,'44','202','3','2022-10-31 19:18:52','2022-10-31 19:18:52','Y'),(546,84,NULL,'44','202','1','2022-11-01 17:52:22','2022-11-01 17:52:22','Y'),(547,131,NULL,'45','201','1','2022-11-02 12:38:52','2022-11-02 12:38:52','Y'),(553,103,NULL,'44','204','1','2022-11-03 14:32:31','2022-11-03 14:32:31','Y'),(566,219,NULL,'44','228','1','2022-11-07 06:53:03','2022-11-07 06:53:03','Y'),(576,206,NULL,'68','212','3','2022-11-07 18:19:01','2022-11-08 13:32:30','Y'),(577,131,NULL,'44','226','3','2022-11-08 11:08:45','2022-11-13 18:37:03','Y'),(580,203,NULL,'59','','1','2022-11-09 11:59:41','2022-11-09 11:59:41','Y'),(583,131,NULL,'44','228','1','2022-11-09 13:16:39','2022-11-09 13:16:39','Y'),(584,220,NULL,'44','226','1','2022-11-09 13:49:38','2022-11-09 13:49:38','Y'),(585,220,NULL,'49','165','3','2022-11-09 13:50:51','2022-11-09 13:55:24','Y'),(596,123,NULL,'53','231','1','2022-11-12 17:15:28','2022-11-12 17:15:28','Y'),(597,123,NULL,'57','238','1','2022-11-12 17:16:16','2022-11-12 17:16:16','Y'),(602,131,NULL,'56','142','1','2022-11-16 18:10:54','2022-11-16 18:10:54','Y'),(611,125,NULL,'46','221','1','2022-11-17 18:32:22','2022-11-17 18:32:22','Y'),(612,224,NULL,'44','227','1','2022-11-17 19:17:00','2022-11-17 19:21:45','Y'),(628,217,NULL,'46','221','1','2022-11-21 15:13:09','2022-11-21 15:13:09','Y'),(631,217,NULL,'46','270','1','2022-11-21 15:36:25','2022-11-21 15:36:25','Y'),(633,123,NULL,'50','215','1','2022-11-21 17:49:17','2022-11-21 17:49:17','Y'),(640,227,NULL,'44','284','1','2022-11-23 18:08:55','2022-11-26 13:54:46','Y'),(652,123,NULL,'53','286','1','2022-11-27 09:11:54','2022-11-27 09:11:54','Y'),(658,131,NULL,'46','281','1','2022-11-28 16:09:52','2022-11-28 16:09:52','Y'),(670,55,NULL,'44','283','1','2022-11-30 13:47:33','2022-11-30 13:47:33','Y'),(673,123,NULL,'57','269','1','2022-11-30 18:03:44','2022-11-30 18:03:44','Y'),(699,202,NULL,'52','278','2','2022-12-06 08:55:04','2022-12-06 08:55:34','Y'),(700,109,NULL,'53','286','2','2022-12-06 15:52:33','2022-12-06 15:53:57','Y'),(703,232,NULL,'53','286','1','2022-12-06 17:06:56','2022-12-06 17:06:56','Y'),(707,233,NULL,'44','284','2','2022-12-07 08:07:09','2022-12-07 08:07:12','Y'),(708,233,NULL,'57','269','1','2022-12-07 08:08:53','2022-12-07 08:09:13','Y'),(712,234,NULL,'49','165','3','2022-12-07 18:14:24','2022-12-07 18:16:05','Y'),(713,236,NULL,'44','290','1','2022-12-09 14:21:08','2022-12-09 14:21:08','Y'),(736,238,NULL,'44','291','1','2022-12-11 18:14:46','2022-12-11 18:14:46','Y'),(742,240,NULL,'44','291','1','2022-12-12 16:33:24','2022-12-12 16:33:24','Y'),(743,240,NULL,'49','165','1','2022-12-12 16:33:49','2022-12-12 16:33:49','Y'),(756,242,NULL,'44','291','1','2022-12-13 17:11:20','2022-12-13 17:11:20','Y'),(757,242,NULL,'50','215','1','2022-12-13 17:12:03','2022-12-13 17:12:03','Y'),(758,229,NULL,'47','288','1','2022-12-14 09:17:32','2022-12-14 09:17:32','Y'),(759,229,NULL,'48','280','1','2022-12-14 09:18:08','2022-12-14 09:18:08','Y'),(760,229,NULL,'52','278','1','2022-12-14 09:18:15','2022-12-14 09:18:15','Y'),(763,192,NULL,'45','293','1','2022-12-14 10:10:57','2022-12-14 10:10:57','Y'),(764,192,NULL,'49','165','1','2022-12-14 10:11:18','2022-12-14 10:11:18','Y'),(765,192,NULL,'53','286','1','2022-12-14 10:11:32','2022-12-14 10:11:32','Y'),(766,192,NULL,'56','142','1','2022-12-14 10:11:52','2022-12-14 10:11:52','Y'),(767,192,NULL,'47','288','1','2022-12-14 10:14:57','2022-12-14 10:14:57','Y'),(768,229,NULL,'55','277','1','2022-12-14 12:12:38','2022-12-14 12:12:38','Y'),(774,244,NULL,'44','292','1','2022-12-16 13:06:19','2022-12-16 13:06:19','Y'),(775,244,NULL,'50','215','1','2022-12-16 13:09:23','2022-12-16 13:09:23','Y'),(778,244,NULL,'51','105','1','2022-12-17 07:35:12','2022-12-17 07:35:12','Y'),(780,151,NULL,'44','292','1','2022-12-17 11:34:57','2022-12-18 10:24:29','Y'),(781,151,NULL,'61','287','1','2022-12-17 11:35:34','2022-12-17 11:35:34','Y'),(784,182,NULL,'52','278','1','2022-12-17 16:03:37','2022-12-17 16:03:37','Y'),(785,182,NULL,'47','288','1','2022-12-17 16:03:52','2022-12-17 16:03:52','Y'),(786,182,NULL,'48','280','1','2022-12-17 16:04:07','2022-12-17 16:04:07','Y'),(787,182,NULL,'55','277','1','2022-12-17 16:04:28','2022-12-17 16:04:28','Y'),(821,247,NULL,'48','280','1','2022-12-19 20:56:27','2022-12-19 20:56:27','Y');
/*!40000 ALTER TABLE `carts` ENABLE KEYS */;
UNLOCK TABLES;

--
-- Table structure for table `coupons`
--

DROP TABLE IF EXISTS `coupons`;
/*!40101 SET @saved_cs_client     = @@character_set_client */;
/*!50503 SET character_set_client = utf8mb4 */;
CREATE TABLE `coupons` (
  `id` int NOT NULL AUTO_INCREMENT,
  `code` varchar(50) NOT NULL,
  `applicable_to` enum('all','category','product') NOT NULL,
  `applicable_type` enum('amount','percentage') NOT NULL,
  `minimum_order_value` float DEFAULT NULL,
  `maximum_discount` float DEFAULT NULL,
  `discount_rate` float DEFAULT NULL,
  `valid_from` datetime DEFAULT NULL,
  `valid_to` datetime DEFAULT NULL,
  `description` text NOT NULL,
  `status` tinyint(1) NOT NULL DEFAULT '1',
  `created` timestamp NOT NULL DEFAULT CURRENT_TIMESTAMP,
  `modified` timestamp NOT NULL DEFAULT CURRENT_TIMESTAMP,
  `maxdiscount_rate` float DEFAULT NULL,
  PRIMARY KEY (`id`)
) ENGINE=InnoDB AUTO_INCREMENT=6 DEFAULT CHARSET=latin1;
/*!40101 SET character_set_client = @saved_cs_client */;

--
-- Dumping data for table `coupons`
--

LOCK TABLES `coupons` WRITE;
/*!40000 ALTER TABLE `coupons` DISABLE KEYS */;
INSERT INTO `coupons` VALUES (1,'FNPA12DG','all','amount',1000,200,NULL,'2021-10-21 00:00:00','2021-10-31 00:00:00','Flat 12% off on Diwali',0,'2021-10-21 12:18:33','2022-08-05 18:53:34',NULL),(2,'GET50%OFF','all','percentage',NULL,500,50,'2021-10-21 00:00:00','2021-10-31 00:00:00','Get 50% off on all products',0,'2021-10-21 12:23:25','2022-08-05 18:53:35',NULL),(3,'G40','all','percentage',NULL,100,40,'2021-10-13 00:00:00','2021-10-20 00:00:00','test',0,'2021-10-21 12:24:18','2022-08-05 18:53:36',NULL),(4,'gori ','all','amount',100,NULL,NULL,'2022-11-03 00:00:00','2022-11-04 00:00:00','discount',0,'2021-11-10 16:45:29','2022-11-03 15:36:33',NULL),(5,'TEST30','all','percentage',NULL,2000,30,'2021-11-10 00:00:00','2021-11-30 00:00:00','Test',0,'2021-11-10 16:50:26','2022-08-05 18:53:32',NULL);
/*!40000 ALTER TABLE `coupons` ENABLE KEYS */;
UNLOCK TABLES;

--
-- Table structure for table `coupons_categories`
--

DROP TABLE IF EXISTS `coupons_categories`;
/*!40101 SET @saved_cs_client     = @@character_set_client */;
/*!50503 SET character_set_client = utf8mb4 */;
CREATE TABLE `coupons_categories` (
  `id` int NOT NULL AUTO_INCREMENT,
  `coupon_id` int NOT NULL,
  `category_id` int NOT NULL,
  PRIMARY KEY (`id`)
) ENGINE=InnoDB DEFAULT CHARSET=latin1;
/*!40101 SET character_set_client = @saved_cs_client */;

--
-- Dumping data for table `coupons_categories`
--

LOCK TABLES `coupons_categories` WRITE;
/*!40000 ALTER TABLE `coupons_categories` DISABLE KEYS */;
/*!40000 ALTER TABLE `coupons_categories` ENABLE KEYS */;
UNLOCK TABLES;

--
-- Table structure for table `coupons_products`
--

DROP TABLE IF EXISTS `coupons_products`;
/*!40101 SET @saved_cs_client     = @@character_set_client */;
/*!50503 SET character_set_client = utf8mb4 */;
CREATE TABLE `coupons_products` (
  `id` int NOT NULL AUTO_INCREMENT,
  `coupon_id` int NOT NULL,
  `product_id` int NOT NULL,
  PRIMARY KEY (`id`)
) ENGINE=InnoDB DEFAULT CHARSET=latin1;
/*!40101 SET character_set_client = @saved_cs_client */;

--
-- Dumping data for table `coupons_products`
--

LOCK TABLES `coupons_products` WRITE;
/*!40000 ALTER TABLE `coupons_products` DISABLE KEYS */;
/*!40000 ALTER TABLE `coupons_products` ENABLE KEYS */;
UNLOCK TABLES;

--
-- Table structure for table `devices`
--

DROP TABLE IF EXISTS `devices`;
/*!40101 SET @saved_cs_client     = @@character_set_client */;
/*!50503 SET character_set_client = utf8mb4 */;
CREATE TABLE `devices` (
  `id` int NOT NULL AUTO_INCREMENT,
  `device_id` varchar(191) NOT NULL,
  `token` text NOT NULL,
  PRIMARY KEY (`id`)
) ENGINE=InnoDB AUTO_INCREMENT=472 DEFAULT CHARSET=latin1;
/*!40101 SET character_set_client = @saved_cs_client */;

--
-- Dumping data for table `devices`
--

LOCK TABLES `devices` WRITE;
/*!40000 ALTER TABLE `devices` DISABLE KEYS */;
INSERT INTO `devices` VALUES (57,'12','eyJ0eXAiOiJKV1QiLCJhbGciOiJIUzI1NiJ9.eyJzdWIiOjMzLCJleHAiOjE2MzQ0NTc0NzN9.kXlX1VvIKDJKwk4UXHWWzxf22I9LkmrbuRlGjMrCZr8'),(58,'a49d4a3c0a9242d2','c7bLoQ19S0yfki1rMVGi5c:APA91bH9jMN6xRu-Awf2Xia7monQqTjYx0dkR1T7QQsh_s5zR7tGhH_FmPQ9hqOzlzr_2ctTsOOlPFazgwk-2T8tE0SbIiSqPdpOyulZXdajKXraqlcDSkZEkctQj34wi4gWgbtW_aNd'),(59,'f86d05d6f440d300','cB7GY72mTQaFSHQczCyagT:APA91bHvqQacN28ZH_LmHnCeoVaDwbaxfw2XuLYcClSLASLxRqWWzzrktGsXKJ7I6DSp4VcPpTpYKOZirFXvNawvzKO8CH8jva9dBj1n_IPak2avG4R-ECYCA-VPGGtTs0Tvx6cCSOVc'),(60,'adf65dbf6828ed35','cBmTZXt1QXGF91234bzM_N:APA91bGw4MWsfeWrUd672pRQUWPWmDQa_hWvOVdmt-4wnlzX3r-d1-doBSg9d0kZ8VPS5u_wlmClky4z8dk7Bu0WStRPFubtmKkqCDeHU98n-LwFcQ5gdmYJ9ovHwQswFMNlF9eU9kIW'),(61,'adf65dbf6828ed35','fxNcxIUGSPm9PeUI2iQzao:APA91bGgHtYldIuNWqlMkKLPof_3VKGobdfAqbWq7NMEcQ5w6NgqeJ8nI2BJdnSWXlgFUYVtx5FGH1BmKyb1--7H9fAyhhMesBLTBGxlwZya6JCF2yGm5UHaC-lit9AY6rIk9b442W7A'),(62,'ca0ffca872550b8d','fl-O3cLMR5G24VUblsj3W6:APA91bHkV34O470GWRUB2QaruAamW3fwuXI9rYKca7g6u9Yb5GWyRmqFM0pc0P-7WXR_f4KRIcUdqShH-CYKTxGhhiGT2nI-55-Y9JvQB31jyrKH47CKBHrJS-gSgA-q1Gn7065nU4mn'),(63,'7bb3a0e4513e7553','fAzkg1Q0TMyzKRIqBQejmF:APA91bFoS7Rk-S9AM5dcdAKi4X6RiNbQX1fpmw36cFTelqZcp-3kxSxWSQVesxRTHITvdHo-vgXd1smP_v_vcOpzR0XeCL4_cRVczQNAxW2moA30Faaenl1EXHicBURB17ohyg2HG_iE'),(64,'13380020c844308a','eBdOeeNSRUOWEdGIA9GrJt:APA91bGFF0anol-Fag6pDp3iBFVKMpeswHeAtOWQBIGlYhAw_4_aGwZk3-1MHnSdPeJYZ1S7ROLHMaQ02nCA1VdgK8eTegI_dMHEjg-TkzVxPZ2cMG0BCwTfEhiek1Ewg-g0auHeT25R'),(65,'aa3f2fae6f10790a','c-lId47iSeWruzWlr2Qvs2:APA91bESPKr8N2ZW1k0_Cp4laOtnMHs76jvIW2yFRG2gLBu4Yfoek0vSYwlco8cW5-iHN-6UKZyTOd3U5p3D4IIiHbSyyEAFxgYB0Bm9a9J2sbreoTMEowLkb3fxAwcojhjy2TlwPc80'),(66,'aa3f2fae6f10790a','c-lId47iSeWruzWlr2Qvs2:APA91bESPKr8N2ZW1k0_Cp4laOtnMHs76jvIW2yFRG2gLBu4Yfoek0vSYwlco8cW5-iHN-6UKZyTOd3U5p3D4IIiHbSyyEAFxgYB0Bm9a9J2sbreoTMEowLkb3fxAwcojhjy2TlwPc80'),(67,'aa3f2fae6f10790a','c-lId47iSeWruzWlr2Qvs2:APA91bESPKr8N2ZW1k0_Cp4laOtnMHs76jvIW2yFRG2gLBu4Yfoek0vSYwlco8cW5-iHN-6UKZyTOd3U5p3D4IIiHbSyyEAFxgYB0Bm9a9J2sbreoTMEowLkb3fxAwcojhjy2TlwPc80'),(68,'b78a422924b70741','eUUBid6yQ5KVwqonp18MJg:APA91bGmpowY6mA-0raOyHT91POG0hcJDMVYmp2IZq2lLEwGY_ZcDmkzZAXK89bMZ4MQL4qI85c9N9Htm3ZwPc7Xbn5Z917YSuJUO_jrd9w8a8A9Wcpo3VvHFPXiB68t2-cMeMtiJmUv'),(69,'b78a422924b70741','eUUBid6yQ5KVwqonp18MJg:APA91bGmpowY6mA-0raOyHT91POG0hcJDMVYmp2IZq2lLEwGY_ZcDmkzZAXK89bMZ4MQL4qI85c9N9Htm3ZwPc7Xbn5Z917YSuJUO_jrd9w8a8A9Wcpo3VvHFPXiB68t2-cMeMtiJmUv'),(70,'9c9fd76934061076','cx9k5F_xQNiey4-WlCgIm-:APA91bE0zHjI0y55qNuD6CAF9X1et3VmVbB46RlpgWNgkk6dL3MmLoOjj2D1w279tIbWsS5Py63fzA3KDeHOINcag_qudzXhN4hgXFdUEg7Tv-3dJbjXQnnPRaNO2wSispDa_9vjP-XF'),(71,'ea882ca83755d8cc','eWoNKq6CRLmNpke1CigFHI:APA91bE8gjOn_aB7AFDbwU8wN6qzgePkkTUlkLUFJlEpSNwleYTpc0De_bHOcfSkIwNvsOC557ksB52h6d8dav4u01rEshL3EmkFFBIMv56glsPl_qsKUNhk77mDkhnh8PpIes_OSkOn'),(72,'ea882ca83755d8cc','cvJpUKarSn-zXT6kvvOWoL:APA91bHnBpsBXQz828ET97S7n524RgpPwGTdRPRL_8JfX-Wk6QwhF6Nd0UFpdxYtP_DdbsbrCQICGL4Zzq3En5md0b9DtSfKpq3HFDZd0y8FXqSrIpBTrnWfM3a6_9LDzvPt6uL_sCy-'),(73,'ea882ca83755d8cc','cvJpUKarSn-zXT6kvvOWoL:APA91bHnBpsBXQz828ET97S7n524RgpPwGTdRPRL_8JfX-Wk6QwhF6Nd0UFpdxYtP_DdbsbrCQICGL4Zzq3En5md0b9DtSfKpq3HFDZd0y8FXqSrIpBTrnWfM3a6_9LDzvPt6uL_sCy-'),(74,'3823bce55e0c9d14','dgBlfcLsQZm71lsE1FJkuG:APA91bEXDnxz9nmpJB9yxybE2_KQfUX44WpZxMfPRDSSv6SrAGhjGvikFJqB6wZYNfc80T-ZgRREqdSupabXBbYlO4vhScs3p4WBiGdnMR_lp9N_-cLZVcmLl-wsx7J0UU1v99k2ZbFa'),(75,'3823bce55e0c9d14','fUIkQthmTW2gqiwRUNXCKE:APA91bHaiYYow7tWSrPIccKCRM2mEfcEcQ9Lg8wXnyTe6IackDeU7mAydrH2hv8W61w4ekB-qV_dOVSQcoszvWd8v2lxVr_Zwea5ti_cJZX6p4z42iwGKSWD2QggfPKG2iGh7Met8A-e'),(76,'3823bce55e0c9d14','fUIkQthmTW2gqiwRUNXCKE:APA91bHaiYYow7tWSrPIccKCRM2mEfcEcQ9Lg8wXnyTe6IackDeU7mAydrH2hv8W61w4ekB-qV_dOVSQcoszvWd8v2lxVr_Zwea5ti_cJZX6p4z42iwGKSWD2QggfPKG2iGh7Met8A-e'),(77,'9959466b9207d714','e5GslFvyQba8nCD4R3dBXi:APA91bEk1Z9gDHUBEoxKjCoMRz8fgjpixXfBpvem4PHSlmG42zMp_pvLl_zjUu03NioJ9JoLrD-ZOEKcWA6CYNOkfjRSLKk3s46JkM0MHmZ02m1OCjBof-HSVzCqL0ICFGs_pUC3tG9a'),(78,'cec1a50a8a7f07ad','dSPsNNoQRGCEua4QWvmFqh:APA91bH66Uk84U9fLbPSPXpBLtweVhbrf-Cg2Zzlw_90GovPLKLE8JZJloAyWrLvXWefMxRutEk36HnudMAyenyZ1LZxx2128GeHj8PKXjSfiyZy_dtdFLK80MtuNo3ERmhI3O0x9yu4'),(79,'cdfeb1a8da0a73f2','dtsUvmNJTgW6WacahN9GLu:APA91bFcW-X__80cVMvgx2GrSGoB5Ivl-NQFNQQHaX6N2re60TDyDPqG-36iFopXiCzLZB-OQY3XiWP7xOWQmgnT5k6XJZgnDEdjsGMsXiiFAIkNnXWMdhfd2JxZ-gQ4Gxn8eSPh59cC'),(80,'b671d44d9d64632c','cLANrW8DQAW5digXT762CD:APA91bGmWmflfTO-9MpRFjVyfFOT0CqurtL8uJ_oTB7VrPEv1ZJpoEpSB9P9Rpsr8hzbMChQx5RnTtL6J1dJEpSPxW3NFIKW1uX6GTeOkvS88bN_ZidDlDdsDjYshuRvips5AgYk7hTi'),(81,'b671d44d9d64632c','dyqa8tFARP6fjchJOFGM_p:APA91bH338bzQNmhYLfX7F9I-dcmw_qN4qoWKJK49cyVi1HYtP56QwE2MFCtINFlpruY6Ol2-dV8F0_rn8IU7LSo7J-GgvWU5TF11SZUvwqOYUoal0OTgdS1AK_w4FD-5gIOK03pXw7j'),(82,'b671d44d9d64632c','dyqa8tFARP6fjchJOFGM_p:APA91bH338bzQNmhYLfX7F9I-dcmw_qN4qoWKJK49cyVi1HYtP56QwE2MFCtINFlpruY6Ol2-dV8F0_rn8IU7LSo7J-GgvWU5TF11SZUvwqOYUoal0OTgdS1AK_w4FD-5gIOK03pXw7j'),(83,'042249db81a36a26','eW7jqMBoQDSk87p8wjSMrq:APA91bHjucbTZKqw1kvGT3Wg1bo_brYUjrpimf0UNDlAHGnNKDIfI8giqFZFBAzPvbsCf64YMYdGfhBDl5FETTrrB58olembXc0CuOf6C7sW8Fw6xDDLhYWpHry0b9aU3WqF6MmqEZi6'),(84,'10','eyJ0eXAiOiJKV1QiLCJhbGciOiJIUzI1NiJ9.eyJzdWIiOjU2LCJleHAiOjE2MzczMTkwMTN9.ixgoaQoGezTtgIvJaNfmG4bzTr2VG4ksZDTH3IL1P_U'),(85,'eef73105f72afb16','dakVQB6HRXORz_jFZz2LV2:APA91bFMW_UTeNumpClwuNls8nCZLRwsFgWO9c7KYaqv1RyFXr_IvvuftbN5nAAHQnCw83LPEUEEv3RVp-VFbq6voTB3lV4WfqaXUVigd9eAClZS6eaVCJCNb8p-I3h4tEPqVe8q-4Iq'),(86,'213df2450296d92d','fPyKxshvRjyeyOcExF8_Zy:APA91bGTZe3gA10tE_CtGZpCKWlT1HDle2TzUMf9xh4GxX8DG__44swe0De9bLBr7NEiwXWmQfDCVVWjfRg0ayxifrui6bzLLXAzSkYhs4uv0lwwMqlnSc70jc86kvcSt4CwyZdgQPKU'),(87,'4ea436e91db270a6','dAZcDffKSZSaRlQVG-M2yp:APA91bG5W544ybdTeenrPvUwK1TWPMNFLPHTbhfQf3WAJSOZGajXBPHOanhdlok5Rr7WDqEzNz7AES6w-GtG0z_TCK-2RGJ-KLO1Ud6HVbuDowpMdaUWQ14GKdSEi6EcENXn_NsLBoEU'),(88,'4ea436e91db270a6','dAZcDffKSZSaRlQVG-M2yp:APA91bG5W544ybdTeenrPvUwK1TWPMNFLPHTbhfQf3WAJSOZGajXBPHOanhdlok5Rr7WDqEzNz7AES6w-GtG0z_TCK-2RGJ-KLO1Ud6HVbuDowpMdaUWQ14GKdSEi6EcENXn_NsLBoEU'),(89,'4ea436e91db270a6','dAZcDffKSZSaRlQVG-M2yp:APA91bG5W544ybdTeenrPvUwK1TWPMNFLPHTbhfQf3WAJSOZGajXBPHOanhdlok5Rr7WDqEzNz7AES6w-GtG0z_TCK-2RGJ-KLO1Ud6HVbuDowpMdaUWQ14GKdSEi6EcENXn_NsLBoEU'),(90,'cc178a7aaf977055','ciMB8UB3SLWxj6dMbMRLL2:APA91bFRcoWggukwhLjaUVc-6jPIntKL3kK27Q-NB4h4oW18ytsUOwFbm1rB-8Pczi9zfBkdEzGtBRrQvP5wZ3qrz2SNTg9XpEGhxtFrYZplikPGG1Ydm07kE_Nr9fAOOUYwWJPWallI'),(91,'7f6088fe5c2a6fc8','fzSSdj_nTxyMP8MLYxHpkC:APA91bEMCQxIAEZ7Gjo1kWo1GLaRR-6X0zckMjMwdeLWpZJ4f6Xq8bcjY4-1GgRsiAWaFWub4SmtJt0whzu_6EEx8X2puqpqqSHjbSp5j7MRkt2f_8NhSPsJF_aLZu6DLhTsJbS-NbWJ'),(92,'7f6088fe5c2a6fc8','fOgGpJ_bQ5qCXEty_wZ2yi:APA91bGi1-08mUr7eRemYF3Oa4BmYwP2hemFAyKlVypMUeJvlBJfDPSfcvt1zTuOTfyvhcpchl7zwc82nx8xkCTtSj3K8XSi9PXz5vDOf7KA5QACM3bfk4XM7p8_7J9tFbEU9ZFeWaOk'),(93,'f7b235233c1b900d','dyZOokyKTH-EPwE6XhCha4:APA91bGXTJZQYSqggQdY5ekgTCkAjKBoO5ue8yCVK8ne7s1TeQJTI_s3aTfk8yxVM_MGrZDoO_1LZtUA9HlX05AXOB20ksJdGT9Dmx8b8nDwdjEAubReC-xaGzANDlJpJTM3ktMeF1rD'),(94,'f7b235233c1b900d','dL_lVCrGTlWWm91X2ymWA9:APA91bFLh81113HfLtHoAfkPVbCoj_HhM48Vh_eRBiBoU4ABtWE38325I_0w4sCveneT4ARgNoVamynAlOcjDjqtYf7bR7NQ79XYvWc8fbSxCkZOWtM0mOpN-n3nJheA--D_y0UST9KH'),(95,'1ff41e009d4a2727','e_LpW7CdSraP6EFMHMxqxX:APA91bHkHH2DGwYXIizFZs7L0k9guSFt0AeBYpSL4Wv6iHoPqn5oPWpzgXC94y272xoIyqxaYgEhw19tE3Zt2dY-yHPnyKOePr5zYX2iiKqLCBtJDli2pbrAElmYf7_K2bPMlDiP3Z-k'),(96,'74c1660ddbecbaa8','eLGE4M0dSx6HVooJ-925G3:APA91bG354jKTuc6azoYfvWyQcMTUBjmJl2jjkPWulY4dOnVbRievnBUNLvowpkzq0jNJVnleCKpRwst3JYe0hluv4pXgOt84BxvBDuSv0r5EeXVJL0kVo4iDuZ7c5beZrOmcxUp1pSI'),(97,'74c1660ddbecbaa8','eLGE4M0dSx6HVooJ-925G3:APA91bG354jKTuc6azoYfvWyQcMTUBjmJl2jjkPWulY4dOnVbRievnBUNLvowpkzq0jNJVnleCKpRwst3JYe0hluv4pXgOt84BxvBDuSv0r5EeXVJL0kVo4iDuZ7c5beZrOmcxUp1pSI'),(98,'8894cf7b278ac679','eGsW4qygSAqO7e5HOGqDqI:APA91bEpOMb-PncSm7RuL9DURDj4PmyG-3vRaE5PlTr9h05Xn5se2Sn0Ey1YjMN6tF14oF4KGJsgHLsTz41Z-eZC_e2sFxXz1ABPNfZj9y8Quqi6BE7c-_NuUyHacwGc7WKt8w3_M63y'),(99,'9624b35bfddebd17','e2XmBsc9TnWa3afsvc-DYw:APA91bGo6LCbs2EWyJbINT8B3BwJe3_bG5f2yrpzanELwnZb02zmzxjtEcsWsmX5hIYoLQlDF0PpJ7rdH7eq_AodwGNdR-612TCQx9ZEusFjvxjSO8dYridXxRQrXBcI3Bf1OR2_9-rp'),(100,'74071ac9a25b5ea9','fIjr8rvzRYG1mdohgB6ezV:APA91bEpQOAiO6bT8L5GVEZhORup-D4hnsTGYIpHMvxizHWUDrP6toYQwHD1W7MWv0IBW2phJLS_qBfnIupL3Wk7bTaPvymsuatquHvEPhIIiJzSr8usbqdlcT1XioUvg6VJQYxsfpV9'),(101,'1fea3c1dec8fcbd3','cvjJ9eCAR6yPV5rrNNe1ml:APA91bGeB6Q8RFNUUK6tTfDU5nveG-4-WV6pTV3hIK-8e9gXM5DqvM0H7C7F-Wqw876tRLzO1j_4iBbjjPmbgcYJ7NeqLquo3crXHmiYin3NpS1XhMtTX944AEaIuh6hXKEHLo4XKt8-'),(102,'cb7212c7cfaece2d','cO2R6d0yRSSrheL2fehLiF:APA91bG-thOablqTh9DH1L_mK1HUBD9voHiphqL4cAa4GnXb1sqaQ1g_O9OyGoD6eRVCaj7crUHj0mWFMlTMYliud2EU-9cLk_s4rfd0THsIrPkhotf2SDTZ4MW2w-sMns4YPn_nudbK'),(103,'cb7212c7cfaece2d','ducIChWnS8WcXP3sLOHWnm:APA91bFdVHUc7Bva583g1YcD-1T7FOU0gUApZQ1WX6uCc5qJJpNjUx56E7-pQdILMMqDfEBbOQNnpmwLJp58rIUwfxhd6y5tZSyiiKHw_tq32_tKsBNArrGQFDSfxRzR-sAKebF0TAq2'),(104,'e05838eb079c6af8','ea2MfHOSQfGzJ7PVvBrSg4:APA91bExb18pVIbOiFEl5116bosZhgP1afN3VCBCwWVBTKsIY_FCIH0slch66Pry3mZQZdTZ-yg9NUr1VA6-pncP2FZyv0TwL1WI0OfGVEMoFLY4II1bdM-6V3TZNdTyyGnk9R5KTfyA'),(105,'0f94371699ef63c8','fKbkYCusQfWlRnJq-sHIfo:APA91bHRuu8r0OcNEALChA-LxJvdxm_U5NN3AQVV0B9vil_7PElNLrcsd5YjHtUKd0HB8udx_3KKU6Sdly7CXOHMArT9NBZ-K7Kjnusx2VaveifIlgHu-VK6wMRXeT1K1qXJaRAr_41u'),(106,'eab7d3737614e102','dgrmroL7R5exG925Uuec-V:APA91bG1_QD94KKCgfYQ2AcT_QVUryOxBHqY5T04BUMTLdTTyb8zyRuW4Qc7m8Zb02NzYLy2kJTcMiFbSwp8-KgEZ0jYBdEopkFcSkg1K2KORv170dunONbHoAZhP77tSeZLeS2VOXfk'),(107,'eab7d3737614e102','dgrmroL7R5exG925Uuec-V:APA91bG1_QD94KKCgfYQ2AcT_QVUryOxBHqY5T04BUMTLdTTyb8zyRuW4Qc7m8Zb02NzYLy2kJTcMiFbSwp8-KgEZ0jYBdEopkFcSkg1K2KORv170dunONbHoAZhP77tSeZLeS2VOXfk'),(108,'076518c34c01ec29','f8rKwXhTRyKjPvOogXzdLr:APA91bGfWNKcKc05_iDK3Xq4vOTsGT5qA-IHOWQ6E3oJ5YaO4AmIQ-UZCeb7WoakDI_zwacM8k2cJZ3R645q3rndbcNWazs6fwbByHW69D4OpY4co5qrLvMojVnwHYzLAIcf5G_OlDn2'),(109,'f1edcb4d2ebe57bc','cAC1aatyRJy70bzwBWiRbI:APA91bGXKshzYQ1UEvi7Y2aDCx1xSAe7NQnh99u2EPd4AstAVbVbqtHa9mwS1iChkG41CLKlt2NpYsv6Eo8vSjHlwc1qA1D6sJOWbAwQUut4f5O3bYR1MMJNJa8Qcn5jjJDPdp5Ex3Uc'),(110,'6342b68eea1ce06b','eNNlOg4hR5iicYVfNcOWJv:APA91bFy95kOQr3J5aMypUT4lgI7Nj5Y8YOZguHPYJNMQjLq79Cr66fZ0AgBx10oz91ETDewCGMBeUAtGDrxjUGu4R9koGIYHPugZnI9x7I5J1vpdXrgfuWvuJyvCJxqwJ1lnI5H2EIv'),(111,'7f64fb1d2938898d','eMYSal9xR-m62dhQWS5Fnc:APA91bGUOQkHlWm0jezg6M_LP92atnFM7u3LA9veGnaNZltOo5x0WqM7MzH15yxJeqWOxiOFPjRGXaHTNgFU9476g0NgsJ6Fg6nZANT5M7IhyulBYw_SMaaxvff_TG41ixAGGrFbPlAd'),(112,'3a146944d9c64b26','dFnfGPxQRtSEudPjlLPD9C:APA91bHn0Y69i485A0u_aUUKUstaim63on6SvYQWvLxeuhmuVtWvNYngXbuy8KSl2lxFCKYcfpnzxOEucOP-TGDGrXEgdbyfTs8uG8yZRJjQeP7j88wXHCA6f35gr7WsXan0TFBC1x1w'),(113,'8332b9640089725a','dEpvohbySsuvKwuV4PPohA:APA91bGwsg5HISBrhxgn9fi9lHJB8mr0-9G0HXF5Vk5ehhJ1VFg79orq5mB4ndsV61JM0L00wJ9b-UbTjnJFirQs6Ccr-h5GqkPl0qJ1EjFHa01uzHCU3xwVpOFpKMVFLnZwwCicu2dn'),(114,'1d6771d72a984abe','ePcGeR-NQN2-mHH_DIpbTA:APA91bFnIAaJJL5G3B9WC25_z2N85GL6qyHRG063NUpADYGoHburKwEvJy3vCv7eiPERlhVNs417elCnFBgRWuOt76b-UnS6VVVSsCyHBxJw_Z1LtxEGHO-IX7uHVCj1H9yh4esZ0Fxb'),(115,'1d6771d72a984abe','ebNTXSEeQdOey_B1JUvBeM:APA91bHasRFnLlr6SVJSfWPiKB4ylYePdCGdXPNx-f2tnhUBg5lNoFuSja79AzNGHOeiMTahf4ulPZJHD8kcZTrMQ5P_hV6akuIaO_FKCAb-OvYoiOZR-AucWupVFT4WUgoTA180J06s'),(116,'1d6771d72a984abe','ebNTXSEeQdOey_B1JUvBeM:APA91bHasRFnLlr6SVJSfWPiKB4ylYePdCGdXPNx-f2tnhUBg5lNoFuSja79AzNGHOeiMTahf4ulPZJHD8kcZTrMQ5P_hV6akuIaO_FKCAb-OvYoiOZR-AucWupVFT4WUgoTA180J06s'),(117,'880c2dfd073b29a5','d7EfD_v1Roir6GOhIY6G2E:APA91bEy_rl0dMSDku4JgFCeocja1tb3aAUFSK9d5pEUQq_ukiMR3UKT8SCmrFxVmMNOv5L0dfOShhiujfOA9ZICVkjQoYufCZgpxwXiV3-RTHn0WjqkFnF_C0-8iGCln7QJErDdPcA0'),(118,'7f76227ebfd39f75','dbf46TmoRi6qy_Sc2y1MfR:APA91bGBibtkTr4JM2VtkPNEvFjZ-9PkpHeaXaEl_fZA92vsmp4JmbR6SduKUu4UXsjFrES1viddExuFM-AXHE-Tmp5wGVOAgbNRQi5-U0C79x0l3g4j_QF1cIjQlJvTRL4jKTOMtHfj'),(119,'7f76227ebfd39f75','dbf46TmoRi6qy_Sc2y1MfR:APA91bGBibtkTr4JM2VtkPNEvFjZ-9PkpHeaXaEl_fZA92vsmp4JmbR6SduKUu4UXsjFrES1viddExuFM-AXHE-Tmp5wGVOAgbNRQi5-U0C79x0l3g4j_QF1cIjQlJvTRL4jKTOMtHfj'),(120,'b9313fac583ef7a0','cMLYfw6gTmq8pGI2qFFZyo:APA91bFhhR2G8mM3JIx1pZD_aNApYbiCf040eQFVqsY-d_GtisKT8uQdKcKTfYh5FawLAJ8Q0tGRDnYhrM4tMcd1msr_DwDIHbiRPXSBxS9UEyS2eTusKC1B4oGPk7lVnbwU0H9BBAp4'),(121,'4332ab33a8cbf6e7','fwRLTjugSFiBN13t119tK3:APA91bHxh5JR6T3o5qx_CX11mbrLuNeZYWY5snw5JpkvDsr6U4kdUV1vmhH3SNhMTaidwvf8iVr1rsXZZL4Bapp_kWx1zwRIxDPrqsZrcej9J64ZL0vgDeIDagLyyhJQX0GNp4DstRhH'),(122,'4332ab33a8cbf6e7','dNNlZW-aR9ukGdCIsaTddi:APA91bFsoVe4S566k9Ocjgf-DSFm69JHTXSgQl04ZCNdd494HTZDLbTovemqQtsSAWnE4B9MhjHGNdoLvbylzEksMfm0A-Ob8MLvRkk77WIYzLZbKTRL1_EQvIUVjdk-Iv54rCyI8Hs8'),(123,'4332ab33a8cbf6e7','dNNlZW-aR9ukGdCIsaTddi:APA91bFsoVe4S566k9Ocjgf-DSFm69JHTXSgQl04ZCNdd494HTZDLbTovemqQtsSAWnE4B9MhjHGNdoLvbylzEksMfm0A-Ob8MLvRkk77WIYzLZbKTRL1_EQvIUVjdk-Iv54rCyI8Hs8'),(124,'d7bfa9ed619c5553','dtR6sTnHROGCxqZlkEMARQ:APA91bGmujbRY0uPg9KSrLsd6E-GpXuNGi5_7Jv4PS5h_MIrFwpMPmfClxHTI7eeAI6ARJobdFNyGgngtrXYwkCAQ408Z0vI06my3sfCMhJI-_EFk4rN40yMJU5QSpdfC73K0bObq-mx'),(125,'d260151b12ec29f3','ccxVzio_QzWbjVyRnjiAlx:APA91bHtT4SSJGtV5oU8nCMP5ODJVk__dtGL0sGGY1kYFT6-53SlBtJYFBLgwFjKe8lNy5F0eFj2QIT_JPUkr45CHW4tIkBH0aARGQOrXxSRYhkLQh1EAfsFx5cAMMs6Q-_eEIgFy9Uc'),(126,'b25438488cc4b893','cf2Y4aJeRb6rI2l88C7NJi:APA91bHX_vRqWHGbe1-V4IavkQvSJTgngyhuurZkzN3rX5tWYcl1vaHKZ0LYzBbA1Te9quBVtT8VUH8gEtsY3H7n5UqDRT2CWsiDrR2oPxqioS0_NWmyHgwdrfAPXMCbQ9wGY_hLa0Xc'),(127,'b25438488cc4b893','fkY-z8SiSrG-9XAU7TZMHz:APA91bECB0j0Arh6wK8I59A4c3dXUP_Gz8r5Dx5-PZ2li2t6g5XDi4lYbiA8rEv3ZoMviueRBWvvyr9jgH46NgLvqQfKNtefNgWDff-S2wwyAL6PRN_tLSG8LLw7HLyMbCFHtm5xXFfq'),(128,'b41decec669b2a91','cPjLXMzuQyqBaHp6Oqjc6Y:APA91bEMAsHiaO3z_LyKxCEs9svz47m4w3QJmaoi6u5PKNVuzDZNAJ8Jr0gANaxv8hGfgT2UjrX08aJiHhwCfXjP1Rn1_76eyB0zG8R1-WNg3ddqfhiVelXqPicZUfOASKLBzyK6t9of'),(129,'c3ea866fcefd48d8','cxnp3hwzTJ6x9Wce07Af7n:APA91bFyUMWmB4FeoSUCrKjS0d9GvsgDT1C78KVihAmBS6tLiGFwZTW-6wmuKaqth05WKpedqjW41xqHL2FrlGHK0XgbXaiTDDOyHOxaPEsz-fi46zzJEf-wwg2jsb5GGw7fF4URN7IY'),(130,'c3ea866fcefd48d8','dK0N1TJIQ1GJInYTCmdmwC:APA91bFeOjd_fmOKJ9IgSkeCTSbnooD8Z_xKkvDyKF5Nic5MeRQ7r9-66dr1TprxpRfYkPUqM3_XulXEF08JgTIPjuOEzSdmA6gP9rC4NHZBRCErKL7X046BgLBJjJ4BpHQRaHCMciS8'),(131,'47755c68440a9833','f7Xp1oWOQxKF8HEZxRjpUs:APA91bHdx8K_Wgu_kmO0IjG6jFxeInco2feNcqOjiMZbk_KkQkL0PCLaqjJQ66i8w-To3KW8V9ioef6Un6wk5WqE1K-Cfx7zm7lwpyitE90WaZgs7RgAN9_S1gYJ9gxNE-N6LBSj1Pcl'),(132,'3b8ce198e1cf5814','fENObxj4S0O1k43AelNjeN:APA91bHUA3W6MfV8yDMc7MZ_RLzWRsFs5fiG1cenMtUfvNyhTUDfaFQ0nP6rm_f8nkNaHQoG_GZXejo4M6m622z1FyA33sd9ER2UyQqUeTpQos22Mkb36DTRbMsrJvjOr1WpACBFgO4i'),(133,'3b8ce198e1cf5814','dZqV5KX9RuGwDpDHW91kjw:APA91bFbnmH2r-to3x8HT01B0CLipa_lh8VmZ9W-DZ149EW5mOyIg7YoDLIZQVwRBKvCjwRdBJiATJeZpGjqplR8qc-hCtEy9vivYQEMlRxcFOdewtrawK2HRQ8J4xREd4SsN_ZyWx87'),(134,'4da8c0a73bce5e65','c9_etUcFSKubrf-3Kevcls:APA91bEYVPbvL8qGhV26jY5Rz3rG5K0NOBAJYwffMnys7M99IF6KkwqFwJZiPovUb2pQdhhf5ak1M783NuArBd2LdEGd3pr2XqShocCXWUfcVhVZGoEo-v-frt4fTNcCYQgf-d0d0SfY'),(135,'4da8c0a73bce5e65','c9_etUcFSKubrf-3Kevcls:APA91bEYVPbvL8qGhV26jY5Rz3rG5K0NOBAJYwffMnys7M99IF6KkwqFwJZiPovUb2pQdhhf5ak1M783NuArBd2LdEGd3pr2XqShocCXWUfcVhVZGoEo-v-frt4fTNcCYQgf-d0d0SfY'),(136,'34c07b46820570ab','dYsBWB3-SouVKA4XXLSVVr:APA91bHp1o7zZlX-Y3v9NVlxcsxZCFQ1h0PJRL_1eyG5yLA2_4EmDnppioeoSF1pfUQoukPVGP1k4irP5s0FYT9d6TF8vybLyLXtjkHhVvTYweS8Wuo5iHjTqugW4Bkevi0_MW4sigLS'),(137,'9b067c6afed7cdbb','cIsyvYWATb-igVWWeDddI4:APA91bEGd6b__FUkzwKL_0Ke--glpHW4VEMmFg5lEVspEmuBzTnkdz6KhOcTyCGTEidlB3g3WVWxLaaUq3l0R-_pE-5Ql0nRGV0F9Ab25TLmJ2ITgvz3qiyg7rxrydMKLhFa3qwQ5rzW'),(138,'9b067c6afed7cdbb','exyHgwJaS561coPnI7GM7v:APA91bEGhtz5GHtPPv9Ife3x-E9hb3GPtd66qx2RVqLhDm2NyRTLMOGKdqiEBLxLzlz1sc96SLpyGGkGqFzDrqZCwYcqcFA0sH0cSY8s5g6rCgdxCviX0yfE-HUre2K3gbhRG9HlfbzT'),(139,'eb6651aa723f1c3a','c5AtwnbcRBWFcPSa7XIAGE:APA91bHa1z3Cey9duLbNXysZYfS5hQH2D-QcW-NifwhdouQvzJChAAJ9lvX3HnxljPFUYx7-9sKyhY3K1hOr5p2IQtsqvkIaNDA-6b5q-l-vDqrCPStFnQgnWnOKPwtHSVwfFckjUPgD'),(140,'eb6651aa723f1c3a','eBDuUfA4SNaNYPsxmGEcD_:APA91bGLROF4k2w6HPBsOClbBHYpojRGkEixkm8mmM33FuB7RN53R1KhnYrYdntJ8e4-vB6koZgLp6YudvkoNvneg1e5go6mLI5D5mavPbVjsMG0joHvfa_dLU_vgo2RJQF2_kWOI89P'),(141,'eb6651aa723f1c3a','eBDuUfA4SNaNYPsxmGEcD_:APA91bGLROF4k2w6HPBsOClbBHYpojRGkEixkm8mmM33FuB7RN53R1KhnYrYdntJ8e4-vB6koZgLp6YudvkoNvneg1e5go6mLI5D5mavPbVjsMG0joHvfa_dLU_vgo2RJQF2_kWOI89P'),(142,'ed49e104417e7b96','dvKv0zmrT9Wqog7XhmMCWX:APA91bGQZ6nyJkg4eOioDykhcW4vneGxVafyPTNVe82XunOwI-V2peTnLCNvwsrcpAIoYhGuNlbeA2ogfZpJ68hy3U-nPj199DEQ-OFkHdRHbsZyTyDjI68_QNd1KONWLVyfsmH3jPf_'),(143,'ed49e104417e7b96','epj6PpQSSjWYBQEgtOKPdd:APA91bG0ROrc01N9t_VsiBuzwIhxZxX04gv2_e2iX5dCtFPx9Cmkkttl7rj65IpD1kIjYea62viEXgadnB7kZYCWCLaM7k6OVxw_E4L-c6B2hPsJLhOuBfWgxy6uZHuAP2NMO6ioHklA'),(144,'19298ee72dc7440e','fsbv1ngURf6g3p7GzFOavC:APA91bGtI1_v-hdJaJi9a0QOHVbEwrlycjrgPFaQzm1UJLplGaqjcv3pCjtBSCewfeC1ue3LvrnMiH8E1TMoRqui41g-Rlp_Vg5kuBvduWLxY6veR0nC784oZOJstknk3lEbjItn3uuL'),(145,'012451a956e6b48c','dtvJV6RGQkWnW9wkcpk5hC:APA91bHdFlRP9ixcOXhenPTfilsPagdZuMQ3hQwF2nUwMHN_e-F1Ok7RFPcPY86ssvkaDtiqSckQw50ZN7SXy1-BW651rB9cvhTDU2qwaWGFalK_rsmnaMNkaQSV3sOHwoJ7skIsHqmS'),(146,'012451a956e6b48c','cuzTFMQMTtaW-POO5HSdlU:APA91bEk7xgZb1RLMw-29pGClFvMf41ldyQUEPukZMlTOxgRSxATK2LaLxsByU8DLlDt8vYSs33fxwMaRvKDUojwjDxU1SuWLezPAITaICAPiZdu1flm7XDmLw-6CgW1RIwGYsyhQHeN'),(147,'f8b65e5918f522c9','d84QyGBOQH2nbid664COWe:APA91bEUgjzkVASMcXm1DSljuHFNFnEdg4OkAbICjvMAqmrJwKB8xej7JSqfWF__GaTLBqk7F41D7zW60ohsQ9qI4-gB1hqLX9kAPXQsDdY8x02itj9AQ25PXbc85E9b8ix_W77eppkO'),(148,'aaf9d21982a2bd06','e458ndZ7RUemLI8CFFV0pq:APA91bF11aqkHnVT982LpWCasYY-cRegVcxoN_xJVOJkk8ySJFn2MOb6kjcFwuNJaUVkQlacqllIRErhn8tLsCT70zCWbPaCQZTatSIYCndv28kkLPMFhu3f0pAT8_T6XAW5t737wqas'),(149,'aaf9d21982a2bd06','e458ndZ7RUemLI8CFFV0pq:APA91bF11aqkHnVT982LpWCasYY-cRegVcxoN_xJVOJkk8ySJFn2MOb6kjcFwuNJaUVkQlacqllIRErhn8tLsCT70zCWbPaCQZTatSIYCndv28kkLPMFhu3f0pAT8_T6XAW5t737wqas'),(150,'af733fd2eff83a9f','dqO3rNUlSHyiU58uFzG-Lb:APA91bFcWhh9v2Zola-PLVRqBpJ6ZImQPbtJ6XKNtKb1EtL5vj_oVpMbYUTvivwSiFMfQb4ZffW4pqkPmzLfiOztWP2jbN9RPDkt1yKaOM0pHH1rxQ8qmBx12aweJVatvxq1060ztaYV'),(151,'6f92891407a468fd','cJM-cFGhT5aUVRvY28EwiS:APA91bE2SLRrM6nqqG3L50M2q35fEoGJtCl7PPaTg2tuIR3loPX2-E7rIVWTXZYrKzFc5Kcz8S9js1s0LRVP5V-edOA7D-sH57X2HKMTiP8sHlbiC3sqJ9LqjhpGDZSUGN5G0TIvBWnH'),(152,'6f92891407a468fd','feC1nc7FQr2tKP3Hp2X8ip:APA91bEh5-GbfjRRCDJBVRbIyqej6KM1slqOAlFLr29g08n65t-k3x0RDfYTqQYXxpe4lG-29RRttGS3_xAYt6HVHbVzzFfgdjChH2k4RiDqWLV458ZRDEFdDdz8mSnTOaqkGYTM59PT'),(153,'6f92891407a468fd','feC1nc7FQr2tKP3Hp2X8ip:APA91bEh5-GbfjRRCDJBVRbIyqej6KM1slqOAlFLr29g08n65t-k3x0RDfYTqQYXxpe4lG-29RRttGS3_xAYt6HVHbVzzFfgdjChH2k4RiDqWLV458ZRDEFdDdz8mSnTOaqkGYTM59PT'),(154,'9517f75aae421c4d','ePTSZrsVRGS7ihuNpeUQRe:APA91bG-3p3hd4fI-1ueR5vxFK6gFrEIVlHYaI1jO7mcwjOZ7EqQPzNUISGuZx5Dab7dHdgYvr35MtU8ZIRYzz9lXHryxmPdNJLEVYzXaaIt8PsgV4qzQrxX4Q7QQcq4AKHAA6FB77h_'),(155,'b56424bd70666aba','d0aq9ddiRqe4fzX17RO4w2:APA91bHfvmDe0f9DAJz42kWe4-gmTclK6IdY-hfpFgcCyaGp-1QBR3tDVdkNb8ex9MzF3k95WXItqOrImxAOtOSSSKFQNvqcn-o9OctHdncXMDVa4bUD-CkPzUBSG7-Q_nHa0-oEJ90v'),(156,'e8a7ba3553939211','eNdhpcgsRf6VLhu15nKSou:APA91bFgaSZHk7ufOwNk0lAGh1NjOluT9MsuqPtBuvLcB1ci471Cyuvtywn6T4axAni8aBmRd4N0MaGHIyL1Qxy3fZLjawM0gglC3Y5Jm7uhY2SIFUI3bB8pwAaKBcxjcF_oh8Dh4de6'),(157,'c61fef7fe4ee6ce2','eFiAqfbpS3q-i3AyuNLDu-:APA91bH14u1nos3c_aQKFDwPAow4zr5vUpc4oWyKIqefpcGaYIZg9E8wmGS0r3ChH5JONOL8F9LaFhH2lUONZVQQmi2_MExVVZmGvVYFPvmxTbc4WmsUNlCtpQZlFu9yA83Du-jERTgT'),(158,'c61fef7fe4ee6ce2','eFiAqfbpS3q-i3AyuNLDu-:APA91bH14u1nos3c_aQKFDwPAow4zr5vUpc4oWyKIqefpcGaYIZg9E8wmGS0r3ChH5JONOL8F9LaFhH2lUONZVQQmi2_MExVVZmGvVYFPvmxTbc4WmsUNlCtpQZlFu9yA83Du-jERTgT'),(159,'c61fef7fe4ee6ce2','eFiAqfbpS3q-i3AyuNLDu-:APA91bH14u1nos3c_aQKFDwPAow4zr5vUpc4oWyKIqefpcGaYIZg9E8wmGS0r3ChH5JONOL8F9LaFhH2lUONZVQQmi2_MExVVZmGvVYFPvmxTbc4WmsUNlCtpQZlFu9yA83Du-jERTgT'),(160,'2a840f1da0fb7a0b','f1_lkZgnTtqeZZADRjKRdn:APA91bGlcZrikM9ctpf4DUOuCyehnt-6kg_UiuxiC7TaSTPkh_x8YGH_WS61z08yV6NwZsV-9gVQN7R5eglBa6YRooXSddCuvyggegnXN8ngYcxBvwoKO4ED7yU8M5oyuQYGxYrCTH2x'),(161,'8e97340c63b735a7','e2GZsSzoRDuDybh24K3Wfo:APA91bFnV5qpAVgUFF6bGaVBTCtwVxyrXa4FHphoTX1VpdhgvAezk932PI7coDpGYYSa056GbnDNcdLT53iyC3veMONciUX4D4r0cIk3KVCFWyZU1ElCv5vXt4_20xVmZOyzMXPjH5nY'),(162,'8e97340c63b735a7','cONUAmpdTSy4dJ5Gmja7E7:APA91bEyQSpFU5GuXpRIJNzECIsCIlVQ6dZx9yQsc5LcdRLN1imeDXVz7P9S1bCaqh83BsWDRNdTEAfFHb95bNdrPcc7F95uI5lWSzOAPrnih_m74JPY1VJdGBrdmnCCNrxKFaJPoKuL'),(163,'8e97340c63b735a7','cONUAmpdTSy4dJ5Gmja7E7:APA91bEyQSpFU5GuXpRIJNzECIsCIlVQ6dZx9yQsc5LcdRLN1imeDXVz7P9S1bCaqh83BsWDRNdTEAfFHb95bNdrPcc7F95uI5lWSzOAPrnih_m74JPY1VJdGBrdmnCCNrxKFaJPoKuL'),(164,'fbba11de3974f962','dNtKigZtS_2C9pRwv8DU4M:APA91bHtdnQ_dhV9d00rOWTgVbQHgvg25_dgY59OGtGM0BjnWkYG_wYhkwHv53VSNHiBDGjkjQ8KfRkfdURqfh-wwaEFAv6mwaQqkLRV-wYNhQNhqHefvrVYD7bYMRrM5V2zQqmpfOfJ'),(165,'ad441ea3247ac6a9','dSsj-zfiRWiiHH_TDbjdSv:APA91bHxb97INftatJXx06xMieviyIqdgipOXJ-kNopEyxEfHuppHChiaExIv_acJqjyHdvn2Q35zN2jp-l7560qW-rWBL3arjfeAr6rYlFRZU4plFXTd-ztXustex_55HmphMSuhLI6'),(166,'ad441ea3247ac6a9','d0b5Vfq7Rbi-csE42XJ_yU:APA91bE8Ibk9RjLwEAOHsc--_rbFTf4sX2dVUgIuGCrPi7yt6lDk503IKC4xO45K0FgvXcC5cV5W-2qN-YCy7-YqFru4VSpoMA44BV6zs0ddA9j-wsvxAID1BjK14fC25DeFgV2uwVIR'),(167,'ad441ea3247ac6a9','d0b5Vfq7Rbi-csE42XJ_yU:APA91bE8Ibk9RjLwEAOHsc--_rbFTf4sX2dVUgIuGCrPi7yt6lDk503IKC4xO45K0FgvXcC5cV5W-2qN-YCy7-YqFru4VSpoMA44BV6zs0ddA9j-wsvxAID1BjK14fC25DeFgV2uwVIR'),(168,'d8d2712ce86b9ebf','ceEhaG6cThq3zSCiq7dY07:APA91bG_W9FC6yVuzdAVQcqoEJvaocaV3AfxFnCHzp0u1-9IA74h2yn-POE67bng4OqOs1AssrKFtcAvSyZxR9ssXGlEr09jcD3ar_uc7T4F3gTTIB7IgEP3Ef3ribH1uTEzsUe-qQxg'),(169,'7307b513ff8b44c0','eklFsLMVTtmjTAj3WrXo0t:APA91bHaw3C6Eb2ll6L83e2VfAB9fESb_88S6Acz8ztsbly3haLePYi6uL09oH0rb6CYcJhCfCh3KLUTLzorYbmItOz2Z_upMlg9urcN2pa_L0EcViDlX_Ml6L3AwGKFRFNhg7yYlAwS'),(170,'5e0c21b7dc89cb18','eDCKyu1RRdeTBc_FPWks7B:APA91bGIy-C5NCmqF_u5QZrm92C9bHuhas9arjWLgTzjTRtCpR8rYXieKoRk_-y-P6M6S9fpb1TT7kZlpUFORU1R96LLe3311hmKF-U7Q1wjcIdva8-a5CG3tP7QYGAvjOloJUrHNtei'),(171,'487861f6fcdf51ae','f5K7g9XKQXiyj3YtHwXM4j:APA91bFBHFejDqM0TF7crO4_YTbNTi0cBRougwdik6wMW4uGcKrjjktiFYMyaVQC5obAsCETZT7uFBQzks23P8dBvzQ-kSJu8TlaVnBwOJKMbUGZCmLLRmdpDAf8U0srTajCy_MwynIL'),(172,'0206edadee0a14b0','d3L1a29eSIu0TEqWwwSMu2:APA91bH75FzA9BrTvJrmWAcermRe0VefHLSZ3w58Y1vz053QOV1GfLB-QH5z_1GIKHtVuAx-WWADUN1EOsidt300gbrPYIgoy12JBeKa6wkd5dB635GQqjW3HrBc8P8au3aJsSvSbbiA'),(173,'0206edadee0a14b0','fgum7I0cQJGFzxww2n6rAv:APA91bHnFkFAHbMxgO7KHwQI2lbh7M0ECBUtH4NeVekSJpNQo6mM2HbEg77s1lox5wYp9szHNtMiQaOgM0rNryMVHSfUXAhZnaZQ8kof0O8TUA-DuPZ_l_Lr05QCqidAlnFN_Qypa_c3'),(174,'0206edadee0a14b0','fgum7I0cQJGFzxww2n6rAv:APA91bHnFkFAHbMxgO7KHwQI2lbh7M0ECBUtH4NeVekSJpNQo6mM2HbEg77s1lox5wYp9szHNtMiQaOgM0rNryMVHSfUXAhZnaZQ8kof0O8TUA-DuPZ_l_Lr05QCqidAlnFN_Qypa_c3'),(175,'6bb5054dffceb038','cmBz27SJQ1agcUT5dkOy1g:APA91bGEijCZP16PWmKg2xqr9eLQ4VahhXVeorrlXQarJCn39sfo8DAhF_utPwuVBN60G8onIqPd7oe48-orDsXsj9N3mThLQmnhNSv96RvJqYyJLyIkjmzJOxfxJoQ_cUdhtY-5zOFI'),(176,'4edbaa7fd23db7f6','eja-z9OvTI6DlVEVC_aKrX:APA91bGysr9o8lZhMKu3MFuubrUELlxKqJw5U6GtQm4cN5Yo5UI_a6SBmh9tkOD1uq5Ng4026FztWSNdsoOKvrI2zijS_btXqOd9s4owSoZCLcoz5pCtzFq5lFT8P_4GtQZ90S7Z3GuS'),(177,'7928cffcd3c10092','fyvytVNeR--CRYPeDDe0vO:APA91bHDqvfHVL90pFyAp2sZjeTpcYSYziGzcochik_qPdFrHAmAAlu1mCCMePdng_yW39q1RV89lrJKXhQgetyFJF40JhYRfA8qu0r4eU9y94SReZSyJcISb0tUSS3qrwAmcTR8ZieW'),(178,'7928cffcd3c10092','f-crkPZTSxi8fyvALb06Zd:APA91bEeVQLXGbG6-KcH5HdTVl_QADIJtRl_E8fhxQ4Vdf_Q2uQyuvzaH3NOqcWqNXFYvFxQd-MAGuNeUB9LzLBH9BadpiI2pqIhU6JY3n6ggsBdu6SkWu_AEr6V2Y0ol0uZa3-lr2Zn'),(179,'a5f04bcd7138544b','f7-RicwvSayT84Yn0RHtwb:APA91bGhtTEe5mfu5wOK3cEbSeByRVmbNP4ivVb7cE5JZPuxj1sNnI1h2hORi2lECQeW8Up2Y_37mfTd1cdBEz-iSiFzwYTFDL3NNWzMgNOmmf9kzxaq0ty8t8QIIhAhb9CYKr3zm0g8'),(180,'a5f04bcd7138544b','f7-RicwvSayT84Yn0RHtwb:APA91bGhtTEe5mfu5wOK3cEbSeByRVmbNP4ivVb7cE5JZPuxj1sNnI1h2hORi2lECQeW8Up2Y_37mfTd1cdBEz-iSiFzwYTFDL3NNWzMgNOmmf9kzxaq0ty8t8QIIhAhb9CYKr3zm0g8'),(181,'a5f04bcd7138544b','f7-RicwvSayT84Yn0RHtwb:APA91bGhtTEe5mfu5wOK3cEbSeByRVmbNP4ivVb7cE5JZPuxj1sNnI1h2hORi2lECQeW8Up2Y_37mfTd1cdBEz-iSiFzwYTFDL3NNWzMgNOmmf9kzxaq0ty8t8QIIhAhb9CYKr3zm0g8'),(182,'9fd8705d61df02eb','cWoXYvxtRSCgolmuBWUf12:APA91bHO7RjH0-Ub2LnjAuPimpbniasSKed8BBdI4iBCisAXtcpgYg-GxhQuUkB5rorJ2fCCV4sBohxCd0ETO6QyrzFZb4gYaFo51Tx3uUZBtNCKFc8_8HMQnO1n_xmVXUebwPZLLTUB'),(183,'1c60992017a9a9b7','cRCQrt0oRYe-pZlUUKf4hG:APA91bF6b79rDTsPILuw9vlMjY_tNsaug-_AReNhfOZMcJgWOe0TpeVSU8Y0cJHx7WbPMEAPtRPSoCzCGtXdRGTZT2Qv2MF5THlkj91dR4qQ--i_SMMJmEumKsfncQ48aX2bazUXnfJx'),(184,'5dfc0a74325190ec','dj8E40uZRUyUdFf_qqIlnB:APA91bFXrxGOMQXx3T3AXiBLufRHctVBp1AJxDDoh55YNTZRtEpGkQKCxcwROiSOvsx--5rM-trjhXKP9WDbAbTUL4ykJH_KFuW3Wu7vy2xLoSQyqftnFSO0TwTrbZ8VLnZTwLNWEzOR'),(185,'f1b1cd2159ed5c32','do4uWFIdRbWw4qgxwkY6q6:APA91bEnnI5ItHjrQXam3jLTTssdpIub-CqDs6k4Njv1vlOo_SF678VZ5uH9BEdYoHnfQIJNBjxLFtTE2DJAHa1EBCjC5jc6Uv6HglxXMo1jdZOVoei3ohRrn3fFnK8ewYwMnUtOYJGW'),(186,'ef45ea298d5a6df8','ebUa46ILSCqfMbA0Ti70ng:APA91bFNzPAMpUeiN866blhPEzkVyWdoDCCqMDleRp-EQlR1u9hEqKjkg4s8Nn1IBjWnzFcOmUnWiUJLma-6vHg-JeDvxF9i6dvY_02m1yrqCFpz_fjent8NUW9hlvtcE44d6JJAem1I'),(187,'5bf83070d8fd1899','cTJhY3C1Rk-xqZC03SVQb3:APA91bFEELyUaL4Lu-CWAlPHfvxNIZGKw4oFOMc0tap7_qeR0hQD8jnlSqffJgY7aQVFILcmtoVW8yX919_F4z6UkDtfE24eU9SO0EQwcK3d4z_a3eLlsGmaHpzbqfkudK8Gs3efQdRP'),(188,'5bf83070d8fd1899','dO-6DJ9FTc64EzBo9pxdhZ:APA91bFo0orGXgPycvyPwfNzGE5htbs56IwHLGJAthrifmhAuKYZiyRYB8xxpTqij8hcdbc4nyt4B1pSw68WTx3c6PiYxdEoosxuClW4YPmyboO-c46So48uRDte11641IK0aZMC6Veo'),(189,'d89de95b6e558ae3','evSc-fnWS--qdi06aepCHm:APA91bEYCW76LLTz63EAi4CB_hWGqe8MOkZBP5lwGTwY_FIIO3mbWG111iaea8KP7t-iJZhJQHypqUgv4PYWdmtHwQrdCqUwVikQ5GeUaL6iUqzDTaoZeW6plhUoJ4Z31SfzqSr0DhzS'),(190,'7dfb39c5dd2a788f','d7ztbNi1TlikJzt6-3VSUA:APA91bG99XnC-IF8-oL3TuKocGpbrjgtsCm_LicG3IF2qkGlULlkzvdWGANZbfwRlE5U9edVkHQib0kfkiHgh0W_MlbJ70QTWToShMXShnNmyeNJWfcJCcP02DSZ-YIuIZtfae4YCkQl'),(191,'feefe0d6d8cbb5bd','caeAW7F7RVmdEQrxFfsJqc:APA91bHPwXehp_QkhHMdgaVSTcLUa-B4zeNFOQSzQFRRzhUyMiiiZ3R9LREuwyskTnkn33iu3K3DggXjkgLMD7C8qbH-fKAqvVfC4mynIm4oj4hol3sY4BsvnEFlFltEbbnDTnMlRh14'),(192,'feefe0d6d8cbb5bd','crY-QTBDRiWESnBEY2kEHg:APA91bEm9hqXIu8EtFSWCjgJz9qvyr82GRCS_jBRx5I7lHcgRLSYcFiJlSYprl10rbLGXlEpJ-tO6e8m1QzG1qN91RUAHxe6E5eHXfwaDIqr4vlqhvqbNkK9Cq0jrdizwSxsOfVeSIC2'),(193,'390b8d6b3dd77d77','ctPyTrneRy6DtBtq5P_-kK:APA91bEihkH3VoYcIoxs0psCwRozbbQx7gZJrGSz5JEloTzey9Q60E-Qz4zN7C25ueULHpgr1wVQO8z5DMRA97wR-Ng7FabMUHJvhzN_KQhMFXl4Qj-gv4a8dYeY_gXwl8A3CEysEpRb'),(194,'2f5763d96e63b051','cxuZm-pxTyWwysPONw-x-6:APA91bE29Mv2j_1IVTWz4OCcjp8EeOVK6ADvNdeSWesMmGN3zgSAEK4BwHNMILjY2MFuacsth8OLfHZpTgsvtYtK9rvc61cy5cso5FbeGuhkG6z0L7S5zcS7kKpIILcfwIKzEBtsEtdL'),(195,'b88a67275ece3bc8','eQjlQ-fGSw2Q43JiGRAy2B:APA91bGIzvKfMhixTS86CxoJ3cOlteDPUgzSwWVGmZIx5FZnxD5ubry4Jnv7uuwMo75kUrAVm9rGHa5DsjkT5hpR7Do5FufNq7ZuTo7wZ0mC3sL70FKTW7NXfG_t7DWgJ38rpvJiHtd0'),(196,'b88a67275ece3bc8','eQjlQ-fGSw2Q43JiGRAy2B:APA91bGIzvKfMhixTS86CxoJ3cOlteDPUgzSwWVGmZIx5FZnxD5ubry4Jnv7uuwMo75kUrAVm9rGHa5DsjkT5hpR7Do5FufNq7ZuTo7wZ0mC3sL70FKTW7NXfG_t7DWgJ38rpvJiHtd0'),(197,'b88a67275ece3bc8','eQjlQ-fGSw2Q43JiGRAy2B:APA91bGIzvKfMhixTS86CxoJ3cOlteDPUgzSwWVGmZIx5FZnxD5ubry4Jnv7uuwMo75kUrAVm9rGHa5DsjkT5hpR7Do5FufNq7ZuTo7wZ0mC3sL70FKTW7NXfG_t7DWgJ38rpvJiHtd0'),(198,'cb9caedaf91b3316','e96zSKHxTGK164XjBc_LeF:APA91bG_XMoE0Cq7yXlvmo84FGX-0Jaz9dSK90KyXQHZoImkiZdTgbWYWQ_NWHmh0mmXXojHi_KP0Sa3yBZL8jpMmZKe5mRS9_wr4hQQvlw6qGPkB4to-jbtS661BCZ4cNURd6tQZUBp'),(199,'cb9caedaf91b3316','db_M4h0rSs-kS2Eu7WpQHn:APA91bEVvqAFN41dRB4zd8BWWIT10wwEXH17986cGJAeWnCSw0X54iBM5RxRDKOOL-m8wymPm8CswawWG1EKBj05zEBy747lxjBFZEo7wVbvnLkggu9UtLNLXTcys0Q5-l0z_rTj7-lW'),(200,'0c408cb77decddfc','eMRHVHPcQ8Ost8k8xdjXYN:APA91bFEySzm-dLmW3TEKnZ-mYJX8sfmkQqWd644dgzmg8287wVDxuNyy45BKuRR8ejGcolwN0JUP2Guo6vzwcHwPOawE6nTt_qnfBH_iJwdDgzTHy_7G1hZpDMfY_PYvMmM7zeTSmyq'),(201,'de4b6088e45644cf','dDwzF6rxRjyVd6sGZIea90:APA91bHLDVU-xaL8RHpX104QZNikIMky6YmcqbhaVWLFB42GHKNA0oPRVwcpaYuaw_VGFv8fUej6hscUPWXjChlig07Eu9rLELky2QJ-upuOsp_EWrU2QRoPFo61Pj2vTzq-v5rER7eq'),(202,'45f83e887b42c9f7','cQ2sMsb3SAiWYmaPiK1x76:APA91bHlZVfGWSBVXhTZUaht9q42BXGF-GC-iLzXZJJyR6IOwZY7rpbUzUK4FazADQZGR2C27YWsj5Ly0EBqvivR8PeWkd6UCtM3vnKOXWfqtxymAUo8jZkw5jPBBh2cMN-Gce-tbxWH'),(203,'45f83e887b42c9f7','cQ2sMsb3SAiWYmaPiK1x76:APA91bHlZVfGWSBVXhTZUaht9q42BXGF-GC-iLzXZJJyR6IOwZY7rpbUzUK4FazADQZGR2C27YWsj5Ly0EBqvivR8PeWkd6UCtM3vnKOXWfqtxymAUo8jZkw5jPBBh2cMN-Gce-tbxWH'),(204,'45f83e887b42c9f7','cQ2sMsb3SAiWYmaPiK1x76:APA91bHlZVfGWSBVXhTZUaht9q42BXGF-GC-iLzXZJJyR6IOwZY7rpbUzUK4FazADQZGR2C27YWsj5Ly0EBqvivR8PeWkd6UCtM3vnKOXWfqtxymAUo8jZkw5jPBBh2cMN-Gce-tbxWH'),(205,'28888c920a443c0b','c5cd1mUsQ9K7nHQbCVlZ--:APA91bGA0de2J6diBbVp36YbIOu6_7Hnw3cuRt8DcC3aU_I19Bdq_XHaYqEyE5FE6sWdmC2twf3I_TEepKrq_WM9XMikMztBKYRht1UYwe5G0LnJ7zQ4ffuUyzZFvsidUYTFNkTYCOP6'),(206,'06b545056e4a307f','cpzdEK4gTRmfrD7u7DaUbp:APA91bFrNnFfwAZt7mnVKqEiNZNs_Q5JgVmb32LviH30TPAh9UbIPb3oystTbNqeh8L9CGzJmhXIJKN-TL4AuDOxhazWHSnAYwlKkctskkQMdBisXnURK9dI4nfBeeJqembc-eX8xh0L'),(207,'ebfc265957fa9ba5','ew-0xcamRJiD0tCYMZgFUd:APA91bEq7GZ-R-T4hJi5YyS6lF7qFttSfI4wjxDrHFeUnri15YHW9CiCAseO_njDRIFqENiLpBPnUuyYmC1ISvqsxFTZVt6E8ZNTi3inGZYQLql7R0b38A0LXxPGhdhyo1fY24DsjGVG'),(208,'ebfc265957fa9ba5','ew-0xcamRJiD0tCYMZgFUd:APA91bEq7GZ-R-T4hJi5YyS6lF7qFttSfI4wjxDrHFeUnri15YHW9CiCAseO_njDRIFqENiLpBPnUuyYmC1ISvqsxFTZVt6E8ZNTi3inGZYQLql7R0b38A0LXxPGhdhyo1fY24DsjGVG'),(209,'ebfc265957fa9ba5','ew-0xcamRJiD0tCYMZgFUd:APA91bEq7GZ-R-T4hJi5YyS6lF7qFttSfI4wjxDrHFeUnri15YHW9CiCAseO_njDRIFqENiLpBPnUuyYmC1ISvqsxFTZVt6E8ZNTi3inGZYQLql7R0b38A0LXxPGhdhyo1fY24DsjGVG'),(210,'8f064ceb079f6ddc','ez504bm5RxKFRNMXGXy_b1:APA91bEL9Z52-34E2aD5UluNSc8EUweY3BcUdb0iFEPSj4LONOxVi7WAVwh6Kb4IDansg7SmP3QLi-z3QpopiSOB5x5tohiGrkUpein5dyVmwQTcYlZ5XeIQxP5J9XAS2qa7Z4-B3xrM'),(211,'8f064ceb079f6ddc','eKGxrk2eR8KGZm6UxJ-4HN:APA91bFGyHCI6JbLhmsRJGNBxRK4TTEuEapyvyXAf9OLoLaTgmy_BsFm5ytY-_bZ93jOCe09GLlqxQy_1HmPmyaEHcl_F5xSqFIS0AN1T4UiaBNsEQbwLFGh1reOStCALQOl63G7-xvu'),(212,'8f064ceb079f6ddc','eKGxrk2eR8KGZm6UxJ-4HN:APA91bFGyHCI6JbLhmsRJGNBxRK4TTEuEapyvyXAf9OLoLaTgmy_BsFm5ytY-_bZ93jOCe09GLlqxQy_1HmPmyaEHcl_F5xSqFIS0AN1T4UiaBNsEQbwLFGh1reOStCALQOl63G7-xvu'),(213,'5cd5924f796cc44c','csAy5_nYQoaN8fR9K9gH-a:APA91bGKERJjEEvm7605vzi9vg-jCVbUMq8jikDjipBBY90-XpvSgPX90T9RyX073v1vQb127IXP2d6U8ux7hjlSitj5Q-heUPfDmqqRTFXy0_oEFfg4NfV9_MMYw3BR9rWBnYw5TtzG'),(214,'5cd5924f796cc44c','csAy5_nYQoaN8fR9K9gH-a:APA91bGKERJjEEvm7605vzi9vg-jCVbUMq8jikDjipBBY90-XpvSgPX90T9RyX073v1vQb127IXP2d6U8ux7hjlSitj5Q-heUPfDmqqRTFXy0_oEFfg4NfV9_MMYw3BR9rWBnYw5TtzG'),(215,'5cd5924f796cc44c','csAy5_nYQoaN8fR9K9gH-a:APA91bGKERJjEEvm7605vzi9vg-jCVbUMq8jikDjipBBY90-XpvSgPX90T9RyX073v1vQb127IXP2d6U8ux7hjlSitj5Q-heUPfDmqqRTFXy0_oEFfg4NfV9_MMYw3BR9rWBnYw5TtzG'),(216,'f9a2007084739378','dS3mGllKQAK7IXJnoLbXuF:APA91bFRscTrkPTLBU5-UI6btlny_FinjndZWb1hqG19HnVvqnHulfJ1EJYcxeser_B0eQ5gSU0Bo_FUY-mF790zvhw2r72jMKF-V1f1hnSrlGpk3yD-xE3eNbLrnzS0_ReiFdiBOJou'),(217,'2cb7c7cc640149b8','cWWIywy9QpSX5e45YHli0A:APA91bFB7cLT8UYlfzmJR7P0FIwhK9RMNRRToY-sBjM2b50YsY_TbYuWTXbnT5J2CfqeXnGCXRuJkgiJbztE6VV-6mVTDvtiKrpkDht6XJp8kpNzPPrQcWspUdYuChQitoKQfYm4IYyw'),(218,'2cb7c7cc640149b8','cev5JFIBT7qaQpY3jINAPM:APA91bF_CEJ9Q5Vnk0hX3kXEu1FI5HGU4zWTqV7NsHctbo5NZWhenOG_bY0VLOELJfJcTvhCSlQHlNWPy5du5c9T6rGtKZHVH_CQ9igCHdLX0urHVu_vW7HJJnzqYqxfj6OIdYhzCxrb'),(219,'2cb7c7cc640149b8','cev5JFIBT7qaQpY3jINAPM:APA91bF_CEJ9Q5Vnk0hX3kXEu1FI5HGU4zWTqV7NsHctbo5NZWhenOG_bY0VLOELJfJcTvhCSlQHlNWPy5du5c9T6rGtKZHVH_CQ9igCHdLX0urHVu_vW7HJJnzqYqxfj6OIdYhzCxrb'),(220,'b356f7952108d50a','dpdXbbxrQRePRdCIeP3k7M:APA91bFPGxCXF19RfqTMkEWm2dXMmQcVaLllGobc35Tq9drnnVApj7_-mJ8wz92FrZFNvyu66mEkMc7QxZXdvepuPY0yj1cbK4SahRwbCfdXCS-A6AMvIkwLS-qg6_AYfm98EKoS0i2-'),(221,'2073ae669ade7c13','c26MtcK0SCG-7sZbvauEkE:APA91bHkarPLMZe_b4ruJprvTXe2y8lpcgQ2Z_JVvf70_7bHGATmhBryo0WtiajDuwhDKg-HDTrJAIQTozmVKxYWpFS04FIwc0olwcjUzrEBaZJQglwG4W3h4jouN0-7F2SsY3O-87OA'),(222,'2073ae669ade7c13','c26MtcK0SCG-7sZbvauEkE:APA91bHkarPLMZe_b4ruJprvTXe2y8lpcgQ2Z_JVvf70_7bHGATmhBryo0WtiajDuwhDKg-HDTrJAIQTozmVKxYWpFS04FIwc0olwcjUzrEBaZJQglwG4W3h4jouN0-7F2SsY3O-87OA'),(223,'1ed73715ac24392a','e_jJQfhJSK2AwhXxXxhdaP:APA91bF0e886UvKqO-qIYVdCi7HyW1eqeUSOGNm7waMaX0bBHyIyEGqFrjVX8cAYZPIjY7Clq_7WsptQ6tMx_Q6BPCPmwIESDLgT2toU2VUy4WOF2zxPCtJ7IZlYHyup2GJ8TFr0fa0h'),(224,'9ded1b4a58bc7ef2','dN3o35CgQWeqbn43uKTv0J:APA91bHHn5neSqhAjFlrRkwBM1A9p2Mf9ns0gHeY5S6RRNWqpZAlMekyDOCJIXDDxBXUWiB3ELiR_IOnD-CE1eJTC2AMnveAc5_zwBM-soKn7IJVd_xANfcpzaCF0vydX_v44SSgMi-X'),(225,'9ded1b4a58bc7ef2','dm3mnxdBTHWf-fYG7mO8uy:APA91bFNy4zqbBrzBmSNStnaXJnQjaiXW1W93OS-6Wir-WxJvVfeY_VR8bDKhwXzEBqVE_JTwa-mVDhS0ptPDpztFARC8VqMGjhJt2KhjdyGZkJuf3qNUj_YtLK522LfGNrx0kwwJIQ5'),(226,'9ded1b4a58bc7ef2','dm3mnxdBTHWf-fYG7mO8uy:APA91bFNy4zqbBrzBmSNStnaXJnQjaiXW1W93OS-6Wir-WxJvVfeY_VR8bDKhwXzEBqVE_JTwa-mVDhS0ptPDpztFARC8VqMGjhJt2KhjdyGZkJuf3qNUj_YtLK522LfGNrx0kwwJIQ5'),(227,'839b199e7406c444','cRerF3bgROGfs-sLDrW664:APA91bE-r8ytqobeDzpQXYzVJYg3fmxJXWCmo3KKxeaBp528ewf2M_pLyuh993vAnpD_fT9b20zEjHi2vln3l3ajxgXa_93BSgJ1HIqZk5EbReSEA_OhVtoNRbYeUAZGQNdhqFjrrVu_'),(228,'839b199e7406c444','fVr-B7TKTgOKY6Ty6wls00:APA91bEgzlLxXhvnU4QAxFpUUJZz6IBa5sYNqimweYyFSx9a5YU9h26Ouo4__gBR5gXI8HzDx8lPXpdldsg6fVGAumSXI6NyzI76L6GUZOXgWc4eIXl6ZvO8C73uSerVnAvxP7-jHrod'),(229,'839b199e7406c444','fVr-B7TKTgOKY6Ty6wls00:APA91bEgzlLxXhvnU4QAxFpUUJZz6IBa5sYNqimweYyFSx9a5YU9h26Ouo4__gBR5gXI8HzDx8lPXpdldsg6fVGAumSXI6NyzI76L6GUZOXgWc4eIXl6ZvO8C73uSerVnAvxP7-jHrod'),(230,'21c20c7b3f6a536d','fMdnlBlnT_KbgUkk3o2fxZ:APA91bE4uL8rsbBLX16-Is0PGIf-okqqgZo_OMSSDrSwvUs5bWYbZMASmNT6HX4k2ztrlY13mSNpj_BjDLBEf4T9PiOY3PeyTc9pjTZTVMJ0zCgLup0HavoY-nvWnyJS0RDueudMGgrO'),(231,'951505b8d963fe06','fam_KMFBRNqcJG2SGeU_kj:APA91bH4v9fDqNkXqoAblTAGe2IzHn5k6D-M6H1pjcljL9kkyr0qrb85aiSd1UjUWZtwybT3eBZdLw8GB66_syOS6Js8Visgs6ZX3tgUxEpVG__Ie0H4JwZvHIgmdtE75ThSkqSgnJd-'),(232,'bac92d4b6507ac4e','clAj-Fw4RCSNTCKQpkBV29:APA91bEOee88u209wtiIZDtBwiIQfLFlSHIlsBr3SGY9z6hHXiCPOAM85FEIAtmS70ukpWLPLmlY3jd5WfH6mKMmLcVXxJ4r719bAlksMZ-CJMb35Go2c-d5wgAYdtEfDiAzQdHIsGxc'),(233,'bac92d4b6507ac4e','d7alNYKJQAKv6tGU8FwHzK:APA91bHRyxNcsQqIppitK70HN9XBFAxRuk-AjZa_jHWi0VGoa1MObz8M0wEG8o7o26hnvVEg-ocjlgt4zOC4YoykheeTOZX0y-F9CYJiSXPZmVtBUFO7kFDjhHZgHllusO39XRA3utvm'),(234,'51ae3de9554cf22d','cz0xF8owTLGWPej6YSwZ4w:APA91bEULN29GxKSwN1BZ2l9HOVXXmyc15MxWI-BvhDmoJgL8HlJyaE3BtwWd86eL8xTPD55uVfyAuYPkUIm27V7ro7QZl67idUA1328YlSk4vnN_g9uYDjW0Y0n986KkH2xHpvtvlrZ'),(235,'55bd9e33e0ba976a','cHpsBoYzRpG9NUhZsh_mxY:APA91bG1P2jaoM8cp08XCmxeDey-tI_9XICPtnc7swq6VhW0E0W0xhzvwP0qcQkJx5nrBkqa6zHnehyE1nSzxY-pDEpqUUKm6GgAEHIAxIY05WdM6vqnpxEWjTPK7XV7-Rpo8ir_u0iC'),(236,'b4a212e2f1ae0360','czeh-uZjRDSQI6MEl0Asxy:APA91bFTFJEjAIPCuihvrsge-AFIu88zvYN5RQC_8vmhgjVHEQl8TKVoB_1FriSS-Ee5GdUK43lkBgQuF2SMLs183qq3Em9surrPkWvQFnGKh5KRxSN7LI2NhOUPVeFE7erPpv2LtJIY'),(237,'b74b5a10c617a974','fC1WJZFNTZ2KctS834d9c3:APA91bGUWYRzUHBc8WFe_udgSLenpo8_-2pMAPJGoJzt2ZWjBIy7le1S4eolBJWZYds8kFASIu0heBgbMhielO3-BcD1Qrj_OTt-sK4xKyC8l2bafKHqV6KW8slD7fBA-dmI9D0RPUlS'),(238,'5dd8f80da82a3d15','csTkHXmRQm-8T9zwnonAET:APA91bFJrHewWA3nFayLHstZg7aNWPJLEEPvq2aYEwxcSq0HBY-xtcFVYMDK8TYS2sXSZp9uNehbKRPwtRv1f0h82TLgAaktJejp-jPBbbq3viF8Hp3tCz8Vc8Y5_R3mopFXNtUNO8mg'),(239,'1b5c83fd6bf00438','fFUHTlNQSLiJmnyqs8IoAs:APA91bFlQDxVz1Zqn1pEB7UU1pj6Yojlt3acrTJVGsdTRULoeNjK1UX-wEOOBp6wMJWncMhS1FeKSU7aktDA1A0LBiGJrBy1AzyYwAQHpdCpk_rYcv2ptJX_32UCztD5BSw8wSJSlP0D'),(240,'1b5c83fd6bf00438','fFUHTlNQSLiJmnyqs8IoAs:APA91bFlQDxVz1Zqn1pEB7UU1pj6Yojlt3acrTJVGsdTRULoeNjK1UX-wEOOBp6wMJWncMhS1FeKSU7aktDA1A0LBiGJrBy1AzyYwAQHpdCpk_rYcv2ptJX_32UCztD5BSw8wSJSlP0D'),(241,'1b5c83fd6bf00438','fFUHTlNQSLiJmnyqs8IoAs:APA91bFlQDxVz1Zqn1pEB7UU1pj6Yojlt3acrTJVGsdTRULoeNjK1UX-wEOOBp6wMJWncMhS1FeKSU7aktDA1A0LBiGJrBy1AzyYwAQHpdCpk_rYcv2ptJX_32UCztD5BSw8wSJSlP0D'),(242,'00afdac11400de29','cwBGZxhuTPaKPgsD7_uuPx:APA91bHBCxPAWyEHjoBZq97vd5qHq0n6gNAJ9zu18dcSwHwnvV9xOsCHfoJlFKJYDgob8vqkz0tj-2f9BWKMk44hh4ebwK17gflSYAXAKepWWgEdbADVj3ERGQKz7F5lpEaPF9ldeBPc'),(243,'00afdac11400de29','eHvZ0k_RSO2Fkexa3SDPp0:APA91bEFlpAaoe83l8S0zyybXEKBAPR2vYciXEAf39aADazxpdWiqNP6-J32KqWcH7k0PZEXynDwi-eHKNFAzpH0grkVvZLisjoA6Je22rx1Uk8xYVnjdK2S8QN-NmJfUhzwGc2H9gv2'),(244,'00afdac11400de29','eHvZ0k_RSO2Fkexa3SDPp0:APA91bEFlpAaoe83l8S0zyybXEKBAPR2vYciXEAf39aADazxpdWiqNP6-J32KqWcH7k0PZEXynDwi-eHKNFAzpH0grkVvZLisjoA6Je22rx1Uk8xYVnjdK2S8QN-NmJfUhzwGc2H9gv2'),(245,'88b82c0866919915','fKyo4OIWRq2KipQV7M8gSu:APA91bFsuDZKiIoIYYnpnECZEbVltaj6raQnlqZp7dY8KF1-Kty2RKBlh35Tx0HpaVe4oZzCRSA8e1HafRb-o8af1Qo9IXk2l3VUrV1Cwvd5ULskbYntkAzjbmvPoBQYzkzD5dXlt_Ab'),(246,'f1d78b621cfc2311','f-onhbn2TUarRlUVZHSUkS:APA91bFH2usL84xXAAXe1LF9YPcCLrhyNNy8TiLbQJPS-fZv1b6VJJAa6irui9tNNuhmaLTYl_mZ6faQQWseUt9lI1SbaP7tCubnx83B2IO6C_rPHMW57n_L3P97Vra_7y9gB6JIW7TY'),(247,'f1d78b621cfc2311','dAqKGUjMRK6PsBplSvIEqW:APA91bHrHW_kMC7-Sw79diHfjJ7JLro2_pYXjeK2vGLlOkXlMarbQyj4Tvx8g80wLrU2iiVazZBSjLwUKFhABimX3GMiT-h4TiJtQ_8phYri8w-SODOfMsztWBprByrT-fK6G5bxLZz8'),(248,'228830f1de9eb00f','dkcvdIifQluRUB63NppLqB:APA91bHqh8J2l58hVH9DajC8wVbXKTMoKM_TnQ-RPUtYBuyW6sbEGlTcYrbJTuggo35ZY1SJBd5IiKOJaz4GNYG0qV6OvsO8NN8NUjphQxfmnmsY6lNoMy06S9vuLy58YdCuSlR-gTB6'),(249,'228830f1de9eb00f','favQM34fRRmgxHMtzw3KjM:APA91bFMlBBiHX0JmzdspSuoMl9MUAVyn6mBCZHSOd-BALDnnCwZ0FJrv1HuRl2qAt0z7ewZJ9FwjabdnFsHI_8GXXvdx3CPZzyhlwLRFyBUTcEiEBF0w0YZO1ds7o69jwIc_mDzneyH'),(250,'a9884208df30cd59','dMhYMbo8QfORpvjsW2-Gaj:APA91bH8vSRJjLvfhkuZVfjckZx0ItdqPYOIOGpxwRE4t1xY5ZUR0T8iDacibF7C3qquB1hOpC6k6ppqSYvIn1OZLH3TepNzI5OFK-Wy6TMPdu-Lg_M2WeU7CJGpcno9fYMYGaHSIjI5'),(251,'fa36d2cd66e78606','eg4TeHT2Q_CCMTcw4P-oFV:APA91bEVkYmxRzFIHLAtdLqUpvEXU1C58YKEUK08pMwIQCzSiRngPjFuF8AYzVUx1p1gY2zOCmIBkc0uvelSB4AwzfXsTlUS_1J8rNTx1bb-01PiSxnqNiT2Rfc9ofShGKk9XrMsqamY'),(252,'ba8f6ac61f97bac2','fYuHpIYtStG6F0UAk5dT8g:APA91bFP6lQm3HSySfzzu8gGXdrfnpG-VFqOMaRlvrX-zvLo8C9OSow_Lox17gLApdtqL6ePPHAbrYJHRxGBriqyJy32LQaPAFDlWrBLNJZL-Go56nqnnYj_EUH9qIR9nuDXMcAZ2Gsr'),(253,'d18ff85dd051c8de','d7uuLIYkRxuFyNKZaRbuup:APA91bHJSv9C8W1iecBheOldClnSueSaLmSzgjjlJcDdMQXkS4vpmtb92n2710gfl1HxuKvDhyi8sDegaLM-tBidO9ggtJJYxxWA9kijLTBmx6OlSBMa3-n5MMGqA8b6OJUjB09d6oJH'),(254,'d18ff85dd051c8de','fz_GAdyPQGuUJoE_TB2Nn8:APA91bGl9qstcswfw0dc9g-M_6jX1EQB0-HI4ij-2_dzJaNqsMQjGOxeuTCtvUL65pggXFYEy-nILaegxjm44ux-SRe7H4kCR8d_6v6F2X1ZXlBjAnwcz1lsZSyr-bD5h6kvm7H27jDi'),(255,'d18ff85dd051c8de','fz_GAdyPQGuUJoE_TB2Nn8:APA91bGl9qstcswfw0dc9g-M_6jX1EQB0-HI4ij-2_dzJaNqsMQjGOxeuTCtvUL65pggXFYEy-nILaegxjm44ux-SRe7H4kCR8d_6v6F2X1ZXlBjAnwcz1lsZSyr-bD5h6kvm7H27jDi'),(256,'6899d03baad6aeaf','f7H_LJHqQzam29spmqX_A6:APA91bGQYYlpC_7tm8G0_RxxeUzWykuj30IBOK4SJYMLVvGzL_735-DAOEF51dbNBrQAhDu5EYy0L3FLGgeXGxCeVr5YMtd3e7ELBhfV98W_VFRrAildI3f9nfAkLApbcFTmSJhTmNbp'),(257,'6899d03baad6aeaf','f4zrm_AUSpG2CAkn_1_gc2:APA91bGU-pmIMBLqwr7t9l8jykiP6Ca_AwwjLJf1lsfmnakWgWTq79UPmWB6RDYF4NjDgM7p6obxzKhBZNTEu8aA9Rj5S1EOw3Ueu41hE17zB71mPa8xd2f4dLQoXJDQyVQjb6KV2Pvg'),(258,'6899d03baad6aeaf','f4zrm_AUSpG2CAkn_1_gc2:APA91bGU-pmIMBLqwr7t9l8jykiP6Ca_AwwjLJf1lsfmnakWgWTq79UPmWB6RDYF4NjDgM7p6obxzKhBZNTEu8aA9Rj5S1EOw3Ueu41hE17zB71mPa8xd2f4dLQoXJDQyVQjb6KV2Pvg'),(259,'1418d35a05ac2396','cJw2QbWhSwyOqzwg88Dt2-:APA91bGeJ7wCMus6AXDvVq5hpXexWgvG7qr7lA8a_Hd2Y54gHAJWJaq7QAQp4n9cf_kXF-kDwKl1wNBmWrQLTXRjiIAXm3VAujE_bwQF9JWBG9DwKliVP0AFL-v8_6A-_Xd6NEOLjHDK'),(260,'5b3e274c88647423','cTz332dDRUGjd8bX-9H1WM:APA91bGj-NzO0WiqppQd3QxlY-ol6m05ANtCZOLfurGX6no22Qaz6G5pbT_NofBAq4ijMppSKJgsE8cjbwHhs6xglz8fkK6ERAZPJUaikTzMYcmiWHl3UttNyucYcKeUcw0YbT8llGq4'),(261,'1303b41420b30391','f0oB81ocQr2doHC0mWb6jv:APA91bHfUHVcBzHXk1Oynx2_04dedQojZSO55630DLfkqpgLJ06wb0HPzMufEz2HdD8Z2-bSV1lmDC64M5__n0BhqkKApkO4O3fQfTYc5o1k37VpjbqKeKy8EhpscJmC0Bn3TzcINTYa'),(262,'c574ad31876166b4','f3IokYoeR82SliBPS-tu-o:APA91bGXDj4CfUzwjse8_mj3gACg9mucmsPeWcz8cl33IcC0tDzJb01qdOmcR17kdMWheLsGhOuQ3Q2nZVmAtkykZmTAqke1MiyRtqkGleS7Z0hVA5nxbax2B2rB-M6zHh4a4b3hRFYA'),(263,'1da4eb486f4dae62','c8S_QfR_SNmTbVd850ZlSM:APA91bH_bVLFveqO6JfkJ0prVWdJoa_5ESqUPGV5E-PH5LMf0U5ekmmCGiSmyqmRwaUI0hcljf5sakEPkP67oi_i1vFIv8z3Kmlzyqdm-qgLeeHiNMxMYKEBOFAlVxHQeiXGEboJqD8P'),(264,'add582a5a41ffef2','f4KQ_ZX6Qqq53olQ0ML5_h:APA91bHbzFnXzd4virS_XoE4Y3ZxI-iB2gZpP0QtHJr3PN5G6cJg2PbNj9xRfglzAo0GhWVx1qScTt0kxfgKttW5PUfBSmPlgLAnAEt49CngJSqs3eq_HwNpPIMbydntvoYS1VlW5aaw'),(265,'add582a5a41ffef2','dcXLLoJyT3O37N5kTS1F_N:APA91bGh9wYZv9FwwaBiXMTK75GfP8vzWFOqbb2aDOr7ug9e9g4Mxfrkf_gj3_BCrPQP8lCl5m6RnF2_MI0BKvB1Jk12kYSuhThh-b_FCt9g5_Zp9TjvEel3sM5BaMpEc5oGlUbrAe4j'),(266,'363bacd2270f46db','fgQA6WqFSke43Pv9Zofqdd:APA91bHt8nn-rtSLTfLq2NM4Ee0i_LFM6YOWAEMlP_4XiJSqF9IkeI6SJmhwR0n6MiZiOEcZwmTJtnbvuXrRq-SrGNiGAF_nzAr3EwElfwRXEhjSgC1e5qaEGZXeFaSFR2L-z2C9upsC'),(267,'064dc0112781e3e6','f6eNjwUnT529Dg4YB26XE2:APA91bGHKDrxRz9pfm7XrfyKqz37hJwNHCUo9xHAy1T_CFJRCjjRSVsehI4LdvffEaSWYU0V2jtTERgee4ucLbKt-C8sJrcCOnJVT22b-ZCg5hRHviWn_uwNqPJURIfS_5Pd5AcbrfXJ'),(268,'f1038f413aaba71d','euN610ABRh-dYtv0EYKH29:APA91bHLftv4zOMJhu48PF6jx8jXhcuEeICKI5b_GjOlfGm7qdSkVDcVLbVprx-_hJcxrf0U--93ZFLfTie7c10_WZC6yVLjda5fCsPOp7JM4xO3xoRcLIFPWzXG4o5r6yECjqz-KByu'),(269,'1cbd440bf6a3dfb7','dPKxZnLnQN-p0jwSYnLg-j:APA91bH20hBnxy2ParIRX3b4T7tz0BDXB9nUlUSw_W-ia7_zYNN1NfwZStzEHs9hD18oKimheAEm1NH2ECzgeXwfrFRzBECCsMHzI--P6GPQuvr-3-d-rBp_QLEMFPYosPVltDE3YUFH'),(270,'1cbd440bf6a3dfb7','eHLr3GLCSyKwwevt6SnNvb:APA91bEcVZWdZSh7n2-qT-5pIVDjVQGFyJ4rEyYqWbzfTecP4_VIZAX_hfji3RFNdgRBzmLoFIeIIlVonBlWPi1rpQ5hGo90tkDCmSL7k_aXzcgL37WcGxhueRyHeCfDWTYfhcJoiWBp'),(271,'7be794db6fbf8238','dcmvSMlDTS-HaxoH_spOnv:APA91bFi2immIjPOdr94K0KYufTpHloFyO2OGKCqRTN8n_AYo2B3eEoa72wfPYR0OaJSwrO_jG9zQ67sEsmdrk-bayiX3vu1Ufa6KsMmQmGzUGHvvQO7C8Xivc3P1YFxf6j9qDdsB6LY'),(272,'fe358ab2ec250e40','ftzL48TaQoeB0pNOyGo2kZ:APA91bG4O7B2BINdbx65WQtpRtYsYMrKh_vyp06qmRSvKB-F0IT_P3P1rC_DG8L9kv1aOGL1mGfluqO8qD4NF9Ugyaf7jKhishJCf6QFN2TOu1yNMG3A3HiD777iq_RROBHtePH5BuK4'),(273,'dc5b3bdb5b2aa307','ePyTcj1mTRKc2ypBncnulq:APA91bGRQDIuDJJ6ggdUvMmHhHckt4fx0b-c5GlQMhIInfWW0CTXCm4lTGKxKO5zOkI0TR6h3nEmsIWA-rzh1lKutWTZwLR8cZFPEFN_GwOxbwi_v_JR2UdDfZ6Gwhjo20IFt7VgB-Y3'),(274,'578db1e5eb9df0ad','eWdUxabITlGDVwvDQVjZwW:APA91bEXgdczfjtMl3VRVk0C2q1xh_suCRGSgeEwh3NKUtkPCuHqHO1eo2K0HDaSoKhGgh_1loW96CiuBoE4lJrPmO9sl8soGg7ADft6WvBZItetVLJ4YpfpkoKM1r-bbB0iz1KcVABB'),(275,'ccfa2c00b54bb293','eZBLeM5RRGqJT5AW7LFCc3:APA91bHtGB1zUDjKgnsUrpWrc1Z4wSwYJ1Jkd93ngioFlsvp_A-gStBeEvtHsv9JwQzCDz9zsSxDt4DcYgJ32ZmVYDYKwKkhJUdLT-FPsiQa7eV0uxQcC7dOgJ6XUEkct963jZsIdJb9'),(276,'ccfa2c00b54bb293','eZBLeM5RRGqJT5AW7LFCc3:APA91bHtGB1zUDjKgnsUrpWrc1Z4wSwYJ1Jkd93ngioFlsvp_A-gStBeEvtHsv9JwQzCDz9zsSxDt4DcYgJ32ZmVYDYKwKkhJUdLT-FPsiQa7eV0uxQcC7dOgJ6XUEkct963jZsIdJb9'),(277,'ccfa2c00b54bb293','eZBLeM5RRGqJT5AW7LFCc3:APA91bHtGB1zUDjKgnsUrpWrc1Z4wSwYJ1Jkd93ngioFlsvp_A-gStBeEvtHsv9JwQzCDz9zsSxDt4DcYgJ32ZmVYDYKwKkhJUdLT-FPsiQa7eV0uxQcC7dOgJ6XUEkct963jZsIdJb9'),(278,'5206f83bfba98c1d','d8stKGfBRzuepOzVzkGti4:APA91bEwUtX6Ap7CuxeJhHhtAHLC3tdd6ANqeGZAnkKs6fAarE5v0hc2DOzSVklZhCWsYBxRx2Dtp0hYtfGpRxp6uTN5EU89p2yYzhtuS9icKgfUC6aXzaC7i-DeCyLGcdpTYAVNusNf'),(279,'5206f83bfba98c1d','d8stKGfBRzuepOzVzkGti4:APA91bEwUtX6Ap7CuxeJhHhtAHLC3tdd6ANqeGZAnkKs6fAarE5v0hc2DOzSVklZhCWsYBxRx2Dtp0hYtfGpRxp6uTN5EU89p2yYzhtuS9icKgfUC6aXzaC7i-DeCyLGcdpTYAVNusNf'),(280,'5206f83bfba98c1d','d8stKGfBRzuepOzVzkGti4:APA91bEwUtX6Ap7CuxeJhHhtAHLC3tdd6ANqeGZAnkKs6fAarE5v0hc2DOzSVklZhCWsYBxRx2Dtp0hYtfGpRxp6uTN5EU89p2yYzhtuS9icKgfUC6aXzaC7i-DeCyLGcdpTYAVNusNf'),(281,'96b385f885b2fd43','eG2kc7sWRT24RkfWavrwGK:APA91bHn82mODy2oBHiSUHl-k1LVJBMWuz-FAshDRqNMUojUObMMOeMM0oJ1XeEPuX4w_QAfdn_pNm0BJj5yTeHGhMV1MnLGBSct5SWNDTPAtEiZJcKHHW232FlCLKyV5pvjmnBsUMY1'),(282,'8f33343965b42511','fK_qsZ-USwWtpV3JDeFWOA:APA91bEiVerjFc5GI_cYzV9DbYFj8ebOBHWbCoYb0EmRtwuDuunGB8RVW5wv1JDNwkt9qseG2XxgFj4FBTHZUUEhFIsigJixGkyuZAMRvuwbZyUjWPJW10YFF-DKXAUbBvz6SwCMPlg4'),(283,'60db361ad85721f6','f-kQMwBeQ2Kv10_Ooer0_D:APA91bHn4oEcjv7vpkgPSpooTB2fw6gRIQect-e7c2S9k1iVKtsmOFE5F61Ti9GJmmu3BpfK_9ckt6j6ROBCUUhcFYtDZwlm0IxVE0luYWiPiKHxEp7ECqmAHR6ATWGvwFtV3rgz1u6X'),(284,'c4cd093cea0de866','ebp92W0wThuJ-iGdQ8rrOm:APA91bGV2TtcTVuH1hmhlK1R9Rf2jnw2mmzKsO7gDR1u4OThFK8uXlS4FFOk02UoEyUN5vB6SnNyWwgxHKXLtGK21kn10HCUqx2M96hou41AJRWaGx1LZGrJsmRk8Vf5wNLfOEz0mNSI'),(285,'c4cd093cea0de866','dVAyuXu8SA6eTt2CWY6EOV:APA91bHWpyArOGTGRtfi7ifSurpDmDyU-E8GBp4HkOWBSmOrpgeYKDI3fvr9TUci9rJAKOSEl6tsYAudl1AuN0ncGKPIhe65olPdL62MIvI2maw56FfWDAXbPZg1D3QrxNRLoYnOWO5e'),(286,'4eafa1e093340dea','fAIv2ZMsQj21jo_d8W1ycE:APA91bHPXty3uwuXAEv1prRlqU-t49p_0P_6Z8t0Z1GODhEWEEEMm8TUGBC5pEvx44SmsJjQ7OGcWAgSCYtD4dppIalVjdl4xQQQ4l2pg-XSVASCRD6XNS7bdk_tQ5YmQzGnPXg7GoiZ'),(287,'5e643dc66bf164bb','fuG6y9aDSdCWtIXAAtJZhk:APA91bEpzOc8DfhqcAgD8rwx8P4Dfurdt3qdu-2Lr7uRm-kkUhvyUI_sOpH4Dmzn9JPs-F_sd2ol5szqzxjgt4LhgqDs-f48ZD9Qsg1gdEDEFutF3f-tL_9Hs3fQZ-OTBhwdapod8pcr'),(288,'5e643dc66bf164bb','f1C2wWQvRE2xmE3lIqfiU2:APA91bGYlsglbA1JNyMlXgbBsi7stYySrr9LuWejz6Esk5ke4WegurBYT1YI4AE60N4q_HRYr2y0TjC5BgEeqAsXmninUPFEhHfyfu_Mzv-r17yOzUaNKgKJAuNphsBiL_zLLqIu4Y0u'),(289,'96e67cfd8a64ae06','fWTA8mz_cm48e7lGYksVd4:APA91bHb3grg4TtFfNUTXA1aRqeen0QS0358qscDFXLlKxLgLRcaTuzlee4lqOe1FRDKXRCMvuRSFCO61bffQmaY_Q0HP5UKCstIan-o3DXJU05oDMI0c5xZ6bRDFeyoW2Lp_Jr3jKo5'),(290,'09b8d95be96137be','f5G8X-BWTAq9yh0rbOtOBr:APA91bG0KGmRpJl1ZhIjfEG7UiCeC6XBL4fUFLhKitKQlpyUF-7SfZaNYzX-NWzgp7lWbbagqyiSk0CDvK-VrqOKY5fp_CzyaFT-DZrN-8YNj9s0Lxf9KC_Ilj97fXh27DZYYunTa3Ff'),(291,'bfba8927539bcf70','cTsuWK9MSseb2_6Hyjsthu:APA91bEhBgPwlAL9ylg6VuM3f9EcYNqDCc_3zV_HGWlNme1FP6KgtPtHa6J45_bTmGPGxkY-5kLb8m0RgjZhK65fcpkpLOAVQCCY4hzcQqlzN6mh1TOuqjPXefmH1N_LPaQoceMNy-P7'),(292,'bfba8927539bcf70','cTsuWK9MSseb2_6Hyjsthu:APA91bEhBgPwlAL9ylg6VuM3f9EcYNqDCc_3zV_HGWlNme1FP6KgtPtHa6J45_bTmGPGxkY-5kLb8m0RgjZhK65fcpkpLOAVQCCY4hzcQqlzN6mh1TOuqjPXefmH1N_LPaQoceMNy-P7'),(293,'9ee3a2dc3b3f0a40','cRczyGRaZV6ZrJnumFRy4x:APA91bHDwI8Wr2E9UdQllB_l4xfFSplEvUg3NPdgadRup_0ywy6YW9pmb8zRTusV97rxaORdY_eZuTRdTy6Y5jNheOSS8VwuEEPI0s8lUmHkkFGjr8h2okW3zM0OyRpaJXIBYyxWmF1k'),(294,'9fc51053b5d6c94d','eNmIOffISZiDavC8VgswQO:APA91bF-S5hHlY2NCcbpU_BcSDulv0JYyz-Vl14vqJR3OzkhMNAxR3wHFBBsObceaiTQQ1sAJs363k1RhUPTaKltD04W6-vgbhJvscYmWytqkTJkB-FzbaqP7SUBKs5oibgr6bZDk11b'),(295,'12b3429f88547059','ewrG3AbGSo6NqE2D7hSz9e:APA91bHldm8mqnPmc15zigbVIoPUI7YHevrsO96VX9zxuMhpmLXA5LNKyMo2dyLWKi6N3TXDQf3DFwVlN0sS2UoGSRrZCZsSlBSQvYTVIbBQv7tl6rJAWOKCnKcDY1tz2V1rdJmOrFGC'),(296,'12b3429f88547059','cz2ikvZzRhKHPame33BAcP:APA91bHKTvOdVCIEbqSwBzWySeisyIjyuUTWlzMOmBETxhXrp68tUUj8qSDOQQtBTZ7mEq1TM8DxUR0mDuQDC9XVClMcvJE-B1re8a-E1fHRz58EcUEaJUpUjpj_Yq08wlbU-Z65daXA'),(297,'aeec88ae7fa24b3a','eE4NwmiVRjuZ6-ClhWYiiX:APA91bH4_CCE1C0Y9ugl4I2yKcwMRDQdFXpi4ds0T5JZyZe3BjF3ucMtdn4CDXo5MonaRS-hmQnS028HX7dX4v4QwXk6gMoiVPJQiwpQfOJ8rKjeFeyBxGQd8STXEylIc0HXKDuGfZc7'),(298,'d38064267ea340c1','fCerTqyjQKKnUgYJ38B-Wz:APA91bFWNaERxy00nWbh0ZKPGtrbMldgHyDdT13VqJkBW1SKwoR7W2i-IpGVcbJ3aW9Dxid4LtVV6EdVUv9E9P1MtpZABANfNFD53AygW2quXVx6HJ_UbvDu0usfbplN8eUX23BUqzBy'),(299,'057f7428a977f54d','dM37SzbxQOSLnZ6jvjcGZs:APA91bGpjWpbsvD51BpUT1UfXDsD1f7hqvkw5CIKXyUUodEZ9LeUDEGUfiE5b-NUKczyzn5Oo0n0PZZXnRbH28dcahFeAa31BGhS6UvqBURiN9kJPxkoNooJFvWPoQz6GxiFtpA6RsDk'),(300,'057f7428a977f54d','fBbp65IFQwiOsC4vMa6Zb7:APA91bFAKJj7-rsNjo67AUfw5q6mm2gMagu1d0Va97-7iVfBNuASxQ3EjS_7YTDTVLlFW5GAJadnaDLYg0sJsk4X3BJ_v12koPPJSQSiLykaf_1eUFu8-ehwwxhQaZRfmgaUV3M7VSGK'),(301,'057f7428a977f54d','fBbp65IFQwiOsC4vMa6Zb7:APA91bFAKJj7-rsNjo67AUfw5q6mm2gMagu1d0Va97-7iVfBNuASxQ3EjS_7YTDTVLlFW5GAJadnaDLYg0sJsk4X3BJ_v12koPPJSQSiLykaf_1eUFu8-ehwwxhQaZRfmgaUV3M7VSGK'),(302,'d72730e59064b91c','cLGJmvP0SyO6jm2RFvvpSu:APA91bF5bSWgV1AQJzdRAiDISlcOx1tewDAa2nhac3xZFFerQaeFIYItlS-DBHQ7BUsbPGsv9663MGA86ZHEPY7riV0AOt_Vm8H0W3nGqo_D2sJ4yNzSz_6AE4yFNxgj-b6fhajvkvib'),(303,'d72730e59064b91c','cLGJmvP0SyO6jm2RFvvpSu:APA91bF5bSWgV1AQJzdRAiDISlcOx1tewDAa2nhac3xZFFerQaeFIYItlS-DBHQ7BUsbPGsv9663MGA86ZHEPY7riV0AOt_Vm8H0W3nGqo_D2sJ4yNzSz_6AE4yFNxgj-b6fhajvkvib'),(304,'31682b8f623a2226','cxaYmujaQW2DDYQIYxBjWS:APA91bHaX-qsiSeZi7VCSjgBaHazObeFOps6yqv9fo4eDPVA73qP4ndJNXPzWatNwlnmhmaOa3Ah3EBMvJ3cksS30tM_uhrSdcPJcqV8iNlCY2uQn0Fv1lROOpefpiabpQgX8oB0yQmc'),(305,'8c036266221b969f','c_j395CFR4aDRnf7Pvik1L:APA91bF5qAht3wTtgBB56CSoWq-kegaBJh6U8pC2SsCl0f5--c56q-ns10wjXYRAOkVPmx303zc8PklQHeml8lJrGoWnAoCQ8WDpmOPltkI9kumikWZZzxHNTgPvii-KEvvU0DX7HxQc'),(306,'8c036266221b969f','fH13OTJIRbGumYqJlqpcRG:APA91bFkgwcFbAuPu6pGs2xLtYQBZOqIHsWf7JgPYGMQOW9nAQbSrRDvLz34pJJQlRSpLlbT7SKvoqgu_ZpcxRrmYOZ1c5QGpvKHDLcXIi578WxwSX3pBEGK0oXF5DMou66t2IssHpOC'),(307,'60678e99c8d1fbdf','cvhuERs5SQqNolbTofIs_D:APA91bG2a11gZjg7L4j7daBOmf9wpg6ljdjOb01bc49E5bANbGcv3EqrpMSaJq5qgz5vOyj-f25t8fRPf13Ikla3jtLeh8giKG_OuxERpHlNxVWsc60_Ll2TNl-Gp0bgZPYcQBFjbvVN'),(308,'60678e99c8d1fbdf','e6v9ru-nQ2WByFtIJPQvqE:APA91bFvX6CisFBv3CC_4XJc3bs1JYyQ2SmAFCJQVuWZNADGt-sY2TWUwKEUplg1YJyh1B9VGTrazLCA706BrFe6Aoj-1-JRAB3JvlElGyMo6Hrixcoc96NVJekQGYYzcBrtiw05lnS7'),(309,'60678e99c8d1fbdf','e6v9ru-nQ2WByFtIJPQvqE:APA91bFvX6CisFBv3CC_4XJc3bs1JYyQ2SmAFCJQVuWZNADGt-sY2TWUwKEUplg1YJyh1B9VGTrazLCA706BrFe6Aoj-1-JRAB3JvlElGyMo6Hrixcoc96NVJekQGYYzcBrtiw05lnS7'),(310,'b0604bcb97f7660d','eRFEgDiJQfGOst7haZJJ_5:APA91bFCboxZJvlTwC5mthhJie2J21SG5FLmymPYnBcvSsJfJ1axZq490LJPW-MIpjW_174CH8Q0rUyXNhKQYSZaTPkYKiWbJtv89BvQgKAdEsKkiKKb2wOYpLnP9fwYCut91iMiUcK1'),(311,'b0604bcb97f7660d','eRFEgDiJQfGOst7haZJJ_5:APA91bFCboxZJvlTwC5mthhJie2J21SG5FLmymPYnBcvSsJfJ1axZq490LJPW-MIpjW_174CH8Q0rUyXNhKQYSZaTPkYKiWbJtv89BvQgKAdEsKkiKKb2wOYpLnP9fwYCut91iMiUcK1'),(312,'b0604bcb97f7660d','eRFEgDiJQfGOst7haZJJ_5:APA91bFCboxZJvlTwC5mthhJie2J21SG5FLmymPYnBcvSsJfJ1axZq490LJPW-MIpjW_174CH8Q0rUyXNhKQYSZaTPkYKiWbJtv89BvQgKAdEsKkiKKb2wOYpLnP9fwYCut91iMiUcK1'),(313,'6959ae4ef2da83c3','f9Tw9wIHSD--qGjlixSyTA:APA91bGepAa7Ll6ryVoW3LtGIi7qhL0CRINavG37vQLkYCkKmNT3Qt2JNqcnQJnzZ7Vx04a1XLHE7jX_3NmawWqJbCjphpF5sjSaan2rBYNfBVMocA9GK8mSH1c3h7BOOL4vZXohOnXC'),(314,'091567caef7018ba','d6t9AlXfQPKKy4UHQ_TlHW:APA91bGBo4bMH-vzWpOEVYAGpZ5uNsRKBaAcjWdo-_rMzQo0DFByYPmxRNvoxEF1gkZ0uKNovqAwj4ExGPlnd00GX5Apbp_l-ERvvp235WIwUQ_VM5ZPGGxOk4fdANr1u2zruOzRdcKz'),(315,'091567caef7018ba','dAClVUsjT9qGZpoR0IMsO7:APA91bE6eN5c8EerU3nytX_OXJpu1cOp6n482dFu59eLi0E8WSw5BXJ3eWDNHyZeS6sSIqN8o8PAU-F71RyXdhq4BUGTkoDGV8hGnwOsxQbimG1i4SDvIB8qOoURpaY_xxasuoncP53M'),(316,'091567caef7018ba','dAClVUsjT9qGZpoR0IMsO7:APA91bE6eN5c8EerU3nytX_OXJpu1cOp6n482dFu59eLi0E8WSw5BXJ3eWDNHyZeS6sSIqN8o8PAU-F71RyXdhq4BUGTkoDGV8hGnwOsxQbimG1i4SDvIB8qOoURpaY_xxasuoncP53M'),(317,'63a860baf90a557f','dDGwyRH1QXuWmR0L7IxZU7:APA91bGMnqiTSrb9uVks89U0kJ1CLFDJTxT_WkxibCn7P-NRT52HmrEwLa4eHdOC2eHfbRp2FMG5MhA1OFQU66Pvt1-zlHK8-t1F77cS6XhSSC3kS6rvrgD_QmiOzdlTVNKv2qziM3so'),(318,'78ad35bec3c2f1c7','d1Yypr12Sc-kicajyLgnOH:APA91bHe7MUPrna2zoweko0FCiSfUbN8USqJuissIvHe0iZrE19Aq7l2Jd4IYFwOtdXnGhWHr76E5NUQowaBZ-zjWCymHLtc5heQP31PtxdmLcNsEiCSs4LmNclQUjxJYDqwHMayQdZt'),(319,'b61c7c60da277c60','e_pmhTv0Reu28CzubVmw0G:APA91bEuorxhkt3dLVlQJMpztdKsiLM5hoxfPpGFS3HLDsnjVRyx_I7kDDr3mdsOzCoonnKHUfNreu4h-0DCUrRnI7UnmG9_2fB6O7okYuAnFSldb9SNDUDWnhNxvATjFEmKUTGFzHlS'),(320,'a9c46ae45db597ff','fOEmJY-cQS69pt8yJljAT6:APA91bE2fxlVbOUgw308JmIG9T5dxxiFWP7PoueEaSTjE5yHxruarfEteq2CTl4TVuJFfcFOHqFQmNg3A_fcaQOwDih2NF5KHVdiEZNNux3aGgYhRkKv3HOXrr-N1WJSwFWcAmV-AXiZ'),(321,'1d54e2ccece8ef3c','e5WLCsaZQ6uI5CHgSjskt3:APA91bEpg4ZQkA5mfr_5Fk4CdHb5yWapgsODvArj2P5Bylfk2nbjyExXcU6WZIyXSm_FJL753OvHY2aBt2TRlFtMDgZ05VpQGWv-Ckc2BhZV-sZBpSxm7nlT_b5Wmz0fQq10mZ1AYLKv'),(322,'1d54e2ccece8ef3c','eEBB0b1RQOCu7PGSJ_0Zkg:APA91bH-K7GZFmzMJ103tV5VDxaIl27Dp7CauT48eo54q15h-FmYPW62jZTDzbRao8NjVrJpLCYVaOq2uq6sqePdmPWD59jr6yPXX_51vunf1rzZWBDpRn6449QywZJIBaDTrPEU3_SU'),(323,'1d54e2ccece8ef3c','eEBB0b1RQOCu7PGSJ_0Zkg:APA91bH-K7GZFmzMJ103tV5VDxaIl27Dp7CauT48eo54q15h-FmYPW62jZTDzbRao8NjVrJpLCYVaOq2uq6sqePdmPWD59jr6yPXX_51vunf1rzZWBDpRn6449QywZJIBaDTrPEU3_SU'),(324,'61aafb8e8beeb916','e5vTaqnlQOiO--YWMgBFYM:APA91bHibiC6PZCXdqtgTa1FdTZBgpm0bUaqcRoDvnuQadVYh_eq8LBmNFIg8dkpT94r_snJuZP9DFafR1-st22s9RliadrhJ9Cy7vGxofnHtwETn6YAKMlP736hh5LLQkMfdELma11H'),(325,'61aafb8e8beeb916','e5vTaqnlQOiO--YWMgBFYM:APA91bHibiC6PZCXdqtgTa1FdTZBgpm0bUaqcRoDvnuQadVYh_eq8LBmNFIg8dkpT94r_snJuZP9DFafR1-st22s9RliadrhJ9Cy7vGxofnHtwETn6YAKMlP736hh5LLQkMfdELma11H'),(326,'61aafb8e8beeb916','e5vTaqnlQOiO--YWMgBFYM:APA91bHibiC6PZCXdqtgTa1FdTZBgpm0bUaqcRoDvnuQadVYh_eq8LBmNFIg8dkpT94r_snJuZP9DFafR1-st22s9RliadrhJ9Cy7vGxofnHtwETn6YAKMlP736hh5LLQkMfdELma11H'),(327,'b52f83860d0e4732','cyebJdEUTF6VK95uaG3IPE:APA91bHgqJeKlpexdG_qTCr7Z9UdWQhffQBrBhhZPpewv_Tea0GkvtV09yzqIxFWRhogDeKCZGOSbaiBX5qjBvWlCEzwd2cyIutV8VabTw9z3CJYo4x-qBSIexOd49ybDp42KzReRe0Y'),(328,'b52f83860d0e4732','cHNGpR-gRU282ct4myrssC:APA91bFxMcsfiIAGUIpkhKEquUsp4Ze4vhYsocybBkjR2Mqfx1bmxbuDiVjnom4dNOW8pIdpXHqOlETG6lnG87TiHY7cba7Frcky83knC78xHe7vy4lCpbDzi19a9_C2ZZiMtRmGSdZU'),(329,'b52f83860d0e4732','cHNGpR-gRU282ct4myrssC:APA91bFxMcsfiIAGUIpkhKEquUsp4Ze4vhYsocybBkjR2Mqfx1bmxbuDiVjnom4dNOW8pIdpXHqOlETG6lnG87TiHY7cba7Frcky83knC78xHe7vy4lCpbDzi19a9_C2ZZiMtRmGSdZU'),(330,'ed1a3bbd07d4ecac','eG9tPy94RjKY3NyXfZW8X8:APA91bEH-6qjtfA7k5WLAAFiu30tmRPmbFkpOg3J-2636pVDd7pmfii4RRXC11M_eqC0ebqTC2jYyibibz9VaztB92w4Vy87SJ9ErtZsFYVlZt8iJntEputKDa-rYAxvEgCxXPnSHnIK'),(331,'ed1a3bbd07d4ecac','ffAQbwd8TYeyxj_JVkUNzp:APA91bH2K0cVuOeFoeuiphW1RZzUHCISDgv5_EiU6qzQnrVW8smuLrUVxTN93JvB6tR8E0uTcRHvm7aaFxWBmLva0AgEZhANvC8IKCmGHi3Cc2pXkpOaxMyWP5ABTcsHxLRkh1gH5km_'),(332,'99e06085431ea02a','fv4UIAMPSBi4klt9ZH1Vo8:APA91bGf8-voU9u87FsCm27IevQEDCIOPJHzqZ-ZZRSabEbAShePrtBwpUr2QY-Hn0TGQ5KkzKVZkwTe_b34-kc2H3oSOCoVu0zdZ4G-J5bQZS3IWSq6szcn_qBnUs7hbONscrq22vI_'),(333,'99e06085431ea02a','fFj1rV2vS02wkpUsnsC3w9:APA91bGjwsyrGeHDNllzPOXTGjx9668k7o0SV1qkF3ZeSltY2giPeeOIbf18RspWgl-IXZkRo2Hukaih31u_G3z8bkA-xPkdSXyA9J9WRJJBFIU6AJVvox5Or3kzKWs34l9oDFHm88LX'),(334,'08f6859efd9b546f','fwclfEIkQwiF7rTKQo5kjQ:APA91bFRGBnT6LyMP56rMb9RAdKqL3QYchGrmGZtbewFp0Ktllg2Pa8agRWe7gtf3FfMlIiDdEZ0PRxvoy1MBn7dUGGjX53S-1KeG57GkZ0bjSgk8LliZdDoffkTQRpI1A1WNkD0zZPb'),(335,'028aee858a52baa7','eIPVC42BS8KBpOiuZVJn4B:APA91bGe5Z6DjPj2r7zcwRaWeIeyMz7lDKAeCh_u1ND4LjNAGdTWgpQbTFsMJYg_cqyXBeaRBbMJgZL33oPGDeUGiRDk6BrEy7UNdKVmJ4A6v9sy_rULhrofuGc5XhAze_w9gltugb80'),(336,'028aee858a52baa7','eg2o-H4EQqSyEWdSQZUOlS:APA91bGHw3JQiHpYGDEoqZiB7BqBD65D9hFW6pVUZ1c_Qg6guC4lJ3mgoswpRdjm01XzmKGqZdTuAWxFvTYqy-R2cA-IRx-XcSVD5CxCaIuUBFqR7Kl35K5fT_YjPr7R4ApOXQHVu9ew'),(337,'028aee858a52baa7','eg2o-H4EQqSyEWdSQZUOlS:APA91bGHw3JQiHpYGDEoqZiB7BqBD65D9hFW6pVUZ1c_Qg6guC4lJ3mgoswpRdjm01XzmKGqZdTuAWxFvTYqy-R2cA-IRx-XcSVD5CxCaIuUBFqR7Kl35K5fT_YjPr7R4ApOXQHVu9ew'),(338,'62e3d2dbe4138bf3','cBj6VmPqQh2NRU5RQEmdog:APA91bHKaiCQ1UwrOfzWj1wxTqlqhJlRpNLeC5GxK2nnQN6RdutsmkTJEj33rHvLSndiPx_Q3Y-B3Im19_3QBkp-LzwDRz8-IWoi7wI5H6WNmg2asOgz1Cq-aXb4WV7XjOgHT6FoL4o4'),(339,'62e3d2dbe4138bf3','cBj6VmPqQh2NRU5RQEmdog:APA91bHKaiCQ1UwrOfzWj1wxTqlqhJlRpNLeC5GxK2nnQN6RdutsmkTJEj33rHvLSndiPx_Q3Y-B3Im19_3QBkp-LzwDRz8-IWoi7wI5H6WNmg2asOgz1Cq-aXb4WV7XjOgHT6FoL4o4'),(340,'62e3d2dbe4138bf3','cBj6VmPqQh2NRU5RQEmdog:APA91bHKaiCQ1UwrOfzWj1wxTqlqhJlRpNLeC5GxK2nnQN6RdutsmkTJEj33rHvLSndiPx_Q3Y-B3Im19_3QBkp-LzwDRz8-IWoi7wI5H6WNmg2asOgz1Cq-aXb4WV7XjOgHT6FoL4o4'),(341,'55d7d149221f6ff1','d2S0AmoEQeu32eUKsN2WIB:APA91bEUNe-WI124yDTClEG1c5XIfYeTKUjGgYQNBlHvRN6LM21OPaFv5UPAGz_bThO_CXk6VFTrh3x8erpCiyIpQYdoYd2z9BIWNzJUs6d5TC5TY6_IzS26st385WXQot82kGtFr7MZ'),(342,'a4927d6f8e9b0b2d','fNsIABcgS1Sglo7zQLDtjk:APA91bELyMJpxupbbkuDY2_EVEWUgcYPAROOW95Gvh6DeZPjuq4w9Ew1y5FNfg7ZMdJ7WcqlnCbD9iFiFWSfv6wBhAwOMdey1irkkx2H9rZkT6SYjwBayuWHF2IDnGkLu7aU27d5FGbm'),(343,'a4927d6f8e9b0b2d','fNsIABcgS1Sglo7zQLDtjk:APA91bELyMJpxupbbkuDY2_EVEWUgcYPAROOW95Gvh6DeZPjuq4w9Ew1y5FNfg7ZMdJ7WcqlnCbD9iFiFWSfv6wBhAwOMdey1irkkx2H9rZkT6SYjwBayuWHF2IDnGkLu7aU27d5FGbm'),(344,'a4927d6f8e9b0b2d','fNsIABcgS1Sglo7zQLDtjk:APA91bELyMJpxupbbkuDY2_EVEWUgcYPAROOW95Gvh6DeZPjuq4w9Ew1y5FNfg7ZMdJ7WcqlnCbD9iFiFWSfv6wBhAwOMdey1irkkx2H9rZkT6SYjwBayuWHF2IDnGkLu7aU27d5FGbm'),(345,'6d631b38cd8cfe98','cRtJMx9EQJGmwOXobmHhSu:APA91bGURF8zsTTEaz-yatpld5cmb8w-9tRV1rer2Cx9OiHzs0b9-rOpHYVnYAl0x0BPM7HAZRibVZMQ19yWaqX-SP5nEDAIAaJRCfNVSJz1t7le5UJIFCSjr2eIKNTAejNF-FBDHWiO'),(346,'6d631b38cd8cfe98','cRtJMx9EQJGmwOXobmHhSu:APA91bGURF8zsTTEaz-yatpld5cmb8w-9tRV1rer2Cx9OiHzs0b9-rOpHYVnYAl0x0BPM7HAZRibVZMQ19yWaqX-SP5nEDAIAaJRCfNVSJz1t7le5UJIFCSjr2eIKNTAejNF-FBDHWiO'),(347,'6d631b38cd8cfe98','cRtJMx9EQJGmwOXobmHhSu:APA91bGURF8zsTTEaz-yatpld5cmb8w-9tRV1rer2Cx9OiHzs0b9-rOpHYVnYAl0x0BPM7HAZRibVZMQ19yWaqX-SP5nEDAIAaJRCfNVSJz1t7le5UJIFCSjr2eIKNTAejNF-FBDHWiO'),(348,'13148cd259c59df8','fit6BUtdTuahIx9F2YV9Bd:APA91bHxp8h4K89-6cNOGXvKQ6uKvER0u6xqrleCtHcou2k1EIj_d4BWEubA7W7-Dx3lzrKlcowfVd7p4sw_alBd64K6WM6wTf3lqcFnP45kNS1zofy5UzEr3u_BEztR5bpgn0-t609M'),(349,'c4e20c518eeb6994','dRcOiU57Si2AZy-0ijJtF5:APA91bGTOwFNZkIDH861lDKxnfLQFaYOzlsHOuq4V-LVWn47AyRcpT6v_XKrnwZvFgl25NNSVdbhX9rI4Y_2TtmD9aJo6jif-DkRrESEhLtNqIHVI98wN-9w7FZiN8sB4J1PSdZa7G7k'),(350,'b6959d984528f204','f2cEAQIfQtCRx4-aWJ3hQ0:APA91bGWbdkeaAUs6y3OguaQ9GAWuNlHE3gHrhkXqhY9UWhnh-m6sNDQfg-DFvYKS4O6aWIJhiDdcTvNtAgD5Mx6BLzkHR7k9su1l12vSYt-KtOeZvjog28IPI8AeEl9z2cIsxIi3Q-y'),(351,'4c298bb916a77d59','c1EYG7fPSgu6TtOqACV3Da:APA91bFM1AOMgnrncFYRv4a0Zcpy5DMZAwQf7BSqs0t8bZT48wP3gmkTnRRY0kEE_MD0-X8FWDC4d5i1_ACWq2thade99MAKaMDBmO_lQLqnaI9gHPSvg7E4o_Y1w6kXxiQ5K1ZdW11f'),(352,'4c298bb916a77d59','c1EYG7fPSgu6TtOqACV3Da:APA91bFM1AOMgnrncFYRv4a0Zcpy5DMZAwQf7BSqs0t8bZT48wP3gmkTnRRY0kEE_MD0-X8FWDC4d5i1_ACWq2thade99MAKaMDBmO_lQLqnaI9gHPSvg7E4o_Y1w6kXxiQ5K1ZdW11f'),(353,'4c298bb916a77d59','c1EYG7fPSgu6TtOqACV3Da:APA91bFM1AOMgnrncFYRv4a0Zcpy5DMZAwQf7BSqs0t8bZT48wP3gmkTnRRY0kEE_MD0-X8FWDC4d5i1_ACWq2thade99MAKaMDBmO_lQLqnaI9gHPSvg7E4o_Y1w6kXxiQ5K1ZdW11f'),(354,'fa587349a7e20d8d','exS_QaQYScWKXiqv7Rr0n3:APA91bHnEO82zSa1dyifNOSS_hvZj0NgFO10qxfo4ZciAoprw-69Cb-b1m224c1PqAF3R4WLyI5oGFNvZuF14HteFXWJltac2msjpEqeu2qyy0mnahvP1cPqCq9GxnzIoq5uAL3zEM2U'),(355,'fa587349a7e20d8d','exS_QaQYScWKXiqv7Rr0n3:APA91bHnEO82zSa1dyifNOSS_hvZj0NgFO10qxfo4ZciAoprw-69Cb-b1m224c1PqAF3R4WLyI5oGFNvZuF14HteFXWJltac2msjpEqeu2qyy0mnahvP1cPqCq9GxnzIoq5uAL3zEM2U'),(356,'fa587349a7e20d8d','exS_QaQYScWKXiqv7Rr0n3:APA91bHnEO82zSa1dyifNOSS_hvZj0NgFO10qxfo4ZciAoprw-69Cb-b1m224c1PqAF3R4WLyI5oGFNvZuF14HteFXWJltac2msjpEqeu2qyy0mnahvP1cPqCq9GxnzIoq5uAL3zEM2U'),(357,'2d84d39ccf6acd35','cTrKYIpXR-WhMp-mqzS3wI:APA91bFo101zYC-bKLWOYrptL_y-SCXcWiz9herB7kuvGtXQDROSVWakuD1Q2AFrDJ6th9_G1d00r-q22JtlyUEgdV2EnSKwcKmO4o_utIOMeHGTNCPgpdyM4iWKQ3Lm2IRriqBPHqsg'),(358,'2d84d39ccf6acd35','civvclMbR7WRHurEsrPO4N:APA91bFvkLOm5wGq6_OqWgkuvKK2gPsQI-bk7JU9VT2JHIiblVR_Ea4ealmIQWoDQwYFi95zQBsnaSHEnABy4t4vzphjkQQa2izwZSTzuFAQCs1qXBTtAgzDa8HAedNNR9NgMhX7eJDd'),(359,'b62ec1c8e291d03e','c_Fw1n14S3agxbXjzf6adk:APA91bEOnv3863BWnoaJQYWXhMrCQiTc1RX31BiUKb02spqevdH0la9c4tQAvK4R9pEbTrOpGXCHr0-xJ16Mc3_jORP4mLIkuT3tO08rGrbxbpLBhV8hdXRKLHzBv3a7lmaKKlPOwWav'),(360,'352818dd6757682e','cFhGjjs-QzGGCAgFjaAsqd:APA91bGx96a_tPTWVzjbsgYZdm3vpr5XfUWu7Ez48idkGjjOgXhKd49-OiVC7Fb2Q-q_qvNlH6ClNE-pfeGhILeDI1rNa82-04WmQXFhj8vtxVzkGTQ-m8nevTEEYw2SX4kQTDnZIRSU'),(361,'352818dd6757682e','cFhGjjs-QzGGCAgFjaAsqd:APA91bGx96a_tPTWVzjbsgYZdm3vpr5XfUWu7Ez48idkGjjOgXhKd49-OiVC7Fb2Q-q_qvNlH6ClNE-pfeGhILeDI1rNa82-04WmQXFhj8vtxVzkGTQ-m8nevTEEYw2SX4kQTDnZIRSU'),(362,'4b4f87a566fd1c0b','fQrW9OPTR8qwhnAeIjJP3v:APA91bG-947VW6G7rHypdqVqIBN0MWWcGR6DMDrSgpg5R0c-nnR9S4DFwNIlLH7uGsk6LXnnmd4KNPvgZeFlW4o-GXncdE4vcbOrEbTT6d5sBm4ElZU9BG1rUzoj5rWm-A3Snfc0DcxI'),(363,'4b4f87a566fd1c0b','fQrW9OPTR8qwhnAeIjJP3v:APA91bG-947VW6G7rHypdqVqIBN0MWWcGR6DMDrSgpg5R0c-nnR9S4DFwNIlLH7uGsk6LXnnmd4KNPvgZeFlW4o-GXncdE4vcbOrEbTT6d5sBm4ElZU9BG1rUzoj5rWm-A3Snfc0DcxI'),(364,'4b4f87a566fd1c0b','fQrW9OPTR8qwhnAeIjJP3v:APA91bG-947VW6G7rHypdqVqIBN0MWWcGR6DMDrSgpg5R0c-nnR9S4DFwNIlLH7uGsk6LXnnmd4KNPvgZeFlW4o-GXncdE4vcbOrEbTT6d5sBm4ElZU9BG1rUzoj5rWm-A3Snfc0DcxI'),(365,'94354674336e07d2','e95pI8JDRqC1fUMrySK6Ea:APA91bEtNGacDvyAvo7qcELd9pP9kW0t4uX6tEofy8nIfHALePTFv7hmZKhIKGE9sLkNFBMKRJ_Xq3lKDzRGVfvXPrOHdwNbuDRWkSoVioFPoFo_oPV9SvozeSTtvkoOZsYoRVkqmphX'),(366,'94354674336e07d2','dZ953_YZQdabvmJyxV7YkM:APA91bGIrxUNcnGRMDhbn6jdnz5wH9qNt4IgxYgbcRIkCHaf1u6stZwDLIY0yEN6waGmc8wF03hAJhqrM1SMNGuBIThn-sw5L7p4zy8cYwhEUwl5M_J7WRC-cQALnEEj17RMQfMS4YUC'),(367,'94354674336e07d2','dZ953_YZQdabvmJyxV7YkM:APA91bGIrxUNcnGRMDhbn6jdnz5wH9qNt4IgxYgbcRIkCHaf1u6stZwDLIY0yEN6waGmc8wF03hAJhqrM1SMNGuBIThn-sw5L7p4zy8cYwhEUwl5M_J7WRC-cQALnEEj17RMQfMS4YUC'),(368,'2af5a511e5a2de4e','frG7EFDiRPaEE9VJheFDh4:APA91bG1uJAde6ZrJgp2VxjgrjHwrJO3-Kfymrl5K-w6qctivlLQzRdLifAgrscpJh7ERbAMldhfXSJ33kAYXQjcs5v7PoB6xWeCHjbqBQC1MklPEYaKvo7wuMuWZet8LmIUYeLb-NED'),(369,'270fa1d5b93b32c3','fJvHGCqOQYOCJTlvx45_co:APA91bEDcu5cI2-dI5SBkIGUoovETiXvRdKVkQpFkjpY8yVrXN76L_1agloakWhwjFnvQyPHYHx6RDWE3lL14VCF27f-MjB-b4NgVtki5m8yX1hIGnFtpU1QXtrV3vf6oumL_PiISQVO'),(370,'270fa1d5b93b32c3','dSn7EIdfSaWGec5SFeFDLs:APA91bFjLWkdwJ_x1WyqBDuIAw00aPxafHCkn3zVvcgtG3EBBPpSc0ksvPRK5Mc1OXoTsteqUOU246Oq4i6k6I-G6fxOVWWgfsZgywAyIkXVcZo1cARAb8gvAJyBCmlAASciZATH73MH'),(371,'b0531782d7797110','cXIqeN8-RaapWdNgjGZ0cL:APA91bHIP5id7EqnLRIAOmFsTasmpJO8hXLiWCsKYldn-5gcy_jLSXhojzyMl7TCFZ_mCeCv1IZ8egT8H6cRXF1COcYLkSxYwYK0MOFjTmijuHOIqd5pvzLevIuWvQckgDoIWnWawrTx'),(372,'7963531c95bc605b','f04ebu8OR5-GvnXDLd619Q:APA91bE_aOzfcD9mQAmbHGpw_R30mCfNE2Qmx5wgne4uudesN0KBNYPEt4i3z8HUp6JaCbUrvTm1EoD_6vRa42YfqPsMfJkO592XtHPPNMi8MxtwUptZCRUUjtIhhwAxrAo2EyAmbFAD'),(373,'cfe9648bd4297a95','eVFaXr3MQfua6DIqVkjprf:APA91bGSPMogLhN9k2D2t6ksRfyr2672mTfdev_e2tYAzhNeslGtMFp0P4mD5utL9MG_vJvH2Lne8BsbpSt4E4xdks0zAJARk-JifOxNk0syJ8u-CBpD3R5tpJqnr7cNFO9nLIPr4kx5'),(374,'cfe9648bd4297a95','eVFaXr3MQfua6DIqVkjprf:APA91bGSPMogLhN9k2D2t6ksRfyr2672mTfdev_e2tYAzhNeslGtMFp0P4mD5utL9MG_vJvH2Lne8BsbpSt4E4xdks0zAJARk-JifOxNk0syJ8u-CBpD3R5tpJqnr7cNFO9nLIPr4kx5'),(375,'63d70eff6b51e5d4','cmNg_DBNTluQszukrcsY9y:APA91bGcFGZ7i_4Zx_Sy8thoHKWSMkYX_3kxqSTUf43ZAXlrrJ1eHpkr9qhrmbAOYSANDMyGh9jWh6X84w46uvTS2mR7BY6JuTx9NQ3WNOm9igTe-ALuUah7dq1Ot6eybHdzOsaKWntK'),(376,'3815f731532a0f44','f0VoEyosSuG-uHrD_ahpMa:APA91bG6g5n7uvCKDYy0B8LyOEHi0MLqj1Obm9T0tOFeZk_9e58Uhs6cvCV9oWFmbnxxXFFVwXMNDHUU2Y-JYroJ70qlhmhCYTGz1Jx75yGpT8t5o6GqUGwbqcm8o2UbxZpO6TQqXLvc'),(377,'c8fca0b7d97ec0b1','dhTo_4NmTsqk7jYqDoTvKa:APA91bGKXJ3ydZd0-7pS1F9btXkQ-AUA2LcKeVHPmffPB2poBiwqIVaAAD_4r5WY_rSLMAlwYWQSxGKbOMrxzpp9uxYVn5O6weNReaeY2LogHRrKh2PyjnzoqARMBPiFPv6vEk39gn1G'),(378,'06dd8a4b6ae1dad0','fS4mrSJhSie20-2TgweBoa:APA91bEsq6tFHxSe5xdVl4060A8b_bFmU3PvvyyNhMnevEIsQXe_MtDbCxPtcZUA7v7xwYz0NQoPOtzCa0NrvXeuLPpHVTObPR6dDHwpnJ9AtcUhNJfv1K-h4sjp4vX6ztctOxise7Wu'),(379,'d9a9df36c1268769','fz1rhPNkQ4OoLrR2d6-lry:APA91bE0DyxdhqtT2MKtcT3F2mbblaLbHBSECLZ6MxLpZ1pryU1hwG1Erfr8G64uxVI8TQ2vhRcPA2xAmnA4y7lhrN1F-iglA9n1Qp-ECGYlCQjZyZGYkDacznMIZ7HcHy9iDYZuA1J9'),(380,'d9a9df36c1268769','cXr-rJZoQWGYAZduDMP62p:APA91bHWmrt5T8DWLPekjMJpMHya5merErpfu7NF7XwUr8OkIPcywkyW-Z6xJNtf1SCjEj3avw0ocbO3omdFaO_8Ja7fitEjW6zwkjG7Pgi360Ka5pga2SL6U2MVP37uQ96uA1nhweFy'),(381,'d9a9df36c1268769','cXr-rJZoQWGYAZduDMP62p:APA91bHWmrt5T8DWLPekjMJpMHya5merErpfu7NF7XwUr8OkIPcywkyW-Z6xJNtf1SCjEj3avw0ocbO3omdFaO_8Ja7fitEjW6zwkjG7Pgi360Ka5pga2SL6U2MVP37uQ96uA1nhweFy'),(382,'b47c737d7bdaa0cb','ckn49AEgRlqDZZiWQoFtfn:APA91bGYyoOFzBDL69zeMZqGMCvcDhGw5AtHINRuraXHqsob_a9bQkeGEqG-baEJ1Rd-_OKRV8rUusMtnO_KeZLY2JjmHucFs0sqz3FeYIX_0cGA_eqX1Got2beC1oeIT9mB-hQp-dtC'),(383,'50c140fda042f2f9','crUjKKVCRpqI2ka-8i7mhU:APA91bGeHBp_Ds6IY0AiSCdsYw_y_rAV8mOLiBv2lbO3D8gmeVjIAqAl5ZGgtc2DilDashDsiNBicb4iSwEm28Qqs3NMrKOyPC6EyNIB9viruYW688JXDo6vEJTJ23uMOhtosJn4RBw6'),(384,'50c140fda042f2f9','fsPmJp_wT46MiEaoMVJ115:APA91bHv4jBWJQ7uR5QMURQU4S6j9du93TiWKczhWOpMPkC9X8pnTNGISgDNG2JXvI6HfvMfHTdErXNfAcGTQqIDgOQ7JEn17ul8dirchO4ZotYZojU4qRADMfWxCsUK700Q63fl9HNP'),(385,'50c140fda042f2f9','fsPmJp_wT46MiEaoMVJ115:APA91bHv4jBWJQ7uR5QMURQU4S6j9du93TiWKczhWOpMPkC9X8pnTNGISgDNG2JXvI6HfvMfHTdErXNfAcGTQqIDgOQ7JEn17ul8dirchO4ZotYZojU4qRADMfWxCsUK700Q63fl9HNP'),(386,'7c6235b139a9f7e6','fz-gmy8-Rcqv1-z3K_v6g6:APA91bFkrSI2Oq8seWCNIq6f2zhEa8BqFMMlarAANtP69_W-97hY5OnLHQqqlLSx3L2TSG28zCeYOYQiZTQ9TrhGQYcFfEJSqE91-YEvashT-XcgE8_KFAVmaWoKPGWyYf-UC5kosSo9'),(387,'7c6235b139a9f7e6','fz-gmy8-Rcqv1-z3K_v6g6:APA91bFkrSI2Oq8seWCNIq6f2zhEa8BqFMMlarAANtP69_W-97hY5OnLHQqqlLSx3L2TSG28zCeYOYQiZTQ9TrhGQYcFfEJSqE91-YEvashT-XcgE8_KFAVmaWoKPGWyYf-UC5kosSo9'),(388,'9787957484d91548','eTcov_CCSTukk0dg6925pb:APA91bFuEUemGR6J-HQOkaY0Z4-aOIQ_pOlu3E3DvxE5dG5OtNMctpY6HabL-YqN2P1N60M3bbT9eKqdWEcXTq8Xzo98No3dI3Cg553MSWVj4BUqwe8o2lSPrZ65A_UqzLpFKqGYKyww'),(389,'ba2945d75607764d','f4yKGvi1Rrq45ymZRdgRWJ:APA91bHkqKGr6IUMmXnwHW6fJW8t2A7gKp5lxN8y55Kk5yP8FCcj5bTT4AMs61-ig-c7-a9nB_GoXi9Wm2_8lmFAfpMJ0DTYejG0dIyAAXVfNZOqWBH8YGW06TOdUB8XRy1taAGUpCmc'),(390,'ba2945d75607764d','cfdHpiBDRNinqj4AwcYNH1:APA91bFDo-AOEHA0r2lfkfMzkdYWJxXClkrYpVy6uCFS91iMRejzEEGdByG6uKvXTjr_l5lXT3GomO3RmumHdDFEOFhhmKhic5k9SDAX1ESUNrDvpX9YiV4MoP-R9_5sR7Y523UI7okg'),(391,'42661aa04e5026f7','c3GzauqRQMijutgsPKqE76:APA91bFACAPFwvzMlWivTREin7zLwM-RDzH1dtuJOxdcDLz-lEdw5DEgZ4GsERLtUZmnpPttEcbScV75zNHtWC54v11Q-4uFLJNiIquaKc-MyxBquiTS_bALf6NjFvoIAZO2eRHYty4M'),(392,'42661aa04e5026f7','cz8wrx9vQWqVika0lU9xro:APA91bFYz8XDGm67ls5366c2RlVgF7CRssl2uWaTndY868rVyb_-NnbQXEbTtnBgZ1CwnLxj5yn_do1wS0zyKbWIBXNSZxDR_1nKhtPIlXRpIFDb5k34c_oVawJIxwI22z_J1AeZ8Rws'),(393,'cf7f1d379f907250','dPu5hQfpQBSkSKtMeKWNEl:APA91bGStYQ3IuwW4ZZqODWD3ug4cs7Cusuus05SH5i0n_St8coan4o1onZyajzx84Tp5UYnBtXRVjsfo97WOK91C80atqM3VlNFcUlT6zZtSsjLkrbh0RUjfk-FPCAXgt21YKHmviIC'),(394,'cf7f1d379f907250','c6E-WqFdTka1wmacKUTNzI:APA91bH19v3Y6fwmLlnZUhAnUKQ9_VcriWul0jvwpD0eXLMctFyA-yTpxd_cxifTPJTZG4mt6XKkONZkyF9FBTFBsFtPkFyqL6TZqmsoDMe3goghO-socs1f0U8P_rqjCYzKwKpx_o8o'),(395,'254feeece6addf2e','ca5ASw0rStujSkVJJbhjp7:APA91bEZ2MMXoqZ7FmYtv7nFrvc2MXjdOQAZxSQRa9jr5oDQtYoFb4FEEXGfb9FAgkFcqxWLsGtGCGaNC5zfxPDrDvrTHBxW0CrOjQ6HCxxVEi7O02MdIom79yDPWS9Lai6U0JXTZo6j'),(396,'0e7a1110eeb30847','fNGWbTJ-Sw2eAZXxm1p7SN:APA91bEXX__z0mceoQDoi0JAQww3gs2ubyaBGrqHZ4I3dK5rDm-7SaaBfsEXiX9eVouYCmj_qgC9b5dtlEjVIdyp_a-O-bUTTh8haQYBbnhDco6vBeo8MaXAvBQiMvlY8miVZeUEl4b0'),(397,'206a211a8e63503b','e2KN1jDXTLGwX_TpJRn7NL:APA91bFDX0qoMGmdwjrWXh5Q1PD-CzRPMjx1H8TziRsoEQ14pT7XX5OMXMuXmULQmXrGeFjUVPYfhG1KXmK-CO-wRkZJ1W5qVsLjDy1lTjDXQxTe-qLQArC9YDdX7rVZpaP-nfHYASyt'),(398,'7da744f0baf0a7ec','emkoobJjQOmvtbPefkng9z:APA91bGGTU39yAELUMpgT4t8DMn-Qbf0qFuJNL2zfH4XrRSLf8jsqLXVZusrhy2kR5JglYmPVKPelWZ00flRn2wGspYZeT215FxxTa1456acZV2wD8pwpOpbOfohONJY_NMuk5XPwPbd'),(399,'7da744f0baf0a7ec','emkoobJjQOmvtbPefkng9z:APA91bGGTU39yAELUMpgT4t8DMn-Qbf0qFuJNL2zfH4XrRSLf8jsqLXVZusrhy2kR5JglYmPVKPelWZ00flRn2wGspYZeT215FxxTa1456acZV2wD8pwpOpbOfohONJY_NMuk5XPwPbd'),(400,'7da744f0baf0a7ec','emkoobJjQOmvtbPefkng9z:APA91bGGTU39yAELUMpgT4t8DMn-Qbf0qFuJNL2zfH4XrRSLf8jsqLXVZusrhy2kR5JglYmPVKPelWZ00flRn2wGspYZeT215FxxTa1456acZV2wD8pwpOpbOfohONJY_NMuk5XPwPbd'),(401,'acecabfb5960ae76','cNpQyq_uR8iOzIHRzQane3:APA91bHEE9k2_UHRHiinNb1SIFMZjo1Q8ySQcJ8bc2Cgf9YaMxdug2xG-x0QK_R6NRNvMYnXE1llc0sgUOcDKDSa76CbbJoTdquxRGcsEhCtFqgohbgtU0x6-t7jepCIHY9Q6-X8ySIN'),(402,'acecabfb5960ae76','eBNbAargQ1e-3wZp7ZOoIb:APA91bFTOAMw_gasHBTykq-ApmuBSZFryBTbVdDLcY6QPqkHUfivWVTqQ_0HRJg3lTBiEugavil5HE-lQn4SSqRpEZXOWJGpLJKmhy6W1ughkBtQ5jVGXB-ZpVyNmetas_P0eCqPuPHF'),(403,'acecabfb5960ae76','eBNbAargQ1e-3wZp7ZOoIb:APA91bFTOAMw_gasHBTykq-ApmuBSZFryBTbVdDLcY6QPqkHUfivWVTqQ_0HRJg3lTBiEugavil5HE-lQn4SSqRpEZXOWJGpLJKmhy6W1ughkBtQ5jVGXB-ZpVyNmetas_P0eCqPuPHF'),(404,'c9053eee744ec028','dkhCVmpiSHSsvksRjH4e3t:APA91bGxw0ZlFQlF5kbJOnWviDE5IrLIOenpPwM6pzPAK22nd4tpIW-CEI4GzjKhP7nXgG8J150q8GmdLdds_5_ZohqGFmwdTpFEspoC2mab6tstI4FKOA_GSmhAaHk-s_eCJT6iIdeY'),(405,'c9053eee744ec028','dsUWzmUETjWKSdc80GDNCf:APA91bHnkOQUz-HKdWmavD1ERhYlEac0xxx_LrK76dsXplQ5RfNSYdX3sZZu9vyz3MYkiU6yK3cA8y_8owlZyPqLPhu189J6YhsRlBJRYbkCy6XYnINCaKs7bF7sktVu30N3e-se2aAN'),(406,'f5776254be5c16f1','fa9E7wvASV62-Ub9RwzYl-:APA91bFjQL4xgJA8kPumgkxraO5iXXSZsEA_QlV5lVrBk9kNHbN8NCojAKg_sjqvVpsfAzw2eHNjKIIlcFVW19uzzrTXI08oXOTG2uobUt8fGMZmR-3P2YSUTmXhwmGthIq9MSFSNb_2'),(407,'f5776254be5c16f1','e2Sh7SxLTXeJ5Mnwms-b37:APA91bEDE7hU_bmqMWmiSjEXitTb8PcqqCJTtfFGWx4IN2-5-vXM5Oktax8dOpz-H5cMvKwltEDhABg4nQTEyFK68rdY90HD2hGM4i-5nuR1riA-GyPqD56XFaqLRyKg7P7Qm9h22xcf'),(408,'22f45a6cd3801b49','cRz68XqRT0ukP11wYkBDUB:APA91bHUkV5y35LUU1gpD2wD6wiedowgjzdxzE-7gS4jPwhauADBBqiDZ1OVzcxjjtigt18c_TgaQJCP2jppn1bNYrVr-JeW_rs9_VezD4e-aAsqAsTeQvdCIGW6HdGA06vPrJNI8R3U'),(409,'ce2d6545e433ad9e','cd_YYgj3ToWyVo58Y6hhGS:APA91bFkbFDK4XHgPU1-T9juoKXQEy10TMw7TJ5gleEMP8vfrAUIXJ814Wwc85MRHRh7IN2fyTiZ2tskbR15AkUraMQ3Z7BIcTwGfxVirLB9iHJ7tIG_ruFFsXlDO6NhTpkmlrde5uT9'),(410,'2ec720e8e4dbff1a','chvCH0DPRZKSvRHRWsUhDB:APA91bH862vS-_5pKRKajC_bzeeOcJ3Cw0a9ASIXcyWiaKT9j2sYTtZ0c2GbUASYPZNIODxnnfEg2RILydQIm5ihtNFApfbFm6aROdpNzDZ6N-zO-eGUqOc5nOxBca8pYN3rqvsJf2QX'),(411,'3ccc383d161d1ee0','cKJzPc7HRsaAUoZYNCjpFZ:APA91bH2wSplBxxTjLQx3DjGp9TS7Ihr-XSBsCwlyaInAPGbTFrThjXKXyxSbzwbdHILH9DmdzTZNOlDT2_oacvAhWTnjgRH7Zi00tgMLatQ15BG70y6IIcD97J5V0ktQFv9gHNcC92r'),(412,'eb6f91736fed21b1','d75N_I7_Rhi7I__-z9411v:APA91bHdJP1P-TSMIT9hxlACllE42fDegDW2qxX7ObC02k2exl6nluPmx5hFMj_R2Ao7OpFWVJ06wd-GyamNBBfmT-mWuqJj6kKI_1Q4rny-k_njHt6_pSAAZLd7dsYYMz9LJP8FYgIz'),(413,'eb6f91736fed21b1','eKMPpqCWQROAdKoYlSixZ1:APA91bFDkCx2azoOzwQAgPuf9jLuFd2Aqi6SK5mvy4wcved-cXSvqYZxfGqF1NPiJ75J3FZqInsBXgZMWxox7IVDY3Ov2VP2jc2F9qh88UgogT37-RfoDDq6hqikPwb_lbBUNaHDcKKM'),(414,'fa10c86bf06ea53d','fRbeKsavRxaZCT6nWpUvR8:APA91bHHc8j4BnMzM32_8me6KV9miE2UVg6IY5LV2m6Pz3MMHEOry-cupO4neByBXOkDgfHTB2qyS4GwtNNqT7OVZlUPIR-mmB5sbbPnhzbUT3MMSRKWnie6qvjxTEcGa6MhHgPYyXz7'),(415,'067fc969172b4172','ctDzUwOrRCW75DN0G9VJm0:APA91bHlx3W90xwozpvyO0xmqOYrFiY-fDUBv4XhjAZjIVqszCXBJCe6IfdZwiijztpo73Yvb9rcwfhm3MSiP3N5EFJ-JzC3kWtji7oSIYYGnvRH9_r6DDdYaL-4d53gucmUuB42Igbt'),(416,'067fc969172b4172','dgQYjyCJTbKkLxja8z_21U:APA91bFVvOjT0I0s1E_03s0VqUP9--ahgjvNJarBTnL7u0lKvjGkqkqz6RHxqx2NLH7uyGZeE3EtJ6uzCgLYnjHj0fnKCsuXlCHQKDCuJ5hHHfzTyUwq6_8OkpD6zyiII2wsLzRmiNBT'),(417,'4576f62cbc211e9c','dMI9M2HVRsW4iVregGOxOw:APA91bGlQApqpJgQoj78aLCFzGS5ooZDm5yJl_CkFhMUZBNbKWme6MiHABxUSLpcka8zUqnqMI-D66gBi8tiC88iKn-qFJpSVYdTIQyRQpd14tpIeLUP0KDq3LH-4zZzQx5_IFadZQtY'),(418,'73cc23a0e16c9d93','eOEwzwdWTGiKLv6lOSZXoI:APA91bF9jzQz1fUTZLB3H_oBPlRkq_I350sMR6SP00NRKGWX_acIXSPnRkrM0w-yJwVqQDywn7F_wLPjihwb1_kB7-RX7WjXJ6qKWzycz_SUcM7mOWMnkgWYLY2i7mI38QG4ZwhVl151'),(419,'ed99abc0272393c3','dQ9XnLkhTJm5ISRIaW77sk:APA91bHgPIBDUfK784uWw4lhQn_KpuSE9d6YSSIVYCiGVyNsKyjpGxFo1XB3Q95H5X38z6AopbNGnXxTh7Zeemvki6dzWNoZ5qDQhGoZiAs4F3Mo2ovoFOBOjg4sDJMqohhaoyP89vBF'),(420,'607816e2bc23aa8c','fEFnSxnwT9OyxPQcrwp07A:APA91bG1CkS9n-XbhTbGsRA1hxGGNhSjWlE0BhdDAeJPpCAjAkUaVvCYw5TBoOG67ax4xzarqPpeFYwjHMBVizXbUYO3ltdISy4bgyx06XNg3Rj17-QkpH9S8AMe4iGSHjYR11AjXBmF'),(421,'b08eaa7eb442c21a','cnBE3MlKS0GJlWrq2yyVBj:APA91bEppHKViKI7NK_0DvT5CiQBnBHjiRRbyIcStsUZ56PGXC6G7amZsdSQmTJBEAbQ8JZA4qTARzLE4wP97h-cmMPuPKfbzTmZAkOe7KQdkZPmzGVTMQsSvGRqGBFd9vM46Al8IsSu'),(422,'b08eaa7eb442c21a','dIsbmiLSQxuIiWqqsyZir1:APA91bGciIQpgNknlNydchF5maxg1MFL-BJ4wk6OjoRyYddhgXtC6-SvcMCdBqFxwpncGmneDY1s8YsQymXe4XHzwbKUkCdvhHD0Vk5XgIxSrYn8ROb9Ik0f67gt__1BnIduHAUqokig'),(423,'b08eaa7eb442c21a','dIsbmiLSQxuIiWqqsyZir1:APA91bGciIQpgNknlNydchF5maxg1MFL-BJ4wk6OjoRyYddhgXtC6-SvcMCdBqFxwpncGmneDY1s8YsQymXe4XHzwbKUkCdvhHD0Vk5XgIxSrYn8ROb9Ik0f67gt__1BnIduHAUqokig'),(424,'47b0f2d3a4fedb22','eXp-uYrXSfmKLIuEPtZT-I:APA91bEDTR-HoNoAzZEp6KOQ3jyYHfORVqHez8bSfpoKY-22B7uU3axk7ekTkCFslcRM36l8k-DREGE9kX7YI4urYzmJYKvAzune10kroyIcsjVl2XciiIaFl_9On5NaLqVtUr8nvX0D'),(425,'3f9e99c64f1e4cd7','dwowSCIbQMyHbQ7yktDWfx:APA91bHk5wzFw3lwp75PpjPTaM_3MnkNZFpfkDHvzMoqYLZDqXa5fD3pLYSQZjDJjNnle9JJG1_uXmXFpY4nfwmQNg9sRMgyUXnFb_EOUmOYGwfQNE3rRp8n5GmnSWeg2qYjE-YMu3dU'),(426,'05054e90bda3027a','cCLMZNLTSfG_mDp1J5GpNX:APA91bEiZyP1mPMgUDO1FsmOHHvMoP_lZS0m57AWfhFe97UfUJQyFCdCdGMXf2w1fDtyUjbg2XuOc_jYu9VADozP4mEznLkg5BUw6cWxyZu0zqMvWUNxtr73yKNUDmVdz2z2TooJsuJV'),(427,'369cffd673997b02','dX1IPpgxSnqUkjrZ4ov8Ml:APA91bH2pkHdu7qnSKVeg0hZxfsYW7C55RNSRapsBEYCaEIt0gsnAzzEj5MdUvEFSCZwYQjZxeXuHH9dmipGO0jPt3wWEqCPXOd5T9d-DfCWZpD2QdIn75XrkiTaR89E5X70uADg8mIB'),(428,'1c2518f468758e50','eQggWBCoSJyakjvRYi7k4d:APA91bHO7hv9qaT0ZQPgazFYrlJ2-tSfRxk6U2rYkGQvzUxodOU-_NGa2fPKXzzpMvHkfKSYXt5o44kRnxBud5neqZNI70mqPFqWVqUDa03PSKR-F1brMdgdoUdC9OTdjFnX23OTz68E'),(429,'1c2518f468758e50','eQggWBCoSJyakjvRYi7k4d:APA91bHO7hv9qaT0ZQPgazFYrlJ2-tSfRxk6U2rYkGQvzUxodOU-_NGa2fPKXzzpMvHkfKSYXt5o44kRnxBud5neqZNI70mqPFqWVqUDa03PSKR-F1brMdgdoUdC9OTdjFnX23OTz68E'),(430,'1c2518f468758e50','eQggWBCoSJyakjvRYi7k4d:APA91bHO7hv9qaT0ZQPgazFYrlJ2-tSfRxk6U2rYkGQvzUxodOU-_NGa2fPKXzzpMvHkfKSYXt5o44kRnxBud5neqZNI70mqPFqWVqUDa03PSKR-F1brMdgdoUdC9OTdjFnX23OTz68E'),(431,'b831cc416b583d8d','fuFb52K3QdOUJH7gV9OUG4:APA91bE8Phb6hP2AUYuFiEKCUnbqhFbpUNj5gGp6admoHADwP1Ut8Rb1eMiqD_L2zOEXDm8J-jhLVQYgCLaRwBDl2KhWuZeWVtOS6FWeo-Q8LqL_x26uhYxqIXc068nDGybLw20KpM5X'),(432,'14a1d44136e98414','d0GXBwizR9W-wT7B9XbndJ:APA91bFs92nYaXmIt5SBFbnItuGW1pMmvfnWeSIvf1eneBPhFEv3PYSq1XR96Czxkt-yFvOIKzod5WP5rFGj6vhnBHeMcgs6lvcNW9XJGyrQtm0pGrMlUiKuvzdmhB40E3mMBjfkwBlp'),(433,'b89b43955beeac13','db8SQrGMS2S6RVXEvHTr4R:APA91bH0x9frjwOogOuJ3V9dk2m2pcstFH4xu6HreLGrQVXz5lbqONBIAV_mfqCIQ6D4_KhFHcFTue_h_RcLqR_4-nQINMl37FbzZFiju9FlqgBjMwDs73-YqJU-XXTUnKNam3s-vya5'),(434,'cde63f513441ec81','dzkiQEFGQCW3tgR1w0q6I3:APA91bENzuoJfNCLnyVhLfst-xxZCpO4A7foxBfDQgKLgGkhTyI6Nth3O5ODSJ_ZauSPv8wN7-VvfUaiwU_MirAENnNNeoMmGDrU7DqBH2jOG2a9BU-N-uL6GUe_UWNSkh2LAc4dN0sP'),(435,'e331e2dcad1ba924','dMugs8O1SZi7zpGvWupChk:APA91bHSK0WtlN5Crk_8hvx0yc8qmEGDbabmvatptPaiZ4AnjbGvlMg5UvkmiacupBV9vziF255275O9MTufB2zjrHwu2tPa136eP5z5q5XUiXZ1bd0nx1ELcm4KZATHbIE6A4BaSySJ'),(436,'e331e2dcad1ba924','dMugs8O1SZi7zpGvWupChk:APA91bHSK0WtlN5Crk_8hvx0yc8qmEGDbabmvatptPaiZ4AnjbGvlMg5UvkmiacupBV9vziF255275O9MTufB2zjrHwu2tPa136eP5z5q5XUiXZ1bd0nx1ELcm4KZATHbIE6A4BaSySJ'),(437,'e331e2dcad1ba924','dMugs8O1SZi7zpGvWupChk:APA91bHSK0WtlN5Crk_8hvx0yc8qmEGDbabmvatptPaiZ4AnjbGvlMg5UvkmiacupBV9vziF255275O9MTufB2zjrHwu2tPa136eP5z5q5XUiXZ1bd0nx1ELcm4KZATHbIE6A4BaSySJ'),(438,'e891c7e27820d429','e1tGDpu2R4W_FgeLf5ukRj:APA91bGjMF4wjK555z0maWddByHJm7HsRmjEbBLv8Hr9ggieGK2CGNNEXMdLzMBKKzsRSOfmlSp6bguqzmCJBMSyD4iwZkqMsX6jGrUjNkmRhbriXH7hHhHnVkpq851872jXmUbwEDXp'),(439,'12cd0102b1b98807','e3SXljQcTEuIQbCKkvz7BG:APA91bHWQpXA-FeWXocwivldGXbYeIX7hMM_Z-hM_DDHyw2K0j0d9iVotH1LdJw2IHpcn_I0RU2ndcK541BOCZQxjYfwW2Lp7G0J0PHhQw41Jb-MiseOpTPpb81ECmcNFcyGi4FjNQze'),(440,'12cd0102b1b98807','czq5oROcRm2SDoj1MN4Qft:APA91bEqp77fMGhv9QZKOtpan6syaJ_BnDazqzVt06huoT9SLHWPWMva_qJixfHuvmh2mSTgP-LCxkJyiHmorFd4VkQVzyq4x8pYZC5PSVSt_V815RymQiMAGHnQ1glK0Z0X5y5Z2tBk'),(441,'12cd0102b1b98807','czq5oROcRm2SDoj1MN4Qft:APA91bEqp77fMGhv9QZKOtpan6syaJ_BnDazqzVt06huoT9SLHWPWMva_qJixfHuvmh2mSTgP-LCxkJyiHmorFd4VkQVzyq4x8pYZC5PSVSt_V815RymQiMAGHnQ1glK0Z0X5y5Z2tBk'),(442,'8626698473d552c2','cczBHtV5QN2DE8sUtgiJXe:APA91bEjHg8CygLMttK2KPtqrmTwVUO6caXhIHKUUR7mXpnYf_zAsT3zDV9cwqMCgYW_QeGoMiuUKRTtg8f8Xc6BGuv0aeKjHZHCgwXmAPXzJncDX_ZF7NA7ahVtD4BI6Hbcyi_k0JRw'),(443,'a2709ce65bfe50a2','eZQ-qk3VR8C1_ooT4rARKk:APA91bERSIdVhFMjJPlWxxJVQBjragOmBCb22ZF86BVFWRH7DjhStsSFEJ3gs314ClCabh_3BVftVXj_KyxgWg6GWduCQEiRZfQYbKua14CBfv3ceoc847Q0iJnlUDnGewEw-ePxfW--'),(444,'0f1a4984f4028df9','ejG0ffAUS3a8OdvosU-_bm:APA91bFyR-puxniqr6hohiMHs1Y-fCl6kcdzoac6sxQM4Q1joc-ac2WByZ1xzk6DWRhMGuuTJVPc5xsW4tBh4OUkYqNutwJ812r4LX9Bc2VemoaAA2lXdGmJys1vyZuMRx444HhERvIN'),(445,'0f1a4984f4028df9','ejG0ffAUS3a8OdvosU-_bm:APA91bFyR-puxniqr6hohiMHs1Y-fCl6kcdzoac6sxQM4Q1joc-ac2WByZ1xzk6DWRhMGuuTJVPc5xsW4tBh4OUkYqNutwJ812r4LX9Bc2VemoaAA2lXdGmJys1vyZuMRx444HhERvIN'),(446,'0f1a4984f4028df9','ejG0ffAUS3a8OdvosU-_bm:APA91bFyR-puxniqr6hohiMHs1Y-fCl6kcdzoac6sxQM4Q1joc-ac2WByZ1xzk6DWRhMGuuTJVPc5xsW4tBh4OUkYqNutwJ812r4LX9Bc2VemoaAA2lXdGmJys1vyZuMRx444HhERvIN'),(447,'1131111d57848239','fRPIZTXKQeWU4hgvbhj5Pl:APA91bH-xjRofe0YqtDO9irG_pwxH8blHoqTiZzn16GoADi1yyUIIXhh2xaBUenegy9fjHruJSqfP4I_wdxr42EhsSbJbjs4TbZTrJD22SFKA7Ybtcfz4SjBfdOrCXtA_ltrKgTJt92x'),(448,'9ac0b8856f8b7a8d','e9JA46FaQoaOpQYU9K8ivl:APA91bGeAbCWAdzxTqAoYiLbYqSH8JFfISrCOsP8ngYe-fenoIdhZx7uAjr6QJOBmcyDtU2HGv9W4GNkCVkiMn5by1S23BxP6bwI8yQoFKEPR2czDsW1Nob9FVb43pvJ1fjQvVva5S3F'),(449,'9ac0b8856f8b7a8d','e9JA46FaQoaOpQYU9K8ivl:APA91bGeAbCWAdzxTqAoYiLbYqSH8JFfISrCOsP8ngYe-fenoIdhZx7uAjr6QJOBmcyDtU2HGv9W4GNkCVkiMn5by1S23BxP6bwI8yQoFKEPR2czDsW1Nob9FVb43pvJ1fjQvVva5S3F'),(450,'9ac0b8856f8b7a8d','e9JA46FaQoaOpQYU9K8ivl:APA91bGeAbCWAdzxTqAoYiLbYqSH8JFfISrCOsP8ngYe-fenoIdhZx7uAjr6QJOBmcyDtU2HGv9W4GNkCVkiMn5by1S23BxP6bwI8yQoFKEPR2czDsW1Nob9FVb43pvJ1fjQvVva5S3F'),(451,'c83dbe72f4832e8b','e-aIdnnxQmqWKGV6AdCFT9:APA91bEaIqfDXnGTvQqPvM72FInwzqf91GeUpQlrgp9VG9IDAOOoeH7KFNhcwpTdA6nnY_UUbfAQV20HjPXTwQbZNnkpbR2xtixS6Srk9NqjU--Qdt5y89tIFt9UK3ZDCofCm7Xmbk77'),(452,'b83c9903037504b8','dNhdnm3PQfOooGhtbYIuER:APA91bFsX8GHWFFdW7sbGipf8CSly5XLd4yZdoHsn6u9uog4yqTCt3W1KkTBL2XrZtommKqQHykSXQmM7E-HKiBmX2Teogql9VSZdp2eQWjmI7A-y1FZWBJDtGXgsWop6UN9VspGI29h'),(453,'16220f9639a015fb','ejGzvX-dSUi-mNKY5-yG3I:APA91bGuvtvwrcV_TOCR0vocGxEqjUBGDrgwGc2mhcXfJ7IQQ-fAvJAYu6bCSb6eqRYfJPQcVz0g27TIFuihg-geXpqGBXGhVlKoP1kTGWqKQqN0x7oEMyCwlAOe5gktsFFco2dEwonp'),(454,'16220f9639a015fb','cpKWwxCPSV6HR56WQUBYSE:APA91bE_dBIYBvFTiRqGRqzX5epDwy_7oNTgb_p_etupm6teGYd9VkCt-ATx62DO-Uxm4gUUWw00naX654kqtcKzyIXgVkUSQgeWhC-2c0eWX9geqAnFN6wgK-afW_ehO6HJ11km5Ot3'),(455,'16220f9639a015fb','cpKWwxCPSV6HR56WQUBYSE:APA91bE_dBIYBvFTiRqGRqzX5epDwy_7oNTgb_p_etupm6teGYd9VkCt-ATx62DO-Uxm4gUUWw00naX654kqtcKzyIXgVkUSQgeWhC-2c0eWX9geqAnFN6wgK-afW_ehO6HJ11km5Ot3'),(456,'ee377906425fd912','dTi4WHfySweKWLjBeSYKl1:APA91bEGOxFYV8lZqGglMLyRupiCUKqIMXfcIgICqLgdzfwEpSwBHPTcfJUYc_rZfG8a0OrfdqOWw0cqP9kC69xry97S6tqbHMgJYHWjrXQn0nYR7K2ICkM47HASBIMI66FUiAU91xqv'),(457,'ee377906425fd912','dTi4WHfySweKWLjBeSYKl1:APA91bEGOxFYV8lZqGglMLyRupiCUKqIMXfcIgICqLgdzfwEpSwBHPTcfJUYc_rZfG8a0OrfdqOWw0cqP9kC69xry97S6tqbHMgJYHWjrXQn0nYR7K2ICkM47HASBIMI66FUiAU91xqv'),(458,'ee377906425fd912','dTi4WHfySweKWLjBeSYKl1:APA91bEGOxFYV8lZqGglMLyRupiCUKqIMXfcIgICqLgdzfwEpSwBHPTcfJUYc_rZfG8a0OrfdqOWw0cqP9kC69xry97S6tqbHMgJYHWjrXQn0nYR7K2ICkM47HASBIMI66FUiAU91xqv'),(459,'fc781b9e905432e4','fQlKf1TSSaa5AQTHiJZO_m:APA91bE1TSmFrgoBRH16kJW2h81qyNhuWpxip41-4JGVXmEcMpLMqLw1K41W76M4mFFp0rdChDZNmUmZfSXG2S2xpqqQiC4vVcpRtUZ_-wPPPNDpHlIJdEXpSFqvzRs8tSbN-8mM2pJn'),(460,'fc781b9e905432e4','fQlKf1TSSaa5AQTHiJZO_m:APA91bE1TSmFrgoBRH16kJW2h81qyNhuWpxip41-4JGVXmEcMpLMqLw1K41W76M4mFFp0rdChDZNmUmZfSXG2S2xpqqQiC4vVcpRtUZ_-wPPPNDpHlIJdEXpSFqvzRs8tSbN-8mM2pJn'),(461,'e5f4f2c56402c119','ddoSF1rPSpaJxdqErGUiad:APA91bEi-jBo_lrGsj7cHxdVh3A4V-fIM2rCdp-dco3tLN_mA7SPiC19OzYNhdH3r9QyaiSMHVf0qXj0S4wKleZ4m4JjWxJgiJDk5w6MwL_JIeSmr3L6H_qkCsBfJqWsRhxqSd6qEc9Q'),(462,'d766e8fa16287f43','c8VlEgGgQdO050LxLs5i7a:APA91bGoaq58Mtq-D5Fib0797U5Ayz90HRi_eyjfg4Z9Mb-Yl1HOAY7V0iLCSbxyuUc5TZddM0et7utkUblVKrgWAAxAhZAb-birDAdbn-gvZRm4hRxfwZBFaSqNri_3xVlWzVTwFpLK'),(463,'3f91de2962d3b84b','dYyuiem5TA6LT36Woo3Cxk:APA91bExkJCLrRZTYZ-PEQugimel5W8ayaHWNiUywG6QuJrb-SSHo5A6A0sH1qpr-3YPsfX2jBv9kpRVwDAe65U7qxEjzllEwgMppynaJUU3KwT_57YS_u1hpt_244FuZj3JwUl5dt1a'),(464,'4ca74f02e5650775','d8oa4DBSSYGNvJw7oXEtd-:APA91bF6VIHjvz_H33dDCHzsdQ-f7R6r4OX9TG_df1MuFDbRM7oU723UvfbrSa2Ck2KVrJ_ABUBjsimE92t8biEE2YErsTO0nTa8DeT8j-YAUSOQwSjpzcitn8v95FDkYSISRd7NSnq2'),(465,'4ca74f02e5650775','d8oa4DBSSYGNvJw7oXEtd-:APA91bF6VIHjvz_H33dDCHzsdQ-f7R6r4OX9TG_df1MuFDbRM7oU723UvfbrSa2Ck2KVrJ_ABUBjsimE92t8biEE2YErsTO0nTa8DeT8j-YAUSOQwSjpzcitn8v95FDkYSISRd7NSnq2'),(466,'b5759ea894dd3e32','cA-BoZQ3Tgix5KmzEaf6Zx:APA91bE_UrtZ2T9de7gdl9hS44B5SHrS4bc-g64NWFI4s76AxZ1TAQqlAEIRn1_BXcXhYt9ko2kd0HNTinQ3Nt8_4SaOnpNJpBvAeggzK0QQVBXneWjPBzO60ryT0-pd3n_sTJMop2tm'),(467,'b5759ea894dd3e32','cA-BoZQ3Tgix5KmzEaf6Zx:APA91bE_UrtZ2T9de7gdl9hS44B5SHrS4bc-g64NWFI4s76AxZ1TAQqlAEIRn1_BXcXhYt9ko2kd0HNTinQ3Nt8_4SaOnpNJpBvAeggzK0QQVBXneWjPBzO60ryT0-pd3n_sTJMop2tm'),(468,'02d22459ce35ee76','fXwuqACKTwyGRIyHcOcLyv:APA91bFA-midHFk-4VyENTwXSnGRxz7kJq_vyjNhzAaLockTgpXrSmZ3Y9kae7RpvbI_I04mMaBm5PAnGsfz3xkwqGioL5dQIb1F8bbj8abY6AnM1W6wofLZepEMIyW_spQRfsm3PdOD'),(469,'16559011fb0f46ab','c4rVygteQGOw7IM1rJvrzj:APA91bFXiPaZNUm47gv086LBt_xuIakxS4pvGZJW8I0RuPK2S8BCmjX_OAVoOYm6EHhytBwnHeIHiHgWf6vVPN2FfeaDSZfpF-I-WsBj2uc-t8wMI4vxgkMvTtDHVKsCB0K-zNVRDL1Q'),(470,'16559011fb0f46ab','c4rVygteQGOw7IM1rJvrzj:APA91bFXiPaZNUm47gv086LBt_xuIakxS4pvGZJW8I0RuPK2S8BCmjX_OAVoOYm6EHhytBwnHeIHiHgWf6vVPN2FfeaDSZfpF-I-WsBj2uc-t8wMI4vxgkMvTtDHVKsCB0K-zNVRDL1Q'),(471,'47d50acdbb26eccf','cvDjonC6R2SskodB-Jo0lr:APA91bETi-y3mpMLxofOnPdm_myNe2q8m61IAU3NwbAHgmMOr6xuIcDC2q4eT7wBeAtL1rlBtk0d0Ke_751rnMKgDtbq0AwLYQZ171YQshxNfXB1JvwUwEFmYjHHKjpKU_QUsdOMm8Wf');
/*!40000 ALTER TABLE `devices` ENABLE KEYS */;
UNLOCK TABLES;

--
-- Table structure for table `faq_cat`
--

DROP TABLE IF EXISTS `faq_cat`;
/*!40101 SET @saved_cs_client     = @@character_set_client */;
/*!50503 SET character_set_client = utf8mb4 */;
CREATE TABLE `faq_cat` (
  `id` int NOT NULL AUTO_INCREMENT,
  `name` varchar(100) CHARACTER SET utf8mb3 COLLATE utf8mb3_general_ci DEFAULT NULL,
  `created` timestamp NULL DEFAULT CURRENT_TIMESTAMP,
  `status` enum('Y','N') DEFAULT 'Y',
  PRIMARY KEY (`id`)
) ENGINE=InnoDB AUTO_INCREMENT=25 DEFAULT CHARSET=latin1;
/*!40101 SET character_set_client = @saved_cs_client */;

--
-- Dumping data for table `faq_cat`
--

LOCK TABLES `faq_cat` WRITE;
/*!40000 ALTER TABLE `faq_cat` DISABLE KEYS */;
INSERT INTO `faq_cat` VALUES (24,'सारी समस्या','2021-11-26 06:15:01','Y');
/*!40000 ALTER TABLE `faq_cat` ENABLE KEYS */;
UNLOCK TABLES;

--
-- Table structure for table `faq_cat_question`
--

DROP TABLE IF EXISTS `faq_cat_question`;
/*!40101 SET @saved_cs_client     = @@character_set_client */;
/*!50503 SET character_set_client = utf8mb4 */;
CREATE TABLE `faq_cat_question` (
  `id` int NOT NULL AUTO_INCREMENT,
  `faq_cat_id` int NOT NULL,
  `question` varchar(1000) CHARACTER SET utf8mb3 COLLATE utf8mb3_general_ci NOT NULL,
  `answer` varchar(1000) CHARACTER SET utf8mb3 COLLATE utf8mb3_general_ci NOT NULL,
  `created` timestamp NOT NULL DEFAULT CURRENT_TIMESTAMP,
  `status` enum('Y','N') NOT NULL DEFAULT 'Y',
  PRIMARY KEY (`id`)
) ENGINE=InnoDB AUTO_INCREMENT=40 DEFAULT CHARSET=latin1;
/*!40101 SET character_set_client = @saved_cs_client */;

--
-- Dumping data for table `faq_cat_question`
--

LOCK TABLES `faq_cat_question` WRITE;
/*!40000 ALTER TABLE `faq_cat_question` DISABLE KEYS */;
INSERT INTO `faq_cat_question` VALUES (28,24,'गाय भैसों में मुख्यतः कौन-कौन सी संक्रामक बीमारियां पाई जाती है ?','<p style=\"font-size:40px;\">गाय भैसों में मुख्यतः निम्न संक्रामक बीमारियां पाई जाती है।</p><p style=\"font-size:40px;\">1. गलघोंटू 2. लंगडा बुखार 3. खुरपका व मुंहपका रोग 4. निमोनिया</p>','2021-11-26 06:15:44','Y'),(29,24,'गलघोंटू बीमारी के लक्षण एवं बचाव के क्या उपाय हैं ?','<p style=\"font-size:40px;\">यह रोग मुख्य रूप से गाय एवं भैस में पाया जाता है, एवं मानसून के समय</p><p style=\"font-size:40px;\">व्यापक रूप से फैलता है। इस बीमारी में पशु को तेज बुखार आता है एवं पशु के कन्ठ और निचले जबड़े के बीच कष्ठदायक कठोर सूजन हो जाती है तथा श्वास लेने में काफी कठिनाई होती है। इस रोग से बचाव हेतु प्रतिवर्ष पशु को वर्षा ऋतु से पूर्व इस रोग का टीका लगवा लेना चाहिए।</p>','2021-11-26 06:16:05','Y'),(30,24,'गाय भैसों में मुख्यतः कौन-कौन सी संक्रामक बीमारियां पाई जाती है ? ','<p style=\"font-size:40px;\">&nbsp;गाय भैसों में मुख्यतः निम्न संक्रामक बीमारियां पाई जाती है।</p>','2021-11-26 06:16:26','Y'),(31,24,'लंगड़ा बुखार बीमारी के लक्षण एवं बचाव के क्या उपाय हैं ?','<p style=\"font-size:40px;\">&nbsp;यह रोग मुख्य रूप से गाय, भैंस एवं भेडों में होता है। इस रोग में तेज बुखार आता है एवं घुटने के ऊपर वाले हिस्से में सूजन होती है एवं जो शुरू में गर्म एवं कष्टदायक हो जाती है सूजन के ऊपर वाली चमडी सूख कर कडी हो जाती है एवं दबाने पर चड़चड़ाती है। यह चड़चड़ाहट सूजन में गैस भरी होने के कारण होती है। यह रोग की प्रमुख पहचान है। इस रोग से बचाव हेतु प्रतिवर्ष वर्षा ऋतु से पूर्व इस रोग का टीका लगवा लेना चाहिए एवं रोग की सम्भावना होने पर तुरन्त पशुचिकित्सक से परामर्श लेना चाहिए।</p>','2021-11-26 06:18:18','Y'),(32,24,'खुरपका व मुंहपका रोग क्या है ?','<p style=\"font-size:40px;\">विभाजित खुरों वाले पशुओं में तेजी से फैलने वाला वायरस जनित छूतदार रोग है</p><p style=\"font-size:40px;\">एवं इस बीमारी में दुधारू पशुओं का दूध कम या नहीं के बराबर हो जाता है। इस रोग के प्रमुख लक्षण तेज बुखार, मुँह से रस्सी की तरह लार गिरना एवं छाले बनना, थनों एवं खुरो के बीच छाले व सूजन पड़ना है। रोग होने पर छालो को लाल दवा से दिन में दो बार धोवें तथा पशु चिकित्सक की सलाह पर औषधि का प्रयोग व लेप करें। रोग के बचाव हेतु वर्ष में दो बार नियमित टीकाकरण करावें।</p>','2021-11-26 06:18:39','Y'),(33,24,'पी.पी.आर. रोग किसमे होता है एवं इसके प्रमुख लक्षण क्या है ?','<p style=\"font-size:40px;\">यह रोग भेड व बकरी में फैलने वाला वायरल रोग है। इस रोग में रोगी पशु को तेज बुखार आता है, मुँह, मसुड़े व जीभ पर छाले व होठों पर सूजन आ जाती है, खॉसी व निमोनिया हो जाता है तथा पशु को दस्त हो जाते है जिससे शरीर में पानी की कमी आ जाती है।</p>','2021-11-26 06:18:58','Y'),(34,24,'क्या पी.पी.आर रोग की रोकथाम की जा सकती है ?','<p style=\"font-size:40px;\">हाँ, चार माह से ऊपर की आयु वाली भेड़ व बकरीयों में टीका लगवाया जा सकता है जिससे पशु तीन वर्ष तक इस रोग से सुरक्षित रहता है।</p>','2021-11-26 06:19:15','Y'),(35,24,'पशु को पागल कुत्ते के काटने पर क्या करना चाहिए ?','<p style=\"font-size:40px;\">पागल कुत्ते के काटने के तुरन्त बाद कटे हुए घाव को साबुन से अच्छी तरह धोना चाहिए तथा उसी दिन से एन्टी रेबीज टीके 0,3,7,14,28 व 90 दिन पर लगवाना</p>','2021-11-26 06:19:34','Y'),(36,24,'विभाग द्वारा कौन-कौन सी बीमारियों के टीके उपलब्ध करवाये जाते हैं एवं किस समय ये टीके लगवाने चाहिए? ','<p style=\"font-size:40px;\">विभाग द्वारा निम्नानुसार टीके लगवाये जाते हैं -</p><p style=\"font-size:40px;\">गलघोंटू&nbsp; &nbsp; &nbsp; &nbsp; &nbsp; &nbsp; &nbsp; &nbsp; &nbsp; &nbsp; &nbsp; &nbsp; &nbsp;वार्षिक&nbsp; &nbsp; &nbsp; &nbsp; अप्रेल-जुलाई</p><p style=\"font-size:40px;\">&nbsp;लगड़ा बुखार&nbsp; &nbsp; &nbsp; &nbsp; &nbsp; &nbsp; &nbsp; &nbsp; &nbsp; वार्षिक&nbsp; &nbsp; &nbsp; &nbsp; &nbsp; अप्रेल-जून</p><p style=\"font-size:40px;\">&nbsp;खुरपका मुंहपका&nbsp; &nbsp; &nbsp; &nbsp; &nbsp; &nbsp; &nbsp;6 माह&nbsp; &nbsp; &nbsp; &nbsp; &nbsp;सितम्बर-अक्टूबर</p><p style=\"font-size:40px;\">&nbsp; &nbsp; &nbsp; &nbsp; &nbsp; &nbsp; &nbsp; &nbsp; &nbsp; &nbsp; &nbsp; &nbsp; &nbsp; &nbsp; &nbsp;मार्च-अप्रेल</p><p style=\"font-size:40px;\">&nbsp;फड़किया&nbsp; &nbsp; वार्षिक&nbsp; &nbsp;अप्रेल-जून</p><p style=\"font-size:40px;\">&nbsp;भेडमाता वाषिक&nbsp; &nbsp; &nbsp; &nbsp; &nbsp; &nbsp; &nbsp; &nbsp; &nbsp; &nbsp; &nbsp;नवम्बर-दिसम्बर</p>','2021-11-26 06:19:53','Y'),(37,24,'रोग प्रकोप होने पर बचाव के क्या उपाय है।','<p style=\"font-size:40px;\">1. रोग के प्रारम्भिक लक्षण देखते ही रोगी पशु को अन्य स्वस्थ पशुओं से अलग स्थान</p><p style=\"font-size:40px;\">पर रखें एवं दाना-चारा व पानी की व्यवस्था अलग बरतनों में करें। 2. रोगी पशु को रोगी पशु के उपचार हेतु पशु चिकित्सक से सम्पर्क करें।&nbsp;</p><p style=\"font-size:40px;\">3. पशु चिकित्सक की सलाह से आस-पास के स्वस्थ पशुओं में टीकाकरण करायें।</p><p style=\"font-size:40px;\">&nbsp;4. रोग ग्रस्त क्षेत्र में पशुओं का आवागमन/परिवहन नहीं करें। संक्रामक रोग से मृत</p><p style=\"font-size:40px;\">पशु को गांव के बाहर लगभग 1.5 मीटर गहरे गड्ढे में चूने या नमक के साथ दबा</p><p style=\"font-size:40px;\">देंवे।&nbsp;</p><p style=\"font-size:40px;\">5. मृत पशु के सम्पर्क में रही वस्तुओं व स्थान को भी फिनाइल, लाल दवा आदि से कीटाणु रहित करें।</p>','2021-11-26 06:20:23','Y'),(38,24,'पशुओं को कृमिनाशक औषधि कब पिलानी चाहिए ?','<p style=\"font-size:40px;\">पशुओं को वर्ष में दो बार कृमिनाशक औषधि पिलानी चाहिए।</p>','2021-11-26 06:21:04','Y'),(39,24,'चीचड़ी ज्वर अथवा रक्त मूत्र रोग कैसे होता है एवं इससे बचाव के क्या उपाय है?','<p style=\"font-size: 40px;\">इस रोग को फैलाने वाले परजीवी चीचड़ मे रहते हैं जो पशु के शरीर में प्रवेश पाकर बीमारी के लक्षण पैदा करते हैं। इस बीमारी में एकाएक तेज बुखार आता है एवं पेशाब का रंग गाढ़ा लाल हो जाता है तथा पशु को श्वास लेने में दिक्कत होती है। इस रोग की रोकथाम हेतु पशुशाला में नियमित रूप से कीटनाशक दवाईयों का इस्तेमाल कर मक्खी, जूं चीचड़ आदि से मुक्त रखना चाहिए।</p>','2021-11-26 06:21:19','Y');
/*!40000 ALTER TABLE `faq_cat_question` ENABLE KEYS */;
UNLOCK TABLES;

--
-- Table structure for table `gallary`
--

DROP TABLE IF EXISTS `gallary`;
/*!40101 SET @saved_cs_client     = @@character_set_client */;
/*!50503 SET character_set_client = utf8mb4 */;
CREATE TABLE `gallary` (
  `id` int NOT NULL AUTO_INCREMENT,
  `title` varchar(250) NOT NULL,
  `featured_image` varchar(1000) NOT NULL,
  `created` timestamp NOT NULL DEFAULT CURRENT_TIMESTAMP,
  `status` enum('Y','N') NOT NULL DEFAULT 'Y',
  PRIMARY KEY (`id`)
) ENGINE=InnoDB AUTO_INCREMENT=5 DEFAULT CHARSET=latin1;
/*!40101 SET character_set_client = @saved_cs_client */;

--
-- Dumping data for table `gallary`
--

LOCK TABLES `gallary` WRITE;
/*!40000 ALTER TABLE `gallary` DISABLE KEYS */;
INSERT INTO `gallary` VALUES (4,'one','1177778761.jpg','2021-09-22 13:21:08','Y');
/*!40000 ALTER TABLE `gallary` ENABLE KEYS */;
UNLOCK TABLES;

--
-- Table structure for table `gallary_other`
--

DROP TABLE IF EXISTS `gallary_other`;
/*!40101 SET @saved_cs_client     = @@character_set_client */;
/*!50503 SET character_set_client = utf8mb4 */;
CREATE TABLE `gallary_other` (
  `id` int NOT NULL AUTO_INCREMENT,
  `gallary_id` int NOT NULL,
  `other_image` varchar(100) NOT NULL,
  `created` timestamp NOT NULL DEFAULT CURRENT_TIMESTAMP,
  PRIMARY KEY (`id`)
) ENGINE=InnoDB AUTO_INCREMENT=14 DEFAULT CHARSET=latin1;
/*!40101 SET character_set_client = @saved_cs_client */;

--
-- Dumping data for table `gallary_other`
--

LOCK TABLES `gallary_other` WRITE;
/*!40000 ALTER TABLE `gallary_other` DISABLE KEYS */;
INSERT INTO `gallary_other` VALUES (1,1,'1816568988.jpg','2021-09-22 12:12:56'),(2,1,'1194784936.jpg','2021-09-22 12:12:56'),(3,1,'1583291784.jpg','2021-09-22 12:12:56'),(6,3,'167831540.jpg','2021-09-22 13:07:19'),(10,4,'1175261440.jpg','2021-09-22 13:21:08'),(11,4,'932407179.jpg','2021-09-22 13:21:08'),(12,4,'474720693.jpg','2021-09-22 13:21:08'),(13,4,'1561936770.jpg','2021-09-22 13:21:08');
/*!40000 ALTER TABLE `gallary_other` ENABLE KEYS */;
UNLOCK TABLES;

--
-- Table structure for table `languages`
--

DROP TABLE IF EXISTS `languages`;
/*!40101 SET @saved_cs_client     = @@character_set_client */;
/*!50503 SET character_set_client = utf8mb4 */;
CREATE TABLE `languages` (
  `id` bigint NOT NULL,
  `name` varchar(191) DEFAULT NULL,
  `status` tinyint(1) DEFAULT '0',
  `created_at` timestamp NULL DEFAULT CURRENT_TIMESTAMP,
  PRIMARY KEY (`id`)
) ENGINE=InnoDB DEFAULT CHARSET=latin1;
/*!40101 SET character_set_client = @saved_cs_client */;

--
-- Dumping data for table `languages`
--

LOCK TABLES `languages` WRITE;
/*!40000 ALTER TABLE `languages` DISABLE KEYS */;
INSERT INTO `languages` VALUES (1,'English',1,'2020-04-30 12:48:40'),(2,'Hindi',1,'2020-04-30 12:48:40'),(6,'Punjabi',1,'2020-08-31 11:02:53');
/*!40000 ALTER TABLE `languages` ENABLE KEYS */;
UNLOCK TABLES;

--
-- Table structure for table `notifications`
--

DROP TABLE IF EXISTS `notifications`;
/*!40101 SET @saved_cs_client     = @@character_set_client */;
/*!50503 SET character_set_client = utf8mb4 */;
CREATE TABLE `notifications` (
  `id` int NOT NULL AUTO_INCREMENT,
  `user_id` int NOT NULL DEFAULT '0',
  `title` varchar(190) NOT NULL,
  `message` text NOT NULL,
  `status` tinyint(1) NOT NULL DEFAULT '1',
  `created` timestamp NOT NULL DEFAULT CURRENT_TIMESTAMP,
  `role_id` int NOT NULL DEFAULT '0',
  PRIMARY KEY (`id`)
) ENGINE=InnoDB AUTO_INCREMENT=92 DEFAULT CHARSET=utf8mb4 COLLATE=utf8mb4_0900_ai_ci;
/*!40101 SET character_set_client = @saved_cs_client */;

--
-- Dumping data for table `notifications`
--

LOCK TABLES `notifications` WRITE;
/*!40000 ALTER TABLE `notifications` DISABLE KEYS */;
INSERT INTO `notifications` VALUES (1,111,'Order Status','your order #62 has been Cancelled',1,'2022-08-09 17:36:52',0),(2,111,'Order Status','your order #61 has been Cancelled',1,'2022-08-09 17:36:55',0),(3,88,'Order Status','your order #58 has been Cancelled',1,'2022-08-09 17:36:59',0),(4,100,'Order Status','your order #73 has been Delivered',1,'2022-08-10 19:09:39',0),(5,100,'Order Status','your order #75 has been Cancelled',1,'2022-08-15 16:50:19',0),(6,88,'Order Status','your order #76 has been Cancelled',1,'2022-08-15 16:50:25',0),(7,88,'Order Status','your order #77 has been Cancelled',1,'2022-08-15 16:50:32',0),(8,88,'Order Status','your order #78 has been Cancelled',1,'2022-08-15 16:50:38',0),(9,88,'Order Status','your order #79 has been Cancelled',1,'2022-08-15 16:50:43',0),(10,88,'Order Status','your order #80 has been Cancelled',1,'2022-08-15 16:50:50',0),(11,88,'Order Status','your order #81 has been Cancelled',1,'2022-08-15 16:50:57',0),(12,129,'Order Status','your order #82 has been Delivered',1,'2022-08-15 16:51:06',0),(13,129,'Order Status','your order #83 has been Cancelled',1,'2022-08-15 16:51:11',0),(14,129,'Order Status','your order #84 has been Cancelled',1,'2022-08-15 16:51:19',0),(15,88,'Order Status','your order #85 has been Delivered',1,'2022-08-15 16:51:26',0),(16,98,'Order Status','your order #91 has been Cancelled',1,'2022-08-15 16:52:21',0),(17,133,'Order Status','your order #90 has been Delivered',1,'2022-08-15 16:52:30',0),(18,98,'Order Status','your order #89 has been Delivered',1,'2022-08-15 16:52:37',0),(19,106,'Order Status','your order #95 has been Delivered',1,'2022-08-17 19:02:56',0),(20,106,'Order Status','your order #94 has been Delivered',1,'2022-08-17 19:03:03',0),(21,136,'Order Status','your order #93 has been Delivered',1,'2022-08-17 19:03:07',0),(22,95,'Order Status','your order #92 has been Delivered',1,'2022-08-17 19:03:13',0),(23,84,'Order Status','your order #108 has been Cancelled',1,'2022-08-23 12:25:31',0),(24,84,'Order Status','your order #118 has been Cancelled',1,'2022-08-29 19:13:50',0),(25,55,'Order Status','your order #117 has been Cancelled',1,'2022-08-29 19:14:01',0),(26,162,'Order Status','your order #121 has been Delivered',1,'2022-08-31 13:56:49',0),(27,129,'Order Status','your order #123 has been Delivered',1,'2022-09-02 12:59:23',0),(28,93,'Order Status','your order #120 has been Delivered',1,'2022-09-02 13:00:05',0),(29,122,'Order Status','your order #119 has been Delivered',1,'2022-09-02 13:00:10',0),(30,159,'Order Status','your order #116 has been Delivered',1,'2022-09-02 13:00:19',0),(31,151,'Order Status','your order #115 has been Delivered',1,'2022-09-02 13:00:22',0),(32,159,'Order Status','your order #114 has been Cancelled',1,'2022-09-02 13:00:28',0),(33,159,'Order Status','your order #113 has been Cancelled',1,'2022-09-02 13:00:31',0),(34,122,'Order Status','your order #112 has been Delivered',1,'2022-09-02 13:00:44',0),(35,168,'Order Status','your order #125 has been Delivered',1,'2022-09-02 17:49:29',0),(36,168,'Order Status','your order #140 has been Delivered',1,'2022-09-09 12:15:35',0),(37,167,'Order Status','your order #139 has been Delivered',1,'2022-09-09 12:15:39',0),(38,84,'Order Status','your order #138 has been Cancelled',1,'2022-09-09 12:15:47',0),(39,84,'Order Status','your order #137 has been Cancelled',1,'2022-09-09 12:15:50',0),(40,84,'Order Status','your order #136 has been Cancelled',1,'2022-09-09 12:15:54',0),(41,95,'Order Status','your order #135 has been Delivered',1,'2022-09-09 12:15:58',0),(42,122,'Order Status','your order #134 has been Delivered',1,'2022-09-09 12:16:01',0),(43,171,'Order Status','your order #133 has been Delivered',1,'2022-09-09 12:16:04',0),(44,134,'Order Status','your order #132 has been Cancelled',1,'2022-09-09 12:16:10',0),(45,93,'Order Status','your order #131 has been Cancelled',1,'2022-09-09 12:16:17',0),(46,169,'Order Status','your order #130 has been Delivered',1,'2022-09-09 12:16:20',0),(47,169,'Order Status','your order #129 has been Cancelled',1,'2022-09-09 12:16:26',0),(48,78,'Order Status','your order #128 has been Delivered',1,'2022-09-09 12:16:31',0),(49,138,'Order Status','your order #127 has been Delivered',1,'2022-09-09 12:16:35',0),(50,158,'Order Status','your order #126 has been Delivered',1,'2022-09-09 12:16:41',0),(51,175,'Order Status','your order #141 has been Delivered',1,'2022-09-13 11:31:18',0),(52,92,'Order Status','your order #142 has been Delivered',1,'2022-09-13 11:31:21',0),(53,129,'Order Status','your order #149 has been Delivered',1,'2022-09-14 15:24:49',0),(54,179,'Order Status','your order #148 has been Delivered',1,'2022-09-14 15:24:53',0),(55,179,'Order Status','your order #147 has been Delivered',1,'2022-09-14 15:24:56',0),(56,129,'Order Status','your order #146 has been Delivered',1,'2022-09-14 15:25:07',0),(57,164,'Order Status','your order #145 has been Delivered',1,'2022-09-14 15:25:12',0),(58,151,'Order Status','your order #144 has been Delivered',1,'2022-09-14 15:25:16',0),(59,177,'Order Status','your order #143 has been Delivered',1,'2022-09-14 15:25:20',0),(60,95,'Order Status','your order #260 has been Cancelled',1,'2022-10-28 08:38:52',0),(61,123,'Order Status','your order #257 has been Cancelled',1,'2022-10-28 08:39:40',0),(62,67,'Order Status','your order #4 has been Delivered',1,'2022-11-03 14:57:41',0),(63,67,'Order Status','your order #3 has been Delivered',1,'2022-11-03 15:23:39',0),(64,67,'Order Status','your order #5 has been Delivered',1,'2022-11-03 15:23:44',0),(65,74,'Order Status','your order #6 has been Delivered',1,'2022-11-03 15:23:49',0),(66,67,'Order Status','your order #7 has been Delivered',1,'2022-11-03 15:23:54',0),(67,77,'Order Status','your order #8 has been Delivered',1,'2022-11-03 15:23:59',0),(68,84,'Order Status','your order #38 has been Delivered',1,'2022-11-03 15:24:07',0),(69,84,'Order Status','your order #39 has been Delivered',1,'2022-11-03 15:24:14',0),(70,84,'Order Status','your order #40 has been Delivered',1,'2022-11-03 15:24:20',0),(71,129,'Order Status','your order #86 has been Delivered',1,'2022-11-03 15:24:40',0),(72,98,'Order Status','your order #87 has been Delivered',1,'2022-11-03 15:24:45',0),(73,98,'Order Status','your order #88 has been Delivered',1,'2022-11-03 15:24:53',0),(74,179,'Order Status','your order #278 has been Delivered',1,'2022-11-03 15:25:18',0),(75,179,'Order Status','your order #277 has been Delivered',1,'2022-11-03 15:25:24',0),(76,179,'Order Status','your order #276 has been Delivered',1,'2022-11-03 15:25:28',0),(77,98,'Order Status','your order #275 has been Delivered',1,'2022-11-03 15:25:32',0),(78,164,'Order Status','your order #274 has been Delivered',1,'2022-11-03 15:25:35',0),(79,129,'Order Status','your order #273 has been Delivered',1,'2022-11-03 15:25:39',0),(80,129,'Order Status','your order #272 has been Delivered',1,'2022-11-03 15:25:43',0),(81,97,'Order Status','your order #271 has been Delivered',1,'2022-11-03 15:25:47',0),(82,93,'Order Status','your order #270 has been Delivered',1,'2022-11-03 15:25:53',0),(83,175,'Order Status','your order #269 has been Delivered',1,'2022-11-03 15:25:58',0),(84,209,'Order Status','your order #268 has been Delivered',1,'2022-11-03 15:26:09',0),(85,216,'Order Status','your order #267 has been Delivered',1,'2022-11-03 15:26:14',0),(86,192,'Order Status','your order #266 has been Delivered',1,'2022-11-03 15:26:18',0),(87,192,'Order Status','your order #265 has been Delivered',1,'2022-11-03 15:26:22',0),(88,215,'Order Status','your order #264 has been Delivered',1,'2022-11-03 15:26:32',0),(89,122,'Order Status','your order #263 has been Delivered',1,'2022-11-03 15:26:36',0),(90,213,'Order Status','your order #262 has been Delivered',1,'2022-11-03 15:26:40',0),(91,55,'Order Status','your order #303 has been Cancelled',1,'2022-11-18 15:45:13',0);
/*!40000 ALTER TABLE `notifications` ENABLE KEYS */;
UNLOCK TABLES;

--
-- Table structure for table `order_details`
--

DROP TABLE IF EXISTS `order_details`;
/*!40101 SET @saved_cs_client     = @@character_set_client */;
/*!50503 SET character_set_client = utf8mb4 */;
CREATE TABLE `order_details` (
  `id` int NOT NULL AUTO_INCREMENT,
  `user_id` bigint NOT NULL,
  `order_id` bigint NOT NULL,
  `product_id` bigint NOT NULL,
  `quantity` bigint DEFAULT NULL,
  `product_price` float DEFAULT NULL,
  `total_price` float NOT NULL DEFAULT '0',
  `weight` float DEFAULT NULL,
  `created` timestamp NOT NULL DEFAULT CURRENT_TIMESTAMP,
  PRIMARY KEY (`id`)
) ENGINE=InnoDB AUTO_INCREMENT=636 DEFAULT CHARSET=utf8mb3;
/*!40101 SET character_set_client = @saved_cs_client */;

--
-- Dumping data for table `order_details`
--

LOCK TABLES `order_details` WRITE;
/*!40000 ALTER TABLE `order_details` DISABLE KEYS */;
INSERT INTO `order_details` VALUES (4,67,2,44,1,1650,1650,50,'2021-12-23 18:49:54'),(5,67,3,45,1,1650,1650,50,'2021-12-24 09:04:41'),(6,67,3,44,1,1650,1650,50,'2021-12-24 09:04:41'),(7,67,4,44,1,2030,2030,60,'2021-12-24 09:05:36'),(8,67,5,44,1,2030,2030,60,'2021-12-24 09:07:31'),(9,74,6,44,1,2030,2030,60,'2021-12-24 13:02:26'),(10,67,7,44,2,1650,3300,50,'2021-12-24 15:43:50'),(11,77,8,44,4,1650,6600,50,'2021-12-24 18:34:43'),(96,83,37,44,1,1560,1560,40,'2022-07-26 18:40:39'),(97,84,38,50,2,930,1860,40,'2022-07-26 18:42:25'),(98,84,39,50,1,930,930,40,'2022-07-26 18:45:29'),(99,84,40,50,1,930,930,40,'2022-07-26 18:45:30'),(100,83,41,44,1,1950,1950,50,'2022-07-26 18:47:51'),(101,83,42,44,1,1950,1950,50,'2022-07-26 18:58:15'),(102,85,43,44,1,1950,1950,50,'2022-07-26 19:22:28'),(103,83,44,47,1,1980,1980,45,'2022-07-29 18:44:47'),(104,89,45,44,1,2400,2400,60,'2022-07-30 16:45:28'),(105,92,46,44,1,2400,2400,60,'2022-07-31 11:07:47'),(106,97,47,44,5,2000,10000,50,'2022-08-02 15:48:16'),(107,105,48,44,1,2000,2000,50,'2022-08-05 18:19:50'),(108,94,49,44,1,2400,2400,60,'2022-08-06 08:01:56'),(109,94,50,44,1,2400,2400,60,'2022-08-06 08:04:00'),(110,94,51,44,1,2400,2400,60,'2022-08-06 08:05:42'),(111,94,52,44,1,2400,2400,60,'2022-08-06 08:06:35'),(112,94,53,44,1,2400,2400,60,'2022-08-06 08:12:15'),(113,94,54,44,1,2400,2400,60,'2022-08-06 08:19:48'),(114,94,55,44,1,2400,2400,60,'2022-08-06 08:23:57'),(115,94,56,44,1,2400,2400,60,'2022-08-06 08:24:32'),(116,107,57,44,1,2000,2000,50,'2022-08-06 12:01:50'),(117,88,58,44,1,2400,2400,60,'2022-08-06 16:04:34'),(120,111,61,47,2,1980,3960,45,'2022-08-08 09:35:41'),(121,111,62,47,1,1980,1980,45,'2022-08-08 10:17:22'),(132,100,73,49,1,1220,1220,50,'2022-08-09 15:43:11'),(133,55,74,48,1,2750,2750,50,'2022-08-09 16:56:25'),(134,55,74,44,1,2400,2400,60,'2022-08-09 16:56:25'),(135,100,75,44,1,2400,2400,60,'2022-08-10 09:03:26'),(136,88,76,44,1,2400,2400,60,'2022-08-12 13:00:29'),(137,88,77,47,1,1980,1980,45,'2022-08-12 13:03:04'),(138,88,78,47,1,1980,1980,45,'2022-08-12 13:09:45'),(139,88,79,44,1,2400,2400,60,'2022-08-12 13:11:04'),(140,88,80,47,1,1980,1980,45,'2022-08-12 16:49:54'),(141,88,81,44,1,2400,2400,60,'2022-08-12 16:50:55'),(142,129,82,44,1,2000,2000,50,'2022-08-12 17:40:11'),(143,129,83,44,1,2000,2000,50,'2022-08-12 18:00:51'),(144,129,84,44,1,2000,2000,50,'2022-08-12 18:02:47'),(145,88,85,44,1,2400,2400,60,'2022-08-12 18:13:48'),(146,129,86,44,1,2000,2000,50,'2022-08-12 19:02:14'),(147,98,87,44,1,2400,2400,60,'2022-08-13 15:08:06'),(148,98,88,44,1,2400,2400,60,'2022-08-13 15:11:13'),(149,98,89,44,1,2400,2400,60,'2022-08-13 15:17:44'),(150,133,90,44,1,2000,2000,50,'2022-08-13 16:01:05'),(151,98,91,44,1,2400,2400,60,'2022-08-13 17:37:47'),(152,95,92,51,2,720,1440,34,'2022-08-14 16:26:04'),(153,95,92,52,1,2500,2500,50,'2022-08-14 16:26:04'),(154,136,93,47,1,1980,1980,45,'2022-08-15 09:21:34'),(155,136,93,44,1,2400,2400,60,'2022-08-15 09:21:34'),(156,136,93,53,1,1300,1300,50,'2022-08-15 09:21:34'),(157,106,94,47,1,1980,1980,45,'2022-08-16 11:33:50'),(158,106,95,44,1,2000,2000,50,'2022-08-16 11:36:38'),(159,122,96,53,1,1300,1300,50,'2022-08-17 19:03:09'),(160,98,97,44,1,2400,2400,60,'2022-08-18 08:54:55'),(161,98,98,44,1,2400,2400,60,'2022-08-18 08:55:42'),(162,98,99,44,1,2400,2400,60,'2022-08-18 08:57:13'),(163,145,100,56,1,1400,1400,50,'2022-08-19 17:18:45'),(164,145,101,56,1,1400,1400,50,'2022-08-19 17:20:35'),(165,145,102,44,1,2000,2000,50,'2022-08-19 17:21:28'),(166,151,103,44,2,2400,4800,60,'2022-08-20 09:17:51'),(167,151,103,61,1,2030,2030,45,'2022-08-20 09:17:51'),(168,155,104,47,1,1980,1980,45,'2022-08-22 16:04:26'),(169,155,105,47,1,1980,1980,45,'2022-08-22 16:06:29'),(170,155,106,47,1,1980,1980,45,'2022-08-22 16:11:40'),(171,155,107,47,1,1980,1980,45,'2022-08-22 16:25:37'),(172,84,108,57,1,1300,1300,50,'2022-08-23 12:25:00'),(173,84,109,61,1,2030,2030,45,'2022-08-24 09:19:56'),(174,149,110,44,3,2000,6000,50,'2022-08-26 17:50:14'),(175,149,111,44,1,2400,2400,60,'2022-08-26 17:53:44'),(176,122,112,44,1,2000,2000,50,'2022-08-27 06:40:11'),(177,122,112,49,1,1260,1260,50,'2022-08-27 06:40:11'),(178,122,112,53,1,1300,1300,50,'2022-08-27 06:40:11'),(179,122,112,50,1,960,960,40,'2022-08-27 06:40:11'),(180,122,112,47,2,1980,3960,45,'2022-08-27 06:40:11'),(181,159,113,47,2,1980,3960,45,'2022-08-27 17:53:47'),(182,159,113,44,3,1600,4800,40,'2022-08-27 17:53:47'),(183,159,114,44,3,1600,4800,40,'2022-08-27 17:55:15'),(184,159,114,47,2,1980,3960,45,'2022-08-27 17:55:15'),(185,151,115,44,1,2400,2400,60,'2022-08-28 09:12:40'),(186,151,115,61,1,2030,2030,45,'2022-08-28 09:12:40'),(187,159,116,47,2,1980,3960,45,'2022-08-28 11:41:55'),(188,159,116,44,3,1600,4800,40,'2022-08-28 11:41:55'),(189,55,117,56,1,1400,1400,50,'2022-08-29 12:16:11'),(190,55,117,45,1,1875,1875,50,'2022-08-29 12:16:11'),(191,84,118,45,2,1875,3750,50,'2022-08-29 13:44:16'),(192,84,118,44,1,2000,2000,50,'2022-08-29 13:44:16'),(193,122,119,53,1,1300,1300,50,'2022-08-29 18:09:50'),(194,93,120,48,1,2750,2750,50,'2022-08-30 12:07:07'),(195,162,121,44,5,2400,12000,60,'2022-08-31 13:56:02'),(196,129,122,44,1,2000,2000,50,'2022-08-31 16:53:52'),(197,129,123,49,1,1260,1260,50,'2022-08-31 16:54:50'),(198,164,124,44,1,2400,2400,60,'2022-09-02 12:39:07'),(199,168,125,44,1,2400,2400,60,'2022-09-02 17:48:15'),(200,168,125,47,1,1980,1980,45,'2022-09-02 17:48:15'),(201,158,126,48,1,2750,2750,50,'2022-09-03 06:41:43'),(202,138,127,47,1,1980,1980,45,'2022-09-03 06:50:30'),(203,138,127,53,1,1300,1300,50,'2022-09-03 06:50:30'),(204,138,127,57,2,1300,2600,50,'2022-09-03 06:50:30'),(205,78,128,44,1,2000,2000,50,'2022-09-03 14:51:57'),(206,169,129,44,1,2000,2000,50,'2022-09-04 10:05:05'),(207,169,129,52,2,2500,5000,50,'2022-09-04 10:05:05'),(208,169,130,44,1,2000,2000,50,'2022-09-04 10:07:59'),(209,169,130,52,2,2500,5000,50,'2022-09-04 10:07:59'),(210,93,131,44,1,2400,2400,60,'2022-09-05 12:46:44'),(211,134,132,44,1,2000,2000,50,'2022-09-06 06:33:29'),(212,134,132,47,1,1980,1980,45,'2022-09-06 06:33:29'),(213,171,133,44,1,2000,2000,50,'2022-09-06 06:52:04'),(214,171,133,47,1,1980,1980,45,'2022-09-06 06:52:04'),(215,122,134,44,2,2400,4800,60,'2022-09-06 18:44:56'),(216,122,134,47,1,1980,1980,45,'2022-09-06 18:44:56'),(217,122,134,49,2,1260,2520,50,'2022-09-06 18:44:57'),(218,122,134,57,1,1300,1300,50,'2022-09-06 18:44:57'),(219,95,135,44,1,2400,2400,60,'2022-09-07 13:39:00'),(220,95,135,52,1,2500,2500,50,'2022-09-07 13:39:00'),(221,84,136,44,1,2000,2000,50,'2022-09-07 17:02:15'),(222,84,137,47,1,1980,1980,45,'2022-09-07 17:03:13'),(223,84,138,50,1,960,960,40,'2022-09-07 17:04:37'),(224,167,139,44,1,2000,2000,50,'2022-09-08 11:28:14'),(225,167,139,56,1,1400,1400,50,'2022-09-08 11:28:14'),(226,168,140,57,1,1300,1300,50,'2022-09-08 12:54:32'),(227,175,141,57,1,1300,1300,50,'2022-09-10 16:53:01'),(228,175,141,48,1,2750,2750,50,'2022-09-10 16:53:01'),(229,175,141,49,1,1260,1260,50,'2022-09-10 16:53:01'),(230,92,142,50,1,960,960,40,'2022-09-11 10:59:11'),(231,92,142,44,1,1950,1950,50,'2022-09-11 10:59:11'),(232,92,142,53,1,1300,1300,50,'2022-09-11 10:59:11'),(233,177,143,44,1,2340,2340,60,'2022-09-11 16:57:45'),(234,151,144,44,1,2340,2340,60,'2022-09-12 08:53:46'),(235,151,144,61,1,2030,2030,45,'2022-09-12 08:53:46'),(236,164,145,44,2,2340,4680,60,'2022-09-12 14:20:50'),(237,129,146,44,1,2340,2340,60,'2022-09-13 06:34:25'),(238,129,146,49,1,1260,1260,50,'2022-09-13 06:34:25'),(239,179,147,44,1,2340,2340,60,'2022-09-13 08:58:51'),(240,179,148,61,2,2030,4060,45,'2022-09-13 09:02:36'),(241,129,149,44,1,2340,2340,60,'2022-09-13 14:27:35'),(242,162,150,44,5,2340,11700,60,'2022-09-14 13:00:47'),(243,162,151,44,2,1950,3900,50,'2022-09-14 13:01:51'),(244,94,152,47,1,1980,1980,45,'2022-09-15 08:17:51'),(245,94,153,48,1,2750,2750,50,'2022-09-15 08:20:18'),(246,182,154,50,1,960,960,40,'2022-09-16 09:17:22'),(247,182,155,50,1,960,960,40,'2022-09-16 09:19:54'),(248,168,156,44,1,2340,2340,60,'2022-09-16 19:26:22'),(249,168,156,47,1,1980,1980,45,'2022-09-16 19:26:22'),(250,168,156,56,1,1400,1400,50,'2022-09-16 19:26:22'),(251,182,157,44,1,2340,2340,60,'2022-09-17 15:45:11'),(252,122,158,44,2,2340,4680,60,'2022-09-18 17:55:55'),(253,122,158,47,3,1980,5940,45,'2022-09-18 17:55:55'),(254,122,158,49,2,1260,2520,50,'2022-09-18 17:55:55'),(255,179,159,44,3,2340,7020,60,'2022-09-20 10:30:56'),(256,179,160,61,1,2030,2030,45,'2022-09-20 10:31:58'),(257,93,161,56,1,1400,1400,50,'2022-09-23 12:41:16'),(258,93,162,44,1,2340,2340,60,'2022-09-23 12:41:50'),(259,93,163,48,1,2750,2750,50,'2022-09-24 08:50:25'),(260,186,164,47,1,1980,1980,45,'2022-09-24 13:08:58'),(261,186,165,47,1,1980,1980,45,'2022-09-24 13:11:46'),(262,159,166,44,3,2340,7020,60,'2022-09-24 15:16:10'),(263,159,166,47,3,1980,5940,45,'2022-09-24 15:16:10'),(264,175,167,49,2,1260,2520,50,'2022-09-25 07:48:56'),(265,175,168,48,1,2750,2750,50,'2022-09-25 07:50:19'),(266,155,169,47,4,1980,7920,45,'2022-09-25 09:10:35'),(267,184,170,49,1,1260,1260,50,'2022-09-25 15:55:06'),(268,180,171,44,2,1950,3900,50,'2022-09-26 08:09:26'),(269,180,171,49,2,1260,2520,50,'2022-09-26 08:09:26'),(270,92,172,57,1,1300,1300,50,'2022-09-26 09:48:10'),(271,129,173,44,1,2340,2340,60,'2022-09-27 13:59:13'),(272,129,174,49,1,1260,1260,50,'2022-09-27 14:00:03'),(273,122,175,44,2,2340,4680,60,'2022-09-27 18:07:38'),(274,122,175,49,2,1260,2520,50,'2022-09-27 18:07:38'),(275,122,175,57,1,1300,1300,50,'2022-09-27 18:07:38'),(276,122,176,45,1,1950,1950,50,'2022-09-27 18:11:42'),(277,188,177,47,1,1980,1980,45,'2022-09-28 12:09:42'),(278,90,178,44,2,1950,3900,50,'2022-09-29 08:04:36'),(279,90,178,47,1,1980,1980,45,'2022-09-29 08:04:36'),(280,182,179,44,1,2280,2280,60,'2022-09-30 12:51:39'),(281,192,180,44,1,1900,1900,50,'2022-09-30 15:28:22'),(282,192,180,47,1,2100,2100,NULL,'2022-09-30 15:28:22'),(283,180,181,48,1,2700,2700,50,'2022-10-01 11:45:13'),(284,180,181,49,1,1260,1260,50,'2022-10-01 11:45:13'),(285,100,182,44,1,2280,2280,60,'2022-10-01 17:14:26'),(286,97,183,45,7,1900,13300,50,'2022-10-02 14:49:09'),(287,131,184,49,18,1260,22680,50,'2022-10-03 17:40:06'),(288,131,184,46,53,1805,95665,NULL,'2022-10-03 17:40:06'),(289,131,184,44,2,1900,3800,50,'2022-10-03 17:40:06'),(290,131,184,47,1,2100,2100,NULL,'2022-10-03 17:40:06'),(291,131,184,45,2,1900,3800,50,'2022-10-03 17:40:06'),(292,110,185,44,2,1900,3800,50,'2022-10-03 17:44:37'),(293,179,186,44,1,2280,2280,60,'2022-10-05 17:39:43'),(294,179,187,61,1,1940,1940,45,'2022-10-05 17:41:27'),(295,95,188,52,1,2400,2400,50,'2022-10-06 20:56:49'),(296,95,188,44,1,2280,2280,60,'2022-10-06 20:56:49'),(297,95,189,52,1,2400,2400,50,'2022-10-06 20:57:38'),(298,95,189,44,1,2280,2280,60,'2022-10-06 20:57:38'),(299,122,190,47,3,2100,6300,NULL,'2022-10-07 14:44:21'),(300,122,190,44,1,2280,2280,60,'2022-10-07 14:44:21'),(301,122,190,49,2,1260,2520,50,'2022-10-07 14:44:21'),(302,122,190,57,2,1300,2600,50,'2022-10-07 14:44:21'),(303,122,191,47,1,2100,2100,NULL,'2022-10-07 14:49:10'),(304,122,191,50,1,960,960,40,'2022-10-07 14:49:10'),(305,131,192,49,32,1260,40320,50,'2022-10-07 17:37:26'),(306,131,192,46,103,1805,185915,NULL,'2022-10-07 17:37:26'),(307,131,192,44,6,1900,11400,50,'2022-10-07 17:37:26'),(308,131,192,45,1,1900,1900,50,'2022-10-07 17:37:26'),(309,131,192,47,1,2100,2100,NULL,'2022-10-07 17:37:26'),(310,151,193,61,1,1940,1940,45,'2022-10-09 12:07:49'),(311,151,193,44,1,2280,2280,60,'2022-10-09 12:07:49'),(312,139,194,57,5,1300,6500,50,'2022-10-09 14:25:43'),(313,139,194,47,2,2100,4200,NULL,'2022-10-09 14:25:43'),(314,139,194,44,2,1900,3800,50,'2022-10-09 14:25:43'),(315,164,195,44,2,2280,4560,60,'2022-10-10 11:41:54'),(316,93,196,44,1,2280,2280,60,'2022-10-10 12:28:37'),(317,93,196,56,1,1400,1400,50,'2022-10-10 12:28:37'),(318,180,197,44,2,1900,3800,50,'2022-10-10 13:14:20'),(319,180,197,49,2,1260,2520,50,'2022-10-10 13:14:20'),(320,129,198,44,1,1950,1950,50,'2022-10-10 16:09:41'),(321,129,199,49,1,1260,1260,50,'2022-10-10 16:10:15'),(322,131,200,49,4,1260,5040,50,'2022-10-10 18:10:20'),(323,131,200,46,4,1850,7400,NULL,'2022-10-10 18:10:20'),(324,103,201,48,1,2700,2700,50,'2022-10-11 15:23:28'),(325,103,201,50,1,960,960,40,'2022-10-11 15:23:28'),(326,103,201,56,1,1400,1400,50,'2022-10-11 15:23:28'),(327,103,201,49,1,1260,1260,50,'2022-10-11 15:23:28'),(328,122,202,57,1,1300,1300,50,'2022-10-11 15:29:38'),(329,175,203,48,1,2700,2700,50,'2022-10-12 05:08:59'),(330,175,203,57,1,1300,1300,50,'2022-10-12 05:08:59'),(331,175,203,49,1,1260,1260,50,'2022-10-12 05:08:59'),(332,203,204,53,1,1330,1330,50,'2022-10-12 08:12:09'),(333,203,204,44,1,2340,2340,60,'2022-10-12 08:12:09'),(334,97,205,44,5,1950,9750,50,'2022-10-12 09:39:56'),(335,97,206,47,1,2200,2200,NULL,'2022-10-12 09:42:44'),(336,97,207,57,1,1300,1300,50,'2022-10-12 09:45:37'),(337,131,208,46,40,1850,74000,NULL,'2022-10-12 14:19:32'),(338,131,208,49,4,1260,5040,50,'2022-10-12 14:19:32'),(339,131,208,47,1,2200,2200,NULL,'2022-10-12 14:19:32'),(340,103,209,45,2,1950,3900,50,'2022-10-12 15:28:52'),(341,103,210,46,1,1850,1850,NULL,'2022-10-12 15:55:19'),(342,103,211,46,1,1850,1850,NULL,'2022-10-12 15:55:21'),(343,103,212,46,1,1850,1850,NULL,'2022-10-12 15:56:06'),(344,103,213,46,5,1850,9250,NULL,'2022-10-12 16:06:00'),(345,103,213,45,1,1950,1950,50,'2022-10-12 16:06:01'),(346,110,214,44,1,1950,1950,50,'2022-10-12 18:02:46'),(347,110,214,44,1,2340,2340,60,'2022-10-12 18:02:46'),(348,110,215,48,1,2700,2700,50,'2022-10-12 18:04:12'),(349,110,216,48,2,2700,5400,50,'2022-10-12 18:07:06'),(350,103,217,46,5,1850,9250,NULL,'2022-10-12 22:45:52'),(351,103,217,45,1,1950,1950,50,'2022-10-12 22:45:52'),(352,103,218,44,1,1560,1560,40,'2022-10-12 22:59:22'),(353,103,219,44,1,1560,1560,40,'2022-10-12 23:12:37'),(354,103,220,44,1,1560,1560,40,'2022-10-12 23:13:19'),(355,103,221,44,1,1560,1560,40,'2022-10-12 23:13:57'),(356,103,222,44,1,1560,1560,40,'2022-10-12 23:19:14'),(357,103,223,44,1,1560,1560,40,'2022-10-12 23:22:09'),(358,103,224,44,1,1560,1560,40,'2022-10-12 23:22:53'),(359,103,225,44,1,1560,1560,40,'2022-10-12 23:25:29'),(360,103,226,44,1,1560,1560,40,'2022-10-12 23:31:01'),(361,103,227,44,1,1560,1560,40,'2022-10-12 23:35:03'),(362,103,228,44,1,1560,1560,40,'2022-10-12 23:36:53'),(363,103,229,44,1,1560,1560,40,'2022-10-12 23:37:34'),(364,103,230,44,1,1560,1560,40,'2022-10-12 23:44:04'),(365,103,231,44,1,1560,1560,40,'2022-10-12 23:44:39'),(366,103,232,44,2,1560,3120,40,'2022-10-12 23:49:29'),(367,103,232,47,1,2200,2200,NULL,'2022-10-12 23:49:29'),(368,103,233,44,2,1560,3120,40,'2022-10-12 23:50:25'),(369,103,233,47,1,2200,2200,NULL,'2022-10-12 23:50:25'),(370,103,234,44,2,1560,3120,40,'2022-10-13 09:56:21'),(371,103,234,47,1,2200,2200,NULL,'2022-10-13 09:56:21'),(372,103,235,44,2,1560,3120,40,'2022-10-13 09:57:09'),(373,103,235,47,1,2200,2200,NULL,'2022-10-13 09:57:09'),(374,103,236,44,2,1560,3120,40,'2022-10-13 09:58:23'),(375,103,236,47,1,2200,2200,NULL,'2022-10-13 09:58:23'),(376,103,237,44,2,1560,3120,40,'2022-10-13 10:09:23'),(377,103,237,47,1,2200,2200,NULL,'2022-10-13 10:09:23'),(378,103,238,44,2,1560,3120,40,'2022-10-13 10:13:34'),(379,103,238,47,1,2200,2200,NULL,'2022-10-13 10:13:34'),(380,103,239,44,2,1560,3120,40,'2022-10-13 10:15:25'),(381,103,239,47,1,2200,2200,NULL,'2022-10-13 10:15:25'),(382,103,240,44,2,1560,3120,40,'2022-10-13 10:16:41'),(383,103,240,47,1,2200,2200,NULL,'2022-10-13 10:16:41'),(384,103,241,44,2,1560,3120,40,'2022-10-13 10:26:46'),(385,103,241,47,1,2200,2200,NULL,'2022-10-13 10:26:46'),(386,103,242,44,2,1560,3120,40,'2022-10-13 10:39:32'),(387,103,242,47,1,2200,2200,NULL,'2022-10-13 10:39:32'),(388,90,243,44,2,1950,3900,50,'2022-10-13 10:57:00'),(389,90,243,47,1,2200,2200,NULL,'2022-10-13 10:57:00'),(390,203,244,55,1,2100,2100,NULL,'2022-10-14 10:39:03'),(391,103,245,44,2,1560,3120,40,'2022-10-14 11:39:35'),(392,103,245,47,1,2200,2200,NULL,'2022-10-14 11:39:35'),(393,94,246,44,1,2340,2340,60,'2022-10-14 12:48:45'),(394,205,247,61,1,2030,2030,45,'2022-10-15 08:53:36'),(395,92,248,44,1,2340,2340,60,'2022-10-15 12:43:44'),(396,122,249,44,3,2220,6660,60,'2022-10-16 18:06:17'),(397,122,249,47,1,2100,2100,NULL,'2022-10-16 18:06:17'),(398,122,249,49,2,1260,2520,50,'2022-10-16 18:06:17'),(399,122,249,57,1,1330,1330,50,'2022-10-16 18:06:17'),(400,122,249,50,1,960,960,40,'2022-10-16 18:06:17'),(401,151,250,44,1,2220,2220,60,'2022-10-18 12:29:38'),(402,151,250,48,1,2750,2750,50,'2022-10-18 12:29:38'),(403,151,250,61,1,1940,1940,45,'2022-10-18 12:29:38'),(404,203,251,44,1,1480,1480,40,'2022-10-22 08:30:22'),(405,203,251,47,1,2100,2100,NULL,'2022-10-22 08:30:22'),(406,93,252,44,1,2220,2220,60,'2022-10-22 10:39:38'),(407,93,252,48,1,2750,2750,50,'2022-10-22 10:39:38'),(408,179,253,44,2,1850,3700,50,'2022-10-22 12:14:44'),(409,179,253,61,2,1940,3880,45,'2022-10-22 12:14:44'),(410,106,254,47,2,2100,4200,NULL,'2022-10-24 08:45:26'),(411,106,255,44,2,2220,4440,60,'2022-10-24 08:47:31'),(412,123,256,50,1,960,960,40,'2022-10-25 09:27:56'),(413,123,256,57,2,1330,2660,50,'2022-10-25 09:27:56'),(414,123,257,50,1,960,960,40,'2022-10-25 09:29:57'),(415,123,257,57,2,1330,2660,50,'2022-10-25 09:29:57'),(416,210,258,47,2,2100,4200,NULL,'2022-10-25 15:16:07'),(417,210,258,53,1,1300,1300,50,'2022-10-25 15:16:07'),(418,212,259,44,1,1850,1850,50,'2022-10-26 07:28:58'),(419,212,259,49,1,1260,1260,50,'2022-10-26 07:28:58'),(420,95,260,44,1,2220,2220,60,'2022-10-27 07:09:39'),(421,95,261,44,1,2220,2220,60,'2022-10-27 08:24:50'),(422,95,261,52,1,2400,2400,50,'2022-10-27 08:24:50'),(423,213,262,44,2,1850,3700,50,'2022-10-27 14:09:48'),(424,213,262,47,2,2100,4200,NULL,'2022-10-27 14:09:48'),(425,213,262,50,1,960,960,40,'2022-10-27 14:09:48'),(426,122,263,61,3,1940,5820,45,'2022-10-27 18:09:09'),(427,122,263,49,2,1260,2520,50,'2022-10-27 18:09:09'),(428,122,263,57,1,1330,1330,50,'2022-10-27 18:09:09'),(429,122,263,44,1,2220,2220,60,'2022-10-27 18:09:09'),(430,215,264,47,2,2100,4200,NULL,'2022-10-29 08:14:16'),(431,215,264,44,1,1850,1850,50,'2022-10-29 08:14:16'),(432,192,265,44,1,1850,1850,50,'2022-10-29 12:29:43'),(433,192,266,44,1,1850,1850,50,'2022-10-29 12:29:59'),(434,216,267,44,1,2220,2220,60,'2022-10-29 16:24:00'),(435,209,268,44,1,1480,1480,40,'2022-10-30 10:00:31'),(436,209,268,57,2,1380,2760,50,'2022-10-30 10:00:31'),(437,175,269,48,1,2750,2750,50,'2022-10-31 07:39:32'),(438,175,269,49,1,1260,1260,50,'2022-10-31 07:39:32'),(439,175,269,57,1,1380,1380,50,'2022-10-31 07:39:32'),(440,93,270,56,2,1400,2800,50,'2022-10-31 08:07:27'),(441,97,271,44,5,1850,9250,50,'2022-10-31 17:23:15'),(442,97,271,57,1,1380,1380,50,'2022-10-31 17:23:15'),(443,129,272,61,1,1940,1940,45,'2022-11-01 13:53:11'),(444,129,273,44,1,1850,1850,50,'2022-11-01 13:58:07'),(445,164,274,44,2,2220,4440,60,'2022-11-02 14:08:59'),(446,98,275,44,1,2220,2220,60,'2022-11-03 09:20:34'),(447,179,276,44,2,2220,4440,60,'2022-11-03 12:15:58'),(448,179,277,61,1,1940,1940,45,'2022-11-03 12:16:45'),(449,179,278,68,1,1600,1600,NULL,'2022-11-03 12:17:15'),(450,137,279,47,2,2100,4200,NULL,'2022-11-04 12:52:39'),(451,137,279,53,2,1330,2660,50,'2022-11-04 12:52:39'),(452,137,279,57,2,1380,2760,50,'2022-11-04 12:52:39'),(453,97,280,44,7,1850,12950,50,'2022-11-04 13:28:18'),(454,97,281,44,7,1850,12950,50,'2022-11-04 13:29:12'),(455,97,282,47,1,2100,2100,NULL,'2022-11-04 13:30:27'),(456,97,283,57,1,1380,1380,50,'2022-11-04 13:30:57'),(457,218,284,44,4,2220,8880,60,'2022-11-06 11:27:43'),(458,98,285,44,1,2280,2280,60,'2022-11-06 17:13:58'),(459,98,286,44,1,2280,2280,60,'2022-11-07 07:32:44'),(460,98,287,53,1,1330,1330,50,'2022-11-07 07:34:53'),(461,212,288,49,1,1260,1260,50,'2022-11-07 07:58:35'),(462,212,288,47,1,2200,2200,NULL,'2022-11-07 07:58:35'),(463,212,288,44,1,1900,1900,50,'2022-11-07 07:58:35'),(464,122,289,47,2,2200,4400,NULL,'2022-11-07 18:14:50'),(465,122,289,57,2,1400,2800,50,'2022-11-07 18:14:50'),(466,122,289,44,2,2280,4560,60,'2022-11-07 18:14:50'),(467,122,289,49,2,1260,2520,50,'2022-11-07 18:14:50'),(468,98,290,44,2,2280,4560,60,'2022-11-09 10:24:28'),(469,98,291,68,2,1600,3200,NULL,'2022-11-09 10:25:14'),(470,92,292,44,1,2280,2280,60,'2022-11-09 12:57:49'),(471,92,293,44,1,2280,2280,60,'2022-11-09 12:58:16'),(472,92,294,57,1,1400,1400,50,'2022-11-09 12:59:23'),(473,92,295,50,2,960,1920,40,'2022-11-09 15:15:58'),(474,221,296,44,1,2280,2280,60,'2022-11-10 07:13:05'),(475,221,297,50,1,960,960,40,'2022-11-10 07:18:38'),(476,213,298,44,1,1900,1900,50,'2022-11-10 11:08:45'),(477,213,298,50,2,960,1920,40,'2022-11-10 11:08:45'),(478,97,299,44,10,1900,19000,50,'2022-11-12 12:50:24'),(479,95,300,44,1,2280,2280,60,'2022-11-13 07:50:35'),(480,95,301,52,1,2800,2800,50,'2022-11-13 07:52:18'),(481,129,302,44,1,2280,2280,60,'2022-11-13 16:20:19'),(482,55,303,44,1,1900,1900,50,'2022-11-16 11:36:52'),(483,122,304,44,1,2280,2280,60,'2022-11-17 18:08:59'),(484,122,304,61,2,2070,4140,45,'2022-11-17 18:08:59'),(485,122,304,49,2,1260,2520,50,'2022-11-17 18:08:59'),(486,122,304,53,1,1280,1280,50,'2022-11-17 18:08:59'),(487,77,305,44,2,2280,4560,60,'2022-11-17 20:23:44'),(488,77,306,49,2,1260,2520,50,'2022-11-17 20:28:26'),(489,77,307,57,1,1450,1450,50,'2022-11-17 20:29:38'),(490,223,308,44,1,1900,1900,50,'2022-11-18 08:05:41'),(491,223,309,53,1,1280,1280,50,'2022-11-18 08:06:38'),(492,93,310,44,1,2280,2280,60,'2022-11-18 13:09:59'),(493,93,311,47,1,2250,2250,NULL,'2022-11-18 13:10:43'),(494,182,312,44,1,2280,2280,60,'2022-11-19 09:48:38'),(495,182,313,50,1,960,960,40,'2022-11-19 09:49:27'),(496,175,314,49,1,1260,1260,50,'2022-11-19 11:06:05'),(497,175,314,48,1,2900,2900,50,'2022-11-19 11:06:05'),(498,175,314,57,1,1450,1450,50,'2022-11-19 11:06:05'),(499,226,315,44,1,1520,1520,40,'2022-11-21 10:04:25'),(500,151,316,44,1,2280,2280,60,'2022-11-21 14:35:49'),(501,151,316,61,2,2070,4140,45,'2022-11-21 14:35:49'),(502,129,317,44,1,2220,2220,60,'2022-11-21 15:27:57'),(503,129,318,61,1,2070,2070,45,'2022-11-21 15:28:54'),(504,122,319,61,1,2070,2070,45,'2022-11-21 16:26:13'),(505,93,320,44,1,2220,2220,60,'2022-11-22 13:16:14'),(506,93,321,56,1,1400,1400,50,'2022-11-22 13:17:03'),(507,93,322,48,1,2950,2950,50,'2022-11-22 13:17:35'),(508,77,323,44,2,2220,4440,60,'2022-11-23 10:22:42'),(509,77,324,49,2,1260,2520,50,'2022-11-23 10:23:52'),(510,213,325,44,2,1850,3700,50,'2022-11-24 10:00:52'),(511,213,325,50,1,960,960,40,'2022-11-24 10:00:52'),(512,213,325,53,2,1230,2460,50,'2022-11-24 10:00:52'),(513,212,326,44,1,1850,1850,50,'2022-11-24 11:31:41'),(514,212,326,49,1,1260,1260,50,'2022-11-24 11:31:41'),(515,209,327,44,2,2220,4440,60,'2022-11-26 08:51:58'),(516,209,327,49,2,1260,2520,50,'2022-11-26 08:51:58'),(517,218,328,44,5,2220,11100,60,'2022-11-27 09:06:18'),(518,218,329,44,5,2220,11100,60,'2022-11-27 09:06:33'),(519,164,330,44,2,2220,4440,60,'2022-11-27 14:49:07'),(520,164,331,44,3,2220,6660,60,'2022-11-27 14:58:12'),(521,98,332,44,1,2220,2220,60,'2022-11-27 17:40:05'),(522,98,333,61,1,2070,2070,45,'2022-11-27 17:40:43'),(523,98,334,68,1,1650,1650,NULL,'2022-11-27 17:41:12'),(524,137,335,57,1,1450,1450,50,'2022-11-29 12:44:08'),(525,137,335,53,2,1280,2560,50,'2022-11-29 12:44:08'),(526,137,335,47,1,2250,2250,NULL,'2022-11-29 12:44:08'),(527,168,336,44,1,2220,2220,60,'2022-11-29 15:13:11'),(528,168,336,47,1,2250,2250,NULL,'2022-11-29 15:13:11'),(529,215,337,47,2,2250,4500,NULL,'2022-11-29 20:40:03'),(530,215,337,44,2,1850,3700,50,'2022-11-29 20:40:03'),(531,180,338,44,2,1850,3700,50,'2022-11-29 20:59:07'),(532,180,338,49,2,1260,2520,50,'2022-11-29 20:59:07'),(533,92,339,57,1,1450,1450,50,'2022-11-30 13:56:17'),(534,92,339,68,1,1650,1650,NULL,'2022-11-30 13:56:17'),(535,93,340,44,2,2220,4440,60,'2022-12-01 07:32:56'),(536,93,341,56,1,1400,1400,50,'2022-12-01 07:33:43'),(537,97,342,44,10,1850,18500,50,'2022-12-01 11:21:05'),(538,97,343,57,1,1450,1450,50,'2022-12-01 11:22:09'),(539,77,344,44,3,2220,6660,60,'2022-12-01 12:16:55'),(540,77,345,49,5,1260,6300,50,'2022-12-01 12:18:17'),(541,77,346,57,1,1450,1450,50,'2022-12-01 12:19:28'),(542,222,347,44,2,2220,4440,60,'2022-12-03 08:08:09'),(543,223,348,44,1,1850,1850,50,'2022-12-04 08:20:39'),(544,223,349,53,1,1280,1280,50,'2022-12-04 08:21:55'),(545,223,350,49,1,1260,1260,50,'2022-12-04 08:22:59'),(546,151,351,44,1,2220,2220,60,'2022-12-05 10:59:11'),(547,151,351,61,1,2070,2070,45,'2022-12-05 10:59:11'),(548,212,352,44,1,1850,1850,50,'2022-12-05 15:08:09'),(549,212,352,49,1,1260,1260,50,'2022-12-05 15:08:09'),(550,212,353,44,1,1850,1850,50,'2022-12-06 18:21:08'),(551,235,354,44,2,1800,3600,50,'2022-12-07 15:58:36'),(552,180,355,48,1,2950,2950,50,'2022-12-09 15:54:27'),(553,180,355,49,1,1260,1260,50,'2022-12-09 15:54:27'),(554,229,356,44,1,1800,1800,50,'2022-12-10 12:52:22'),(555,229,356,50,1,960,960,40,'2022-12-10 12:52:22'),(556,229,356,53,1,1280,1280,50,'2022-12-10 12:52:22'),(557,229,356,56,1,1400,1400,50,'2022-12-10 12:52:22'),(558,229,357,44,1,1800,1800,50,'2022-12-10 12:53:21'),(559,229,357,50,1,960,960,40,'2022-12-10 12:53:21'),(560,229,357,53,1,1280,1280,50,'2022-12-10 12:53:21'),(561,229,357,56,1,1400,1400,50,'2022-12-10 12:53:21'),(562,137,358,47,2,2200,4400,NULL,'2022-12-10 17:06:56'),(563,137,358,44,1,1440,1440,40,'2022-12-10 17:06:56'),(564,137,358,57,3,1450,4350,50,'2022-12-10 17:06:56'),(565,137,358,53,1,1280,1280,50,'2022-12-10 17:06:56'),(566,180,359,48,1,2950,2950,50,'2022-12-10 20:27:48'),(567,180,359,49,1,1260,1260,50,'2022-12-10 20:27:48'),(568,223,360,55,1,2250,2250,NULL,'2022-12-11 11:18:23'),(569,223,361,56,1,1400,1400,50,'2022-12-11 11:18:59'),(570,223,362,56,1,1400,1400,50,'2022-12-11 11:19:47'),(571,223,363,47,1,2200,2200,NULL,'2022-12-11 11:20:47'),(572,213,364,44,1,1800,1800,50,'2022-12-12 08:19:27'),(573,213,364,47,1,2200,2200,NULL,'2022-12-12 08:19:27'),(574,213,364,50,2,960,1920,40,'2022-12-12 08:19:27'),(575,213,364,53,1,1280,1280,50,'2022-12-12 08:19:27'),(576,151,365,44,1,2180,2180,60,'2022-12-12 12:32:26'),(577,92,366,45,1,1800,1800,50,'2022-12-12 17:28:52'),(578,92,366,68,1,1650,1650,NULL,'2022-12-12 17:28:52'),(579,92,366,57,1,1450,1450,50,'2022-12-12 17:28:52'),(580,92,366,50,1,960,960,40,'2022-12-12 17:28:52'),(581,151,367,44,1,2180,2180,60,'2022-12-13 09:11:05'),(582,151,367,61,2,2030,4060,45,'2022-12-13 09:11:05'),(583,192,368,44,2,1800,3600,50,'2022-12-13 11:06:13'),(584,97,369,44,6,1800,10800,50,'2022-12-14 09:28:53'),(585,97,370,57,1,1450,1450,50,'2022-12-14 09:29:56'),(586,226,371,44,1,1440,1440,40,'2022-12-15 09:07:47'),(587,222,372,44,2,2180,4360,60,'2022-12-15 17:42:38'),(588,209,373,49,3,1260,3780,50,'2022-12-16 09:40:05'),(589,209,373,44,1,2180,2180,60,'2022-12-16 09:40:05'),(590,209,373,61,1,2030,2030,45,'2022-12-16 09:40:05'),(591,182,374,44,1,2180,2180,60,'2022-12-16 13:41:35'),(592,182,375,44,1,2180,2180,60,'2022-12-16 13:41:50'),(593,182,376,50,1,960,960,40,'2022-12-16 13:42:39'),(594,98,377,53,1,1280,1280,50,'2022-12-17 12:18:19'),(595,182,378,44,1,2180,2180,60,'2022-12-17 14:10:22'),(596,212,379,44,1,1800,1800,50,'2022-12-17 16:54:15'),(597,212,379,49,1,1260,1260,50,'2022-12-17 16:54:15'),(598,122,380,44,2,2180,4360,60,'2022-12-17 18:09:34'),(599,122,380,53,2,1280,2560,50,'2022-12-17 18:09:34'),(600,122,380,61,3,2030,6090,45,'2022-12-17 18:09:34'),(601,122,381,44,2,2180,4360,60,'2022-12-17 18:22:44'),(602,122,381,53,1,1280,1280,50,'2022-12-17 18:22:44'),(603,122,381,61,1,2030,2030,45,'2022-12-17 18:22:44'),(604,122,381,57,2,1450,2900,50,'2022-12-17 18:22:44'),(605,77,382,44,1,2180,2180,60,'2022-12-17 19:16:35'),(606,77,382,49,2,1260,2520,50,'2022-12-17 19:16:35'),(607,77,383,44,1,2180,2180,60,'2022-12-17 19:18:13'),(608,77,384,49,2,1260,2520,50,'2022-12-17 19:19:04'),(609,222,385,44,2,2180,4360,60,'2022-12-18 08:46:07'),(610,241,386,47,1,2200,2200,NULL,'2022-12-18 08:59:36'),(611,241,386,44,1,1440,1440,40,'2022-12-18 08:59:36'),(612,241,386,53,1,1280,1280,50,'2022-12-18 08:59:36'),(613,77,387,44,1,2180,2180,60,'2022-12-18 10:45:17'),(614,77,388,57,1,1450,1450,50,'2022-12-18 10:46:49'),(615,241,389,54,1,1300,1300,40,'2022-12-18 18:02:19'),(616,93,390,48,1,2950,2950,50,'2022-12-19 08:08:16'),(617,215,391,47,2,2200,4400,NULL,'2022-12-19 15:56:19'),(618,215,391,44,2,1800,3600,50,'2022-12-19 15:56:19'),(619,235,392,53,1,1280,1280,50,'2022-12-19 18:55:04'),(620,235,392,68,1,1650,1650,NULL,'2022-12-19 18:55:04'),(621,235,392,57,1,1450,1450,50,'2022-12-19 18:55:04'),(622,235,392,44,3,1800,5400,50,'2022-12-19 18:55:04'),(623,235,392,48,1,2950,2950,50,'2022-12-19 18:55:04'),(624,235,392,47,1,2200,2200,NULL,'2022-12-19 18:55:04'),(625,235,393,53,1,1280,1280,50,'2022-12-19 18:55:55'),(626,235,393,68,1,1650,1650,NULL,'2022-12-19 18:55:55'),(627,235,393,57,1,1450,1450,50,'2022-12-19 18:55:55'),(628,235,393,44,3,1800,5400,50,'2022-12-19 18:55:55'),(629,235,393,48,1,2950,2950,50,'2022-12-19 18:55:55'),(630,235,393,47,1,2200,2200,NULL,'2022-12-19 18:55:55'),(631,246,394,53,1,1280,1280,50,'2022-12-19 20:50:23'),(632,93,395,56,1,1400,1400,50,'2022-12-20 08:20:44'),(633,93,396,44,1,2180,2180,60,'2022-12-20 08:21:12'),(634,98,397,44,1,2180,2180,60,'2022-12-20 12:34:55'),(635,164,398,44,2,2180,4360,60,'2022-12-20 14:28:49');
/*!40000 ALTER TABLE `order_details` ENABLE KEYS */;
UNLOCK TABLES;

--
-- Table structure for table `orders`
--

DROP TABLE IF EXISTS `orders`;
/*!40101 SET @saved_cs_client     = @@character_set_client */;
/*!50503 SET character_set_client = utf8mb4 */;
CREATE TABLE `orders` (
  `id` int NOT NULL AUTO_INCREMENT,
  `user_id` int NOT NULL,
  `delivery_charges` float DEFAULT '0',
  `discount` float DEFAULT '0',
  `wallet` int DEFAULT NULL,
  `sub_total` float NOT NULL DEFAULT '0',
  `total_amount` float DEFAULT '0',
  `slot_id` int NOT NULL,
  `order_date` timestamp NOT NULL DEFAULT CURRENT_TIMESTAMP,
  `razorpay_order_id` varchar(250) DEFAULT NULL,
  `razorpay_payment_id` varchar(250) DEFAULT NULL,
  `razorpay_signature` varchar(250) DEFAULT NULL,
  `order_status` enum('Cancelled','Pending','Dispatch','Delivered') NOT NULL DEFAULT 'Pending',
  `payment_status` enum('approved','pending','rejected') NOT NULL DEFAULT 'pending',
  `address_type` varchar(250) DEFAULT NULL,
  `billng_address` text,
  `delivery_date` datetime DEFAULT NULL,
  `latitude` float DEFAULT NULL,
  `longitude` float DEFAULT NULL,
  `locality` varchar(200) DEFAULT NULL,
  `payment_mode` varchar(45) DEFAULT NULL,
  PRIMARY KEY (`id`)
) ENGINE=InnoDB AUTO_INCREMENT=399 DEFAULT CHARSET=utf8mb3;
/*!40101 SET character_set_client = @saved_cs_client */;

--
-- Dumping data for table `orders`
--

LOCK TABLES `orders` WRITE;
/*!40000 ALTER TABLE `orders` DISABLE KEYS */;
INSERT INTO `orders` VALUES (2,67,0,0,0,1650,1650,1,'2021-12-23 13:19:54',NULL,NULL,NULL,'Delivered','pending','',',','2021-12-24 00:00:00',27.3359,75.5838,'Parasrampura','COD'),(3,67,0,0,0,3300,3300,1,'2021-12-24 03:34:41',NULL,NULL,NULL,'Delivered','pending','',',','2021-12-25 00:00:00',27.3359,75.5838,'Parasrampura','COD'),(4,67,0,0,0,2030,2030,1,'2021-12-24 03:35:36',NULL,NULL,NULL,'Delivered','pending','',',','2021-12-25 00:00:00',27.3359,75.5838,'Parasrampura','COD'),(5,67,0,0,0,2030,2030,1,'2021-12-24 03:37:31',NULL,NULL,NULL,'Delivered','pending','',',','2021-12-25 00:00:00',27.3359,75.5838,'Parasrampura','COD'),(6,74,0,0,0,2030,2030,2,'2021-12-24 07:32:26',NULL,NULL,NULL,'Delivered','pending','',',','2021-12-24 00:00:00',27.3359,75.5838,'Parasrampura','COD'),(7,67,0,0,0,3300,3300,4,'2021-12-24 10:13:50',NULL,NULL,NULL,'Delivered','pending','',',','2021-12-27 00:00:00',27.3359,75.5838,'Parasrampura','COD'),(8,77,0,0,0,6600,6600,1,'2021-12-24 13:04:43',NULL,NULL,NULL,'Delivered','pending','',',','2021-12-25 00:00:00',27.3359,75.5838,'Parasrampura','COD'),(37,83,0,0,0,1560,1560,5,'2022-07-26 13:10:39',NULL,NULL,NULL,'Delivered','pending','','678 iiihhhh,','2022-07-26 00:00:00',27.3365,75.5834,'Parasrampura','COD'),(38,84,0,0,0,1860,1860,1,'2022-07-26 13:12:25','order_Jy0TrTOkjyXcoO',NULL,NULL,'Delivered','pending','Home','sargoth,Reengus, सीकर मार्ग, माहरौली, राजस्थान, भारत','2022-07-27 00:00:00',27.3764,75.575,'Parasrampura','Online'),(39,84,0,0,0,930,930,5,'2022-07-26 13:15:29','order_Jy0X500xqXOKXJ',NULL,NULL,'Delivered','pending','Home','sargoth,Reengus, सीकर मार्ग, माहरौली, राजस्थान, भारत','2022-07-26 00:00:00',27.3764,75.575,'Parasrampura','Online'),(40,84,0,0,0,930,930,5,'2022-07-26 13:15:30','order_Jy0X6CQ1PGFQBg','pay_Jy0XDXstoARDXh','2547152fe3146ec234d22673467d1f76e20bfbc0479a775338e2c1946ea6799d','Delivered','approved','Home','sargoth,Reengus, सीकर मार्ग, माहरौली, राजस्थान, भारत','2022-07-26 00:00:00',27.3764,75.575,'Parasrampura','Online'),(41,83,0,0,0,1950,1950,4,'2022-07-26 13:17:51','order_Jy0ZaFAQcRCJMi',NULL,NULL,'Cancelled','pending','','678 iiihhhh,','2022-07-27 00:00:00',27.3365,75.5834,'Parasrampura','Online'),(42,83,0,0,0,1950,1950,4,'2022-07-26 13:28:15','order_Jy0kZ0BUQxqKou',NULL,NULL,'Cancelled','pending','','678 iiihhhh,','2022-07-26 00:00:00',27.3365,75.5834,'Parasrampura','Online'),(43,85,0,0,0,1950,1950,3,'2022-07-26 13:52:28',NULL,NULL,NULL,'Cancelled','pending','Home','Ffhkkgc,','2022-07-27 00:00:00',27.3365,75.5834,'Parasrampura','COD'),(44,83,0,0,0,1980,1980,3,'2022-07-29 13:14:47','order_JzC7ijjgAwG2yE',NULL,NULL,'Delivered','pending','','678 iiihhhh,','2022-07-30 00:00:00',27.3365,75.5834,'Parasrampura','Online'),(45,89,0,0,0,2400,2400,4,'2022-07-30 11:15:28',NULL,NULL,NULL,'Delivered','pending','Home','Dinesh kumawat,','2022-07-30 00:00:00',27.3365,75.5834,'Parasrampura','COD'),(46,92,0,0,0,2400,2400,2,'2022-07-31 05:37:47',NULL,NULL,NULL,'Delivered','pending','',',','2022-07-31 00:00:00',27.3365,75.5834,'Parasrampura','COD'),(47,97,0,0,0,10000,10000,4,'2022-08-02 10:18:16',NULL,NULL,NULL,'Cancelled','pending','','Dhani mehramali,','2022-08-02 00:00:00',27.3365,75.5834,'Parasrampura','COD'),(48,105,0,0,0,2000,2000,5,'2022-08-05 12:49:50',NULL,NULL,NULL,'Delivered','pending','','Singod rasta, bus stand sargoth ,','2022-08-06 00:00:00',27.3226,75.6117,'Parasrampura','COD'),(49,94,0,0,0,2400,2400,1,'2022-08-06 02:31:56',NULL,NULL,NULL,'Delivered','pending','Home','Sargoth gadhi road thanji mod ,','2022-08-06 00:00:00',27.3013,75.621,'Parasrampura','COD'),(50,94,0,0,0,2400,2400,1,'2022-08-06 02:34:00',NULL,NULL,NULL,'Cancelled','pending','Home','Sargoth gadhi road thanji mod ,','2022-08-06 00:00:00',27.3013,75.621,'Parasrampura','COD'),(51,94,0,0,0,2400,2400,1,'2022-08-06 02:35:42',NULL,NULL,NULL,'Cancelled','pending','Home','Sargoth gadhi road thanji mod ,','2022-08-06 00:00:00',27.3013,75.621,'Parasrampura','COD'),(52,94,0,0,0,2400,2400,4,'2022-08-06 02:36:35',NULL,NULL,NULL,'Cancelled','pending','Home','Sargoth gadhi road thanji mod ,','2022-08-06 00:00:00',27.3013,75.621,'Parasrampura','COD'),(53,94,0,0,0,2400,2400,1,'2022-08-06 02:42:15',NULL,NULL,NULL,'Cancelled','pending','Home','Sargoth gadhi road thanji mod ,','2022-08-06 00:00:00',27.3013,75.621,'Parasrampura','COD'),(54,94,0,0,0,2400,2400,4,'2022-08-06 02:49:48',NULL,NULL,NULL,'Cancelled','pending','Home','Sargoth gadhi road thanji mod ,','2022-08-06 00:00:00',27.3013,75.621,'Parasrampura','COD'),(55,94,0,0,0,2400,2400,4,'2022-08-06 02:53:57',NULL,NULL,NULL,'Cancelled','pending','Home','Sargoth gadhi road thanji mod ,','2022-08-06 00:00:00',27.3013,75.621,'Parasrampura','COD'),(56,94,0,0,0,2400,2400,1,'2022-08-06 02:54:32',NULL,NULL,NULL,'Delivered','pending','Home','Sargoth gadhi road thanji mod ,','2022-08-07 00:00:00',27.3013,75.621,'Parasrampura','COD'),(57,107,0,0,0,2000,2000,2,'2022-08-06 06:31:50',NULL,NULL,NULL,'Delivered','pending','','Bus stand ke pas, singod rasta, sargoth, sargoth,','2022-08-06 00:00:00',27.3189,75.6126,'Parasrampura','COD'),(58,88,0,0,0,2400,2400,4,'2022-08-06 10:34:34',NULL,NULL,NULL,'Cancelled','pending','',',','2022-08-06 00:00:00',27.3365,75.5834,'Parasrampura','COD'),(61,111,0,0,0,3960,3960,1,'2022-08-08 04:05:41',NULL,NULL,NULL,'Cancelled','pending','',',','2022-08-08 00:00:00',27.3349,75.6435,'Parasrampura','COD'),(62,111,0,0,0,1980,1980,1,'2022-08-08 04:47:21',NULL,NULL,NULL,'Cancelled','pending','',',','2022-08-08 00:00:00',27.3349,75.6435,'Parasrampura','COD'),(73,100,0,0,0,1220,1220,4,'2022-08-09 10:13:11',NULL,NULL,NULL,'Delivered','pending','','Barala ki dhani power house riico,','2022-08-09 00:00:00',27.3401,75.6038,'Parasrampura','COD'),(74,55,0,0,0,5150,5150,2,'2022-08-09 11:26:25','order_K3W9Z51TAyMhpT',NULL,NULL,'Pending','pending','Field','Farm,Dharampal Satyapal Limited (Dairy Division) Reengus, Parasrampura, राजस्थान, भारत','2022-08-10 00:00:00',27.3324,75.5868,'Parasrampura','Online'),(75,100,0,0,0,2400,2400,1,'2022-08-10 03:33:26',NULL,NULL,NULL,'Cancelled','pending','','Barala ki dhani power house riico,','2022-08-10 00:00:00',27.3401,75.6038,'Parasrampura','COD'),(76,88,0,0,0,2400,2400,3,'2022-08-12 07:30:29',NULL,NULL,NULL,'Cancelled','pending','',',','2022-08-12 00:00:00',27.3365,75.5834,'Parasrampura','COD'),(77,88,0,0,0,1980,1980,3,'2022-08-12 07:33:04',NULL,NULL,NULL,'Cancelled','pending','Home','ढाणी हरसोलाई गांव सिरसा बगड़ी  ,','2022-08-12 00:00:00',27.3354,75.569,'Parasrampura','COD'),(78,88,0,0,0,1980,1980,3,'2022-08-12 07:39:45',NULL,NULL,NULL,'Cancelled','pending','Home','ढाणी हरसोलाई गांव सिरसा बगड़ी  ,','2022-08-12 00:00:00',27.3354,75.569,'Parasrampura','COD'),(79,88,0,0,0,2400,2400,3,'2022-08-12 07:41:04',NULL,NULL,NULL,'Cancelled','pending','Home','ढाणी हरसोलाई गांव सिरसा बगड़ी  ,','2022-08-12 00:00:00',27.3354,75.569,'Parasrampura','COD'),(80,88,0,0,0,1980,1980,4,'2022-08-12 11:19:54',NULL,NULL,NULL,'Cancelled','pending','Home','ढाणी हरसोलाई गांव सिरसा बगड़ी  ,','2022-08-12 00:00:00',27.3354,75.569,'Parasrampura','COD'),(81,88,0,0,0,2400,2400,4,'2022-08-12 11:20:55',NULL,NULL,NULL,'Cancelled','pending','Home','ढाणी हरसोलाई गांव सिरसा बगड़ी  ,','2022-08-12 00:00:00',27.3354,75.569,'Parasrampura','COD'),(82,129,0,0,0,2000,2000,4,'2022-08-12 12:10:11',NULL,NULL,NULL,'Delivered','pending','','Bhagguka wali dhani,','2022-08-13 00:00:00',27.3739,75.597,'Parasrampura','COD'),(83,129,0,0,0,2000,2000,3,'2022-08-12 12:30:51',NULL,NULL,NULL,'Cancelled','pending','','Bhagguka wali dhani,','2022-08-13 00:00:00',27.3739,75.597,'Parasrampura','COD'),(84,129,0,0,NULL,2000,2000,1,'2022-08-12 12:32:47',NULL,NULL,NULL,'Cancelled','pending','','Bhagguka wali dhani,','2022-08-13 00:00:00',27.3739,75.597,'Parasrampura','COD'),(85,88,0,0,0,2400,2400,5,'2022-08-12 12:43:48',NULL,NULL,NULL,'Delivered','pending','Home','ढाणी हरसोलाई गांव सिरसा बगड़ी  ,','2022-08-12 00:00:00',27.3354,75.569,'Parasrampura','COD'),(86,129,0,0,0,2000,2000,1,'2022-08-12 13:32:14',NULL,NULL,NULL,'Delivered','pending','','Bhagguka wali dhani,','2022-08-13 00:00:00',27.3739,75.597,'Parasrampura','COD'),(87,98,0,0,0,2400,2400,4,'2022-08-13 09:38:06',NULL,NULL,NULL,'Delivered','pending','',',','2022-08-13 00:00:00',27.3117,75.6133,'Parasrampura','COD'),(88,98,0,0,0,2400,2400,4,'2022-08-13 09:41:13',NULL,NULL,NULL,'Delivered','pending','',',','2022-08-13 00:00:00',27.3117,75.6133,'Parasrampura','COD'),(89,98,0,0,NULL,2400,2400,4,'2022-08-13 09:47:44',NULL,NULL,NULL,'Delivered','pending','Home','Dhani-bagdiya wali,','2022-08-13 00:00:00',27.3117,75.6133,'Parasrampura','COD'),(90,133,0,0,0,2000,2000,4,'2022-08-13 10:31:05',NULL,NULL,NULL,'Delivered','pending','','Bus stand sargoth ,','2022-08-13 00:00:00',27.3189,75.6126,'Parasrampura','COD'),(91,98,0,0,0,2400,2400,5,'2022-08-13 12:07:47',NULL,NULL,NULL,'Cancelled','pending','Home','Dhani-bagdiya wali,','2022-08-13 00:00:00',27.3117,75.6133,'Parasrampura','COD'),(92,95,0,0,0,3940,3940,1,'2022-08-14 10:56:04',NULL,NULL,NULL,'Delivered','pending','Home',',','2022-08-15 00:00:00',27.3117,75.5868,'Parasrampura','COD'),(93,136,0,0,NULL,5680,5680,3,'2022-08-15 03:51:34',NULL,NULL,NULL,'Delivered','pending','Home',',','2022-08-15 00:00:00',27.3838,75.5484,'Parasrampura','COD'),(94,106,0,0,0,1980,1980,2,'2022-08-16 06:03:50',NULL,NULL,NULL,'Delivered','pending','','Ambedkar school ke paas reengus,','2022-08-16 00:00:00',27.3634,75.5685,'Parasrampura','COD'),(95,106,0,0,0,2000,2000,2,'2022-08-16 06:06:38',NULL,NULL,NULL,'Delivered','pending','','Ambedkar school ke paas reengus,','2022-08-16 00:00:00',27.3634,75.5685,'Parasrampura','COD'),(96,122,0,0,0,1300,1300,3,'2022-08-17 13:33:09',NULL,NULL,NULL,'Pending','pending','','Home,','2022-08-18 00:00:00',27.3365,75.5834,'Parasrampura','COD'),(97,98,0,0,0,2400,2400,1,'2022-08-18 03:24:55',NULL,NULL,NULL,'Pending','pending','Home','Dhani-bagdiya wali,','2022-08-18 00:00:00',27.3117,75.6133,'Parasrampura','COD'),(98,98,0,0,0,2400,2400,1,'2022-08-18 03:25:42',NULL,NULL,NULL,'Pending','pending','Home','Dhani-bagdiya wali,','2022-08-18 00:00:00',27.3117,75.6133,'Parasrampura','COD'),(99,98,0,0,0,2400,2400,1,'2022-08-18 03:27:13',NULL,NULL,NULL,'Pending','pending','Home','Dhani-bagdiya wali,','2022-08-18 00:00:00',27.3117,75.6133,'Parasrampura','COD'),(100,145,0,0,0,1400,1400,5,'2022-08-19 11:48:45',NULL,NULL,NULL,'Pending','pending','','Bagri wali dgani ke pass,','2022-08-19 00:00:00',27.3365,75.5834,'Parasrampura','COD'),(101,145,0,0,0,1400,1400,5,'2022-08-19 11:50:35',NULL,NULL,NULL,'Pending','pending','','Bagri wali dgani ke pass,','2022-08-19 00:00:00',27.3365,75.5834,'Parasrampura','COD'),(102,145,0,0,0,2000,2000,5,'2022-08-19 11:51:28',NULL,NULL,NULL,'Pending','pending','','Bagri wali dgani ke pass,','2022-08-19 00:00:00',27.3365,75.5834,'Parasrampura','COD'),(103,151,0,0,0,6830,6830,2,'2022-08-20 03:47:51',NULL,NULL,NULL,'Pending','pending','',',','2022-08-20 00:00:00',27.3167,75.6024,'Parasrampura','COD'),(104,155,0,0,0,1980,1980,5,'2022-08-22 10:34:26',NULL,NULL,NULL,'Pending','pending','Home','DHAN MANGAWA WALI ,','2022-08-22 00:00:00',27.326,75.637,'Parasrampura','COD'),(105,155,0,0,0,1980,1980,5,'2022-08-22 10:36:29',NULL,NULL,NULL,'Pending','pending','Home','DHANI MANGAWA WALI SINGOD KALAN ,','2022-08-22 00:00:00',27.326,75.637,'Parasrampura','COD'),(106,155,0,0,NULL,1980,1980,5,'2022-08-22 10:41:40',NULL,NULL,NULL,'Pending','pending','Home','DHANI MANGAWA WALI SINGOD KALAN ,','2022-08-22 00:00:00',27.326,75.637,'Parasrampura','COD'),(107,155,0,0,0,1980,1980,5,'2022-08-22 10:55:37',NULL,NULL,NULL,'Pending','pending','Home','DHANI MANGAWA WALI SINGOD KALAN ,','2022-08-22 00:00:00',27.326,75.637,'Parasrampura','COD'),(108,84,0,0,0,1300,1300,1,'2022-08-23 06:55:00',NULL,NULL,NULL,'Cancelled','pending','Home','sargoth,Reengus, सीकर मार्ग, माहरौली, राजस्थान, भारत','2022-08-23 00:00:00',27.3764,75.575,'Parasrampura','COD'),(109,84,0,0,0,2030,2030,1,'2022-08-24 03:49:56',NULL,NULL,NULL,'Pending','pending','Home','sargoth,Reengus, सीकर मार्ग, माहरौली, राजस्थान, भारत','2022-08-24 00:00:00',27.3764,75.575,'Parasrampura','COD'),(110,149,0,0,0,6000,6000,5,'2022-08-26 12:20:14',NULL,NULL,NULL,'Pending','pending','',',','2022-08-26 00:00:00',27.3365,75.5834,'Parasrampura','COD'),(111,149,0,0,0,2400,2400,5,'2022-08-26 12:23:44',NULL,NULL,NULL,'Pending','pending','',',','2022-08-26 00:00:00',27.3365,75.5834,'Parasrampura','COD'),(112,122,0,0,0,9480,9480,3,'2022-08-27 01:10:11',NULL,NULL,NULL,'Delivered','pending','','Home,','2022-08-27 00:00:00',27.3365,75.5834,'Parasrampura','COD'),(113,159,0,0,0,8760,8760,5,'2022-08-27 12:23:47',NULL,NULL,NULL,'Cancelled','pending','Field','Dhani harsholai near riico,','2022-08-27 00:00:00',27.3561,75.5504,'Parasrampura','COD'),(114,159,0,0,0,8760,8760,5,'2022-08-27 12:25:15',NULL,NULL,NULL,'Cancelled','pending','Field','Dhani harsholai near riico,','2022-08-27 00:00:00',27.3561,75.5504,'Parasrampura','COD'),(115,151,0,0,0,4430,4430,1,'2022-08-28 03:42:40',NULL,NULL,NULL,'Delivered','pending','','Gadhi ke pas,','2022-08-28 00:00:00',27.3236,75.6069,'Parasrampura','COD'),(116,159,0,0,0,8760,8760,2,'2022-08-28 06:11:55',NULL,NULL,NULL,'Delivered','pending','Field','Dhani harsholai near riico,','2022-08-28 00:00:00',27.3561,75.5504,'Parasrampura','COD'),(117,55,0,0,0,3275,3275,1,'2022-08-29 06:46:11',NULL,NULL,NULL,'Cancelled','pending','Field','Farm,Dharampal Satyapal Limited (Dairy Division) Reengus, Parasrampura, राजस्थान, भारत','2022-08-30 00:00:00',27.3324,75.5868,'Parasrampura','COD'),(118,84,0,0,0,5750,5750,1,'2022-08-29 08:14:16',NULL,NULL,NULL,'Cancelled','pending','Home','sargoth,Reengus, सीकर मार्ग, माहरौली, राजस्थान, भारत','2022-08-29 00:00:00',27.3764,75.575,'Parasrampura','COD'),(119,122,0,0,0,1300,1300,3,'2022-08-29 12:39:50',NULL,NULL,NULL,'Delivered','pending','','Home,','2022-08-30 00:00:00',27.3365,75.5834,'Parasrampura','COD'),(120,93,0,0,0,2750,2750,3,'2022-08-30 06:37:07',NULL,NULL,NULL,'Delivered','pending','Home','Borali Chobara sargoth ,','2022-08-30 00:00:00',27.3209,75.612,'Parasrampura','COD'),(121,162,0,0,0,12000,12000,3,'2022-08-31 08:26:02',NULL,NULL,NULL,'Delivered','pending','Home','Chota gudha railway station ke pass,','2022-08-31 00:00:00',27.3365,75.5834,'Parasrampura','COD'),(122,129,0,0,0,2000,2000,4,'2022-08-31 11:23:52',NULL,NULL,NULL,'Pending','pending','','Bhagguka wali dhani,','2022-09-01 00:00:00',27.3739,75.597,'Parasrampura','COD'),(123,129,0,0,0,1260,1260,4,'2022-08-31 11:24:50',NULL,NULL,NULL,'Delivered','pending','','Bhagguka wali dhani,','2022-09-01 00:00:00',27.3739,75.597,'Parasrampura','COD'),(124,164,0,0,0,2400,2400,3,'2022-09-02 07:09:07',NULL,NULL,NULL,'Pending','pending','Field','झुरमुट होटल के पीछे parasarapura,','2022-09-02 00:00:00',27.3393,75.5849,'Parasrampura','COD'),(125,168,0,0,0,4380,4380,1,'2022-09-02 12:18:15',NULL,NULL,NULL,'Delivered','pending','','Sargoth,','2022-09-03 00:00:00',27.3365,75.5834,'Parasrampura','COD'),(126,158,0,0,0,2750,2750,1,'2022-09-03 01:11:43',NULL,NULL,NULL,'Delivered','pending','','Dhani khadiya wali ward no 1 singod kalan ,','2022-09-03 00:00:00',27.3238,75.6475,'Parasrampura','COD'),(127,138,0,0,0,5880,5880,1,'2022-09-03 01:20:30',NULL,NULL,NULL,'Delivered','pending','Home','Ward no 2 RSWM DEV nager Ringus,','2022-09-03 00:00:00',27.3798,75.553,'Parasrampura','COD'),(128,78,0,0,0,2000,2000,2,'2022-09-03 09:21:57',NULL,NULL,NULL,'Delivered','pending','',',','2022-09-04 00:00:00',27.3365,75.5834,'Parasrampura','COD'),(129,169,0,0,0,7000,7000,2,'2022-09-04 04:35:05',NULL,NULL,NULL,'Cancelled','pending','Home','Bramno ka bad,','2022-09-04 00:00:00',27.3147,75.629,'Parasrampura','COD'),(130,169,0,0,0,7000,7000,2,'2022-09-04 04:37:59',NULL,NULL,NULL,'Delivered','pending','Home','Bramno ka bad,','2022-09-04 00:00:00',27.3147,75.629,'Parasrampura','COD'),(131,93,0,0,0,2400,2400,3,'2022-09-05 07:16:44',NULL,NULL,NULL,'Cancelled','pending','Home','Borali Chobara sargoth ,','2022-09-05 00:00:00',27.3209,75.612,'Parasrampura','COD'),(132,134,0,0,0,3980,3980,1,'2022-09-06 01:03:29',NULL,NULL,NULL,'Cancelled','pending','',',','2022-09-06 00:00:00',27.3393,75.5479,'Parasrampura','COD'),(133,171,0,0,0,3980,3980,2,'2022-09-06 01:22:04',NULL,NULL,NULL,'Delivered','pending','Home','Home,','2022-09-06 00:00:00',27.3213,75.5535,'Parasrampura','COD'),(134,122,0,0,NULL,10600,10600,3,'2022-09-06 13:14:56',NULL,NULL,NULL,'Delivered','pending','','Home,','2022-09-07 00:00:00',27.3365,75.5834,'Parasrampura','COD'),(135,95,0,0,0,4900,4900,4,'2022-09-07 08:09:00',NULL,NULL,NULL,'Delivered','pending','Home',',','2022-09-07 00:00:00',27.3117,75.5868,'Parasrampura','COD'),(136,84,0,0,0,2000,2000,5,'2022-09-07 11:32:15',NULL,NULL,NULL,'Cancelled','pending','Home','sargoth,Reengus, सीकर मार्ग, माहरौली, राजस्थान, भारत','2022-09-07 00:00:00',27.3764,75.575,'Parasrampura','COD'),(137,84,0,0,0,1980,1980,5,'2022-09-07 11:33:13',NULL,NULL,NULL,'Cancelled','pending','Home','sargoth,Reengus, सीकर मार्ग, माहरौली, राजस्थान, भारत','2022-09-07 00:00:00',27.3764,75.575,'Parasrampura','COD'),(138,84,0,0,0,960,960,5,'2022-09-07 11:34:37',NULL,NULL,NULL,'Cancelled','pending','Home','sargoth,Reengus, सीकर मार्ग, माहरौली, राजस्थान, भारत','2022-09-07 00:00:00',27.3764,75.575,'Parasrampura','COD'),(139,167,0,0,0,3400,3400,2,'2022-09-08 05:58:14',NULL,NULL,NULL,'Delivered','pending','FarmHouse','138 ,Sargoth, सीकर, राजस्थान, भारत','2022-09-09 00:00:00',27.326,75.6029,'Parasrampura','COD'),(140,168,0,0,0,1300,1300,3,'2022-09-08 07:24:32',NULL,NULL,NULL,'Delivered','pending','','Sargoth,','2022-09-08 00:00:00',27.3365,75.5834,'Parasrampura','COD'),(141,175,0,0,0,5310,5310,2,'2022-09-10 11:23:01',NULL,NULL,NULL,'Delivered','pending','FarmHouse','132 gss keep peeche,','2022-09-10 00:00:00',27.3365,75.5834,'Parasrampura','COD'),(142,92,0,0,0,4210,4210,2,'2022-09-11 05:29:10',NULL,NULL,NULL,'Delivered','pending','',',','2022-09-11 00:00:00',27.3365,75.5834,'Parasrampura','COD'),(143,177,0,0,0,2340,2340,3,'2022-09-11 11:27:45',NULL,NULL,NULL,'Delivered','pending','FarmHouse','Sargoth,','2022-09-11 00:00:00',27.3365,75.5834,'Parasrampura','COD'),(144,151,0,0,0,4370,4370,1,'2022-09-12 03:23:46',NULL,NULL,NULL,'Delivered','pending','','Gadhi ke pas,','2022-09-12 00:00:00',27.3236,75.6069,'Parasrampura','COD'),(145,164,0,0,0,4680,4680,4,'2022-09-12 08:50:50',NULL,NULL,NULL,'Delivered','pending','Field','झुरमुट होटल के पीछे parasarapura,','2022-09-12 00:00:00',27.3393,75.5849,'Parasrampura','COD'),(146,129,0,0,0,3600,3600,2,'2022-09-13 01:04:25',NULL,NULL,NULL,'Delivered','pending','','Bhagguka wali dhani,','2022-09-13 00:00:00',27.3739,75.597,'Parasrampura','COD'),(147,179,0,0,0,2340,2340,2,'2022-09-13 03:28:51',NULL,NULL,NULL,'Delivered','pending','FarmHouse','Dhar wali dhani,','2022-09-13 00:00:00',27.3365,75.5834,'Parasrampura','COD'),(148,179,0,0,0,4060,4060,3,'2022-09-13 03:32:36',NULL,NULL,NULL,'Delivered','pending','FarmHouse','Dhar wali dhani,','2022-09-13 00:00:00',27.3365,75.5834,'Parasrampura','COD'),(149,129,0,0,0,2340,2340,3,'2022-09-13 08:57:35',NULL,NULL,NULL,'Delivered','pending','','Bhagguka wali dhani,','2022-09-13 00:00:00',27.3739,75.597,'Parasrampura','COD'),(150,162,0,0,0,11700,11700,3,'2022-09-14 07:30:47',NULL,NULL,NULL,'Pending','pending','Home','Chota gudha railway station ke pass,','2022-09-14 00:00:00',27.3365,75.5834,'Parasrampura','COD'),(151,162,0,0,0,3900,3900,3,'2022-09-14 07:31:51',NULL,NULL,NULL,'Pending','pending','Home','Chota gudha railway station ke pass,','2022-09-14 00:00:00',27.3365,75.5834,'Parasrampura','COD'),(152,94,0,0,0,1980,1980,2,'2022-09-15 02:47:51',NULL,NULL,NULL,'Pending','pending','Home','Sargoth gadhi road thanji mod ,','2022-09-15 00:00:00',27.3013,75.621,'Parasrampura','COD'),(153,94,0,0,0,2750,2750,2,'2022-09-15 02:50:18',NULL,NULL,NULL,'Pending','pending','Home','Sargoth gadhi road thanji mod ,','2022-09-15 00:00:00',27.3013,75.621,'Parasrampura','COD'),(154,182,0,0,0,960,960,1,'2022-09-16 03:47:22',NULL,NULL,NULL,'Pending','pending','Home','Gurjar kharchipuram house Shivji ka Mandir ke pass,','2022-09-16 00:00:00',27.3392,75.5817,'Parasrampura','COD'),(155,182,0,0,NULL,960,960,1,'2022-09-16 03:49:54',NULL,NULL,NULL,'Pending','pending','Home','Ghar,','2022-09-16 00:00:00',27.3368,75.5843,'Parasrampura','COD'),(156,168,0,0,0,5720,5720,1,'2022-09-16 13:56:22',NULL,NULL,NULL,'Pending','pending','','Sargoth,','2022-09-17 00:00:00',27.3365,75.5834,'Parasrampura','COD'),(157,182,0,0,0,2340,2340,1,'2022-09-17 10:15:11',NULL,NULL,NULL,'Pending','pending','Home','Ghar,','2022-09-17 00:00:00',27.3368,75.5843,'Parasrampura','COD'),(158,122,0,0,0,13140,13140,3,'2022-09-18 12:25:55',NULL,NULL,NULL,'Pending','pending','','Home,','2022-09-18 00:00:00',27.3365,75.5834,'Parasrampura','COD'),(159,179,0,0,0,7020,7020,2,'2022-09-20 05:00:56',NULL,NULL,NULL,'Pending','pending','FarmHouse','Dhar wali dhani,','2022-09-20 00:00:00',27.3365,75.5834,'Parasrampura','COD'),(160,179,0,0,0,2030,2030,2,'2022-09-20 05:01:58',NULL,NULL,NULL,'Pending','pending','FarmHouse','Dhar wali dhani,','2022-09-20 00:00:00',27.3365,75.5834,'Parasrampura','COD'),(161,93,0,0,0,1400,1400,4,'2022-09-23 07:11:16',NULL,NULL,NULL,'Pending','pending','Home','Borali Chobara sargoth ,','2022-09-23 00:00:00',27.3209,75.612,'Parasrampura','COD'),(162,93,0,0,0,2340,2340,4,'2022-09-23 07:11:50',NULL,NULL,NULL,'Pending','pending','Home','Borali Chobara sargoth ,','2022-09-23 00:00:00',27.3209,75.612,'Parasrampura','COD'),(163,93,0,0,0,2750,2750,1,'2022-09-24 03:20:25',NULL,NULL,NULL,'Pending','pending','Home','Borali Chobara sargoth ,','2022-09-24 00:00:00',27.3209,75.612,'Parasrampura','COD'),(164,186,0,0,0,1980,1980,4,'2022-09-24 07:38:58',NULL,NULL,NULL,'Pending','pending','Home','Ganpati Dham Yadav ki Dhani ward number 8,','2022-09-24 00:00:00',27.3468,75.5952,'Parasrampura','COD'),(165,186,0,0,0,1980,1980,4,'2022-09-24 07:41:46',NULL,NULL,NULL,'Pending','pending','Home','Ganpati Dham Yadav ki Dhani ward number 8,','2022-09-24 00:00:00',27.3468,75.5952,'Parasrampura','COD'),(166,159,0,0,0,12960,12960,4,'2022-09-24 09:46:10',NULL,NULL,NULL,'Pending','pending','Field','Dhani harsholai near riico,','2022-09-24 00:00:00',27.3561,75.5504,'Parasrampura','COD'),(167,175,0,0,0,2520,2520,1,'2022-09-25 02:18:56',NULL,NULL,NULL,'Pending','pending','FarmHouse','132 gss keep peeche,','2022-09-25 00:00:00',27.3365,75.5834,'Parasrampura','COD'),(168,175,0,0,0,2750,2750,1,'2022-09-25 02:20:19',NULL,NULL,NULL,'Pending','pending','FarmHouse','132 gss keep peeche,','2022-09-25 00:00:00',27.3365,75.5834,'Parasrampura','COD'),(169,155,0,0,0,7920,7920,4,'2022-09-25 03:40:35',NULL,NULL,NULL,'Pending','pending','Home','DHANI MANGAWA WALI SINGOD KALAN ,','2022-09-25 00:00:00',27.326,75.637,'Parasrampura','COD'),(170,184,0,0,0,1260,1260,5,'2022-09-25 10:25:06',NULL,NULL,NULL,'Pending','pending','Home','Dabar wali dhani ,','2022-09-25 00:00:00',27.3453,75.581,'Parasrampura','COD'),(171,180,0,0,0,6420,6420,4,'2022-09-26 02:39:26',NULL,NULL,NULL,'Pending','pending','Home','ढाणी लोछिबा वाली वार्ड नंबर 11,','2022-09-26 00:00:00',27.3401,75.6038,'Parasrampura','COD'),(172,92,0,0,0,1300,1300,2,'2022-09-26 04:18:10',NULL,NULL,NULL,'Pending','pending','',',','2022-09-26 00:00:00',27.3365,75.5834,'Parasrampura','COD'),(173,129,0,0,0,2340,2340,4,'2022-09-27 08:29:13',NULL,NULL,NULL,'Pending','pending','','Bhagguka wali dhani,','2022-09-27 00:00:00',27.3739,75.597,'Parasrampura','COD'),(174,129,0,0,0,1260,1260,4,'2022-09-27 08:30:03',NULL,NULL,NULL,'Pending','pending','','Bhagguka wali dhani,','2022-09-27 00:00:00',27.3739,75.597,'Parasrampura','COD'),(175,122,0,0,NULL,8500,8500,3,'2022-09-27 12:37:38',NULL,NULL,NULL,'Pending','pending','','Home,','2022-09-28 00:00:00',27.3365,75.5834,'Parasrampura','COD'),(176,122,0,0,0,1950,1950,3,'2022-09-27 12:41:42',NULL,NULL,NULL,'Pending','pending','','Home,','2022-09-28 00:00:00',27.3365,75.5834,'Parasrampura','COD'),(177,188,0,0,0,1980,1980,2,'2022-09-28 06:39:42',NULL,NULL,NULL,'Pending','pending','FarmHouse','Sargoth ,','2022-09-28 00:00:00',27.3265,75.6101,'Parasrampura','COD'),(178,90,0,0,0,5880,5880,1,'2022-09-29 02:34:36',NULL,NULL,NULL,'Pending','pending','Home','Sargoth bus stand ke pas, singod raste per,','2022-09-30 00:00:00',27.308,75.6166,'Parasrampura','COD'),(179,182,0,0,0,2280,2280,2,'2022-09-30 07:21:39',NULL,NULL,NULL,'Pending','pending','Home','Ghar,','2022-09-30 00:00:00',27.3368,75.5843,'Parasrampura','COD'),(180,192,0,0,NULL,4000,4000,1,'2022-09-30 09:58:22',NULL,NULL,NULL,'Pending','pending','Home','Sisotiya wali dhani,rawo ki school,','2022-10-03 00:00:00',27.3201,75.6326,'Parasrampura','COD'),(181,180,0,0,0,3960,3960,3,'2022-10-01 06:15:13',NULL,NULL,NULL,'Pending','pending','Home','ढाणी लोछिबा वाली वार्ड नंबर 11,','2022-10-01 00:00:00',27.3401,75.6038,'Parasrampura','COD'),(182,100,0,0,0,2280,2280,4,'2022-10-01 11:44:26',NULL,NULL,NULL,'Pending','pending','','Barala ki dhani power house riico,','2022-10-01 00:00:00',27.3401,75.6038,'Parasrampura','COD'),(183,97,0,0,0,13300,13300,4,'2022-10-02 09:19:09',NULL,NULL,NULL,'Pending','pending','','Dhani mehramali,','2022-10-02 00:00:00',27.3365,75.5834,'Parasrampura','COD'),(184,131,0,0,0,128045,128045,3,'2022-10-03 12:10:06','order_KPIHL1Q6DUULos',NULL,NULL,'Pending','pending','Home','Home,Ringas, Rajasthan, India','2022-10-08 00:00:00',27.3766,75.558,'Parasrampura','Online'),(185,110,0,0,0,3800,3800,5,'2022-10-03 12:14:37',NULL,NULL,NULL,'Pending','pending','Home','Gadhi,','2022-10-03 00:00:00',27.3365,75.5834,'Parasrampura','COD'),(186,179,0,0,0,2280,2280,5,'2022-10-05 12:09:43',NULL,NULL,NULL,'Pending','pending','FarmHouse','Dhar wali dhani,','2022-10-05 00:00:00',27.3365,75.5834,'Parasrampura','COD'),(187,179,0,0,0,1940,1940,5,'2022-10-05 12:11:27',NULL,NULL,NULL,'Pending','pending','FarmHouse','Dhar wali dhani,','2022-10-05 00:00:00',27.3365,75.5834,'Parasrampura','COD'),(188,95,0,0,0,4680,4680,1,'2022-10-06 15:26:49','order_KQXEV8Z3P5M18x',NULL,NULL,'Pending','pending','Home',',','2022-10-07 00:00:00',27.3117,75.5868,'Parasrampura','Online'),(189,95,0,0,0,4680,4680,1,'2022-10-06 15:27:38',NULL,NULL,NULL,'Pending','pending','Home',',','2022-10-07 00:00:00',27.3117,75.5868,'Parasrampura','COD'),(190,122,0,0,0,13700,13700,2,'2022-10-07 09:14:21',NULL,NULL,NULL,'Pending','pending','','Home,','2022-10-08 00:00:00',27.3365,75.5834,'Parasrampura','COD'),(191,122,0,0,0,3060,3060,3,'2022-10-07 09:19:10',NULL,NULL,NULL,'Pending','pending','','Home,','2022-10-08 00:00:00',27.3365,75.5834,'Parasrampura','COD'),(192,131,0,0,0,241635,241635,1,'2022-10-07 12:07:26',NULL,NULL,NULL,'Pending','pending','Home','Home,Ringas, Rajasthan, India','2022-10-09 00:00:00',27.3766,75.558,'Parasrampura','COD'),(193,151,0,0,0,4220,4220,2,'2022-10-09 06:37:49',NULL,NULL,NULL,'Pending','pending','Home','Sargoth gadhi ke pas,','2022-10-09 00:00:00',27.3265,75.6101,'Parasrampura','COD'),(194,139,0,0,0,14500,14500,5,'2022-10-09 08:55:43',NULL,NULL,NULL,'Pending','pending','Home','Ward no 2 dhani khareshiya wali rings sikar,','2022-10-09 00:00:00',27.3824,75.5501,'Parasrampura','COD'),(195,164,0,0,0,4560,4560,2,'2022-10-10 06:11:54',NULL,NULL,NULL,'Pending','pending','Field','झुरमुट होटल के पीछे parasarapura,','2022-10-10 00:00:00',27.3393,75.5849,'Parasrampura','COD'),(196,93,0,0,0,3680,3680,3,'2022-10-10 06:58:37',NULL,NULL,NULL,'Pending','pending','Home','Borali Chobara sargoth ,','2022-10-10 00:00:00',27.3209,75.612,'Parasrampura','COD'),(197,180,0,0,0,6320,6320,1,'2022-10-10 07:44:20',NULL,NULL,NULL,'Pending','pending','Home','ढाणी लोछिबा वाली वार्ड नंबर 11,','2022-10-11 00:00:00',27.3401,75.6038,'Parasrampura','COD'),(198,129,0,0,0,1950,1950,5,'2022-10-10 10:39:41',NULL,NULL,NULL,'Pending','pending','','Bhagguka wali dhani,','2022-10-10 00:00:00',27.3739,75.597,'Parasrampura','COD'),(199,129,0,0,0,1260,1260,4,'2022-10-10 10:40:15',NULL,NULL,NULL,'Pending','pending','','Bhagguka wali dhani,','2022-10-10 00:00:00',27.3739,75.597,'Parasrampura','COD'),(200,131,0,0,0,12440,12440,2,'2022-10-10 12:40:20',NULL,NULL,NULL,'Pending','pending','Home','Home,Ringas, Rajasthan, India','2022-10-13 00:00:00',27.3766,75.558,'Parasrampura','COD'),(201,103,0,0,0,6320,6320,1,'2022-10-11 09:53:28',NULL,NULL,NULL,'Pending','pending','Ghar ','Ringas, राजस्थान, भारत','2022-10-23 00:00:00',27.3766,75.558,'Parasrampura','COD'),(202,122,0,0,0,1300,1300,3,'2022-10-11 09:59:38',NULL,NULL,NULL,'Pending','pending','','Home,','2022-10-11 00:00:00',27.3365,75.5834,'Parasrampura','COD'),(203,175,0,0,0,5260,5260,1,'2022-10-11 23:38:59',NULL,NULL,NULL,'Pending','pending','FarmHouse','132 gss keep peeche,','2022-10-12 00:00:00',27.3365,75.5834,'Parasrampura','COD'),(204,203,0,0,0,3670,3670,3,'2022-10-12 02:42:09',NULL,NULL,NULL,'Pending','pending','Home','bordar wali dhani sargoth,','2022-10-12 00:00:00',27.3066,75.6161,'Parasrampura','COD'),(205,97,0,0,0,9750,9750,1,'2022-10-12 04:09:56',NULL,NULL,NULL,'Pending','pending','','Dhani mehramali,','2022-10-12 00:00:00',27.3365,75.5834,'Parasrampura','COD'),(206,97,0,0,0,2200,2200,1,'2022-10-12 04:12:44',NULL,NULL,NULL,'Pending','pending','','Dhani mehramali,','2022-10-12 00:00:00',27.3365,75.5834,'Parasrampura','COD'),(207,97,0,0,0,1300,1300,1,'2022-10-12 04:15:37',NULL,NULL,NULL,'Pending','pending','','Dhani mehramali,','2022-10-12 00:00:00',27.3365,75.5834,'Parasrampura','COD'),(208,131,0,0,0,81240,81240,2,'2022-10-12 08:49:32',NULL,NULL,NULL,'Pending','pending','Home','Home,Ringas, Rajasthan, India','2022-10-14 00:00:00',27.3766,75.558,'Parasrampura','COD'),(209,103,0,0,0,3900,3900,3,'2022-10-12 09:58:52',NULL,NULL,NULL,'Pending','pending','Ghar ','Ringas, राजस्थान, भारत','2022-10-23 00:00:00',27.3766,75.558,'Parasrampura','COD'),(210,103,0,0,0,1850,1850,1,'2022-10-12 10:25:19','order_KSpIkJK5nFdmra',NULL,NULL,'Pending','pending','Ghar ','Ringas, राजस्थान, भारत','2022-10-12 00:00:00',27.3766,75.558,'Parasrampura','Online'),(211,103,0,0,0,1850,1850,1,'2022-10-12 10:25:21','order_KSpIlCkJZnXeQ0',NULL,NULL,'Pending','pending','Ghar ','Ringas, राजस्थान, भारत','2022-10-12 00:00:00',27.3766,75.558,'Parasrampura','Online'),(212,103,0,0,0,1850,1850,1,'2022-10-12 10:26:06','order_KSpJZ4lpyaL8Ln',NULL,NULL,'Pending','pending','Ghar ','Ringas, राजस्थान, भारत','2022-10-12 00:00:00',27.3766,75.558,'Parasrampura','Online'),(213,103,0,0,0,11200,11200,1,'2022-10-12 10:36:00','order_KSpU3YTudWn6fL',NULL,NULL,'Pending','pending','Ghar ','Ringas, राजस्थान, भारत','2022-10-12 00:00:00',27.3766,75.558,'Parasrampura','Online'),(214,110,0,0,0,4290,4290,1,'2022-10-12 12:32:46',NULL,NULL,NULL,'Pending','pending','Home','Gadhi,','2022-10-13 00:00:00',27.3365,75.5834,'Parasrampura','COD'),(215,110,0,0,0,2700,2700,1,'2022-10-12 12:34:12',NULL,NULL,NULL,'Pending','pending','Home','Gadhi,','2022-10-13 00:00:00',27.3365,75.5834,'Parasrampura','COD'),(216,110,0,0,0,5400,5400,1,'2022-10-12 12:37:06',NULL,NULL,NULL,'Pending','pending','Home','Gadhi,','2022-10-13 00:00:00',27.3365,75.5834,'Parasrampura','COD'),(217,103,0,0,0,11200,11200,1,'2022-10-12 17:15:52',NULL,NULL,NULL,'Pending','pending','Ghar ','Ringas, राजस्थान, भारत','2022-10-23 00:00:00',27.3766,75.558,'Parasrampura','COD'),(218,103,0,0,0,1560,1560,1,'2022-10-12 17:29:22','order_KSwWgdQAp5mqjf',NULL,NULL,'Pending','pending','Ghar ','Ringas, राजस्थान, भारत','2022-10-23 00:00:00',27.3766,75.558,'Parasrampura','Online'),(219,103,0,0,0,1560,1560,1,'2022-10-12 17:42:37','order_KSwkfA75MdpAyP',NULL,NULL,'Pending','pending','Ghar ','Ringas, राजस्थान, भारत','2022-10-23 00:00:00',27.3766,75.558,'Parasrampura','Online'),(220,103,0,0,0,1560,1560,1,'2022-10-12 17:43:19','order_KSwlOmfC4HbEOU',NULL,NULL,'Pending','pending','Ghar ','Ringas, राजस्थान, भारत','2022-10-23 00:00:00',27.3766,75.558,'Parasrampura','Online'),(221,103,0,0,0,1560,1560,1,'2022-10-12 17:43:57','order_KSwm4mBBJw3YSm',NULL,NULL,'Pending','pending','Ghar ','Ringas, राजस्थान, भारत','2022-10-23 00:00:00',27.3766,75.558,'Parasrampura','Online'),(222,103,0,0,0,1560,1560,1,'2022-10-12 17:49:14',NULL,NULL,NULL,'Pending','pending','Ghar ','Ringas, राजस्थान, भारत','2022-10-23 00:00:00',27.3766,75.558,'Parasrampura','COD'),(223,103,0,0,0,1560,1560,1,'2022-10-12 17:52:09','order_KSwukRMmxSZ4nx',NULL,NULL,'Pending','pending','Ghar ','Ringas, राजस्थान, भारत','2022-10-23 00:00:00',27.3766,75.558,'Parasrampura','Online'),(224,103,0,0,0,1560,1560,1,'2022-10-12 17:52:53','order_KSwvVTrFgWV3S5',NULL,NULL,'Pending','pending','Ghar ','Ringas, राजस्थान, भारत','2022-10-23 00:00:00',27.3766,75.558,'Parasrampura','Online'),(225,103,0,0,0,1560,1560,1,'2022-10-12 17:55:29','order_KSwyGESiqriH4d',NULL,NULL,'Pending','pending','Ghar ','Ringas, राजस्थान, भारत','2022-10-23 00:00:00',27.3766,75.558,'Parasrampura','Online'),(226,103,0,0,0,1560,1560,1,'2022-10-12 18:01:01','order_KSx46eQdPUvwvt',NULL,NULL,'Pending','pending','Ghar ','Ringas, राजस्थान, भारत','2022-10-23 00:00:00',27.3766,75.558,'Parasrampura','Online'),(227,103,0,0,0,1560,1560,1,'2022-10-12 18:05:03','order_KSx8LzqsGmDXlp',NULL,NULL,'Pending','pending','Ghar ','Ringas, राजस्थान, भारत','2022-10-23 00:00:00',27.3766,75.558,'Parasrampura','Online'),(228,103,0,0,0,1560,1560,1,'2022-10-12 18:06:53','order_KSxAIvnWCi0iRt',NULL,NULL,'Pending','pending','Ghar ','Ringas, राजस्थान, भारत','2022-10-23 00:00:00',27.3766,75.558,'Parasrampura','Online'),(229,103,0,0,0,1560,1560,1,'2022-10-12 18:07:34','order_KSxB0vd7vb89PP',NULL,NULL,'Pending','pending','Ghar ','Ringas, राजस्थान, भारत','2022-10-23 00:00:00',27.3766,75.558,'Parasrampura','Online'),(230,103,0,0,0,1560,1560,1,'2022-10-12 18:14:04','order_KSxHsvl04HExf1',NULL,NULL,'Pending','pending','Ghar ','Ringas, राजस्थान, भारत','2022-10-23 00:00:00',27.3766,75.558,'Parasrampura','Online'),(231,103,0,0,0,1560,1560,1,'2022-10-12 18:14:39','order_KSxIUc3ndmJhKH',NULL,NULL,'Pending','pending','Ghar ','Ringas, राजस्थान, भारत','2022-10-23 00:00:00',27.3766,75.558,'Parasrampura','Online'),(232,103,0,0,0,5320,5320,1,'2022-10-12 18:19:29','order_KSxNcBiGvGVoQs',NULL,NULL,'Pending','pending','Ghar ','Ringas, राजस्थान, भारत','2022-10-23 00:00:00',27.3766,75.558,'Parasrampura','Online'),(233,103,0,0,0,5320,5320,1,'2022-10-12 18:20:25','order_KSxOaJtz9t0AmA',NULL,NULL,'Pending','pending','Ghar ','Ringas, राजस्थान, भारत','2022-10-23 00:00:00',27.3766,75.558,'Parasrampura','Online'),(234,103,0,0,0,5320,5320,1,'2022-10-13 04:26:21','order_KT7ifPhCd0loxG',NULL,NULL,'Pending','pending','Ghar ','Ringas, राजस्थान, भारत','2022-10-23 00:00:00',27.3766,75.558,'Parasrampura','Online'),(235,103,0,0,0,5320,5320,1,'2022-10-13 04:27:09','order_KT7jVsiwmJqIsY',NULL,NULL,'Pending','pending','Ghar ','Ringas, राजस्थान, भारत','2022-10-23 00:00:00',27.3766,75.558,'Parasrampura','Online'),(236,103,0,0,0,5320,5320,1,'2022-10-13 04:28:23','order_KT7ko0TuV2a3xq',NULL,NULL,'Pending','pending','Ghar ','Ringas, राजस्थान, भारत','2022-10-23 00:00:00',27.3766,75.558,'Parasrampura','Online'),(237,103,0,0,0,5320,5320,1,'2022-10-13 04:39:23','order_KT7wR1Alb5yJ5U',NULL,NULL,'Pending','pending','Ghar ','Ringas, राजस्थान, भारत','2022-10-23 00:00:00',27.3766,75.558,'Parasrampura','Online'),(238,103,0,0,0,5320,5320,1,'2022-10-13 04:43:34','order_KT80rBheGewNa9',NULL,NULL,'Pending','pending','Ghar ','Ringas, राजस्थान, भारत','2022-10-23 00:00:00',27.3766,75.558,'Parasrampura','Online'),(239,103,0,0,0,5320,5320,1,'2022-10-13 04:45:25','order_KT82nqxZgcPB9B',NULL,NULL,'Pending','pending','Ghar ','Ringas, राजस्थान, भारत','2022-10-23 00:00:00',27.3766,75.558,'Parasrampura','Online'),(240,103,0,0,0,5320,5320,1,'2022-10-13 04:46:41','order_KT849FS4P1cUE7',NULL,NULL,'Pending','pending','Ghar ','Ringas, राजस्थान, भारत','2022-10-23 00:00:00',27.3766,75.558,'Parasrampura','Online'),(241,103,0,0,0,5320,5320,1,'2022-10-13 04:56:46','order_KT8EmySfiVRq2h',NULL,NULL,'Pending','pending','Ghar ','Ringas, राजस्थान, भारत','2022-10-23 00:00:00',27.3766,75.558,'Parasrampura','Online'),(242,103,0,0,0,5320,5320,1,'2022-10-13 05:09:32','order_KT8SIDUQI9xnG2',NULL,NULL,'Pending','pending','Ghar ','Ringas, राजस्थान, भारत','2022-10-23 00:00:00',27.3766,75.558,'Parasrampura','Online'),(243,90,0,0,0,6100,6100,3,'2022-10-13 05:27:00',NULL,NULL,NULL,'Pending','pending','Home','Sargoth bus stand ke pas, singod raste per,','2022-10-15 00:00:00',27.308,75.6166,'Parasrampura','COD'),(244,203,0,0,0,2100,2100,1,'2022-10-14 05:09:03',NULL,NULL,NULL,'Pending','pending','Home','bordar wali dhani sargoth,','2022-10-14 00:00:00',27.3066,75.6161,'Parasrampura','COD'),(245,103,0,0,0,5320,5320,1,'2022-10-14 06:09:35','order_KTY0pxhzqqadMx',NULL,NULL,'Pending','pending','Ghar ','Ringas, राजस्थान, भारत','2022-10-23 00:00:00',27.3766,75.558,'Parasrampura','Online'),(246,94,0,0,0,2340,2340,3,'2022-10-14 07:18:45',NULL,NULL,NULL,'Pending','pending','Home','Sargoth gadhi road thanji mod ,','2022-10-14 00:00:00',27.3013,75.621,'Parasrampura','COD'),(247,205,0,0,0,2030,2030,1,'2022-10-15 03:23:36',NULL,NULL,NULL,'Pending','pending','Home','Ghar ,','2022-10-15 00:00:00',27.3589,75.5683,'Parasrampura','COD'),(248,92,0,0,0,2340,2340,4,'2022-10-15 07:13:44','order_KTxdihEGU0YpMW','pay_KTxeMyNySb12gR','1e8c9e874c0504c4d7e0fc346d7bfb601f0b37a15f403e6e79ccbbf4dc67bb64','Pending','approved','',',','2022-10-15 00:00:00',27.3365,75.5834,'Parasrampura','Online'),(249,122,0,0,0,13570,13570,3,'2022-10-16 12:36:17',NULL,NULL,NULL,'Pending','pending','','Home,','2022-10-17 00:00:00',27.3365,75.5834,'Parasrampura','COD'),(250,151,0,0,0,6910,6910,1,'2022-10-18 06:59:38',NULL,NULL,NULL,'Pending','pending','Home','Sargoth gadhi ke pas,','2022-10-18 00:00:00',27.3265,75.6101,'Parasrampura','COD'),(251,203,0,0,0,3580,3580,1,'2022-10-22 03:00:22',NULL,NULL,NULL,'Pending','pending','Home','bordar wali dhani sargoth,','2022-10-22 00:00:00',27.3066,75.6161,'Parasrampura','COD'),(252,93,0,0,0,4970,4970,3,'2022-10-22 05:09:38',NULL,NULL,NULL,'Pending','pending','Home','Borali Chobara sargoth ,','2022-10-22 00:00:00',27.3209,75.612,'Parasrampura','COD'),(253,179,0,0,0,7580,7580,2,'2022-10-22 06:44:44',NULL,NULL,NULL,'Pending','pending','FarmHouse','Dhar wali dhani,','2022-10-22 00:00:00',27.3365,75.5834,'Parasrampura','COD'),(254,106,0,0,0,4200,4200,1,'2022-10-24 03:15:26',NULL,NULL,NULL,'Pending','pending','','Ambedkar school ke paas reengus,','2022-10-24 00:00:00',27.3634,75.5685,'Parasrampura','COD'),(255,106,0,0,0,4440,4440,1,'2022-10-24 03:17:31',NULL,NULL,NULL,'Pending','pending','','Ambedkar school ke paas reengus,','2022-10-24 00:00:00',27.3634,75.5685,'Parasrampura','COD'),(256,123,0,0,0,3620,3620,1,'2022-10-25 03:57:56','order_KXre6B7aFbpf51',NULL,NULL,'Pending','pending','Home','House no.1 front of fire station ,','2022-10-25 00:00:00',27.3412,75.5861,'Parasrampura','Online'),(257,123,0,0,0,3620,3620,1,'2022-10-25 03:59:57',NULL,NULL,NULL,'Cancelled','pending','Home','House no.1 front of fire station ,','2022-10-25 00:00:00',27.3412,75.5861,'Parasrampura','COD'),(258,210,0,0,0,5500,5500,5,'2022-10-25 09:46:07',NULL,NULL,NULL,'Pending','pending','Home','NANGAL GOVIND ,','2022-10-25 00:00:00',27.3204,75.557,'Parasrampura','COD'),(259,212,0,0,0,3110,3110,1,'2022-10-26 01:58:58',NULL,NULL,NULL,'Pending','pending','FarmHouse','Rj18 sidhi vinayak hotel Sargoth ke Piche ,','2022-10-26 00:00:00',27.3261,75.6107,'Parasrampura','COD'),(260,95,0,0,0,2220,2220,1,'2022-10-27 01:39:39',NULL,NULL,NULL,'Cancelled','pending','Home',',','2022-10-27 00:00:00',27.3117,75.5868,'Parasrampura','COD'),(261,95,0,0,0,4620,4620,1,'2022-10-27 02:54:50',NULL,NULL,NULL,'Pending','pending','Home',',','2022-10-27 00:00:00',27.3117,75.5868,'Parasrampura','COD'),(262,213,0,0,0,8860,8860,3,'2022-10-27 08:39:48',NULL,NULL,NULL,'Delivered','pending','Home','Near Gaddi School,Sargoth, राजस्थान, भारत','2022-10-27 00:00:00',27.3241,75.6074,'Parasrampura','COD'),(263,122,0,0,0,11890,11890,3,'2022-10-27 12:39:08',NULL,NULL,NULL,'Delivered','pending','','Home,','2022-10-28 00:00:00',27.3365,75.5834,'Parasrampura','COD'),(264,215,0,0,0,6050,6050,1,'2022-10-29 02:44:16',NULL,NULL,NULL,'Delivered','pending','Home','Iron metal ke samne ,','2022-10-29 00:00:00',27.3471,75.5744,'Parasrampura','COD'),(265,192,0,0,0,1850,1850,2,'2022-10-29 06:59:43','order_KZUscY1hzTLchj',NULL,NULL,'Delivered','pending','Home','Sisotiya wali dhani, rawo ki school ke pas, Kalyan mod ke pas singod kalan,','2022-10-29 00:00:00',27.3205,75.6326,'Parasrampura','Online'),(266,192,0,0,0,1850,1850,2,'2022-10-29 06:59:59',NULL,NULL,NULL,'Delivered','pending','Home','Sisotiya wali dhani, rawo ki school ke pas, Kalyan mod ke pas singod kalan,','2022-10-29 00:00:00',27.3205,75.6326,'Parasrampura','COD'),(267,216,0,0,0,2220,2220,5,'2022-10-29 10:54:00',NULL,NULL,NULL,'Delivered','pending','Field','शेखावत फार्म हाउस परसरामपुरा,','2022-10-29 00:00:00',27.3341,75.6043,'Parasrampura','COD'),(268,209,0,0,0,4240,4240,1,'2022-10-30 04:30:31',NULL,NULL,NULL,'Delivered','pending','Home','Siv mandir ke samne ,Ringas, राजस्थान, भारत','2022-10-30 00:00:00',27.3766,75.558,'Parasrampura','COD'),(269,175,0,0,0,5390,5390,1,'2022-10-31 02:09:32',NULL,NULL,NULL,'Delivered','pending','FarmHouse','132 gss keep peeche,','2022-10-31 00:00:00',27.3365,75.5834,'Parasrampura','COD'),(270,93,0,0,0,2800,2800,3,'2022-10-31 02:37:27',NULL,NULL,NULL,'Delivered','pending','Home','Borali Chobara sargoth ,','2022-10-31 00:00:00',27.3209,75.612,'Parasrampura','COD'),(271,97,0,0,0,10630,10630,5,'2022-10-31 11:53:15',NULL,NULL,NULL,'Delivered','pending','','Dhani mehramali,','2022-10-31 00:00:00',27.3365,75.5834,'Parasrampura','COD'),(272,129,0,0,0,1940,1940,3,'2022-11-01 08:23:11',NULL,NULL,NULL,'Delivered','pending','','Bhagguka wali dhani,','2022-11-01 00:00:00',27.3739,75.597,'Parasrampura','COD'),(273,129,0,0,0,1850,1850,3,'2022-11-01 08:28:07',NULL,NULL,NULL,'Delivered','pending','','Bhagguka wali dhani,','2022-11-01 00:00:00',27.3739,75.597,'Parasrampura','COD'),(274,164,0,0,0,4440,4440,4,'2022-11-02 08:38:59',NULL,NULL,NULL,'Delivered','pending','Field','झुरमुट होटल के पीछे parasarapura,','2022-11-02 00:00:00',27.3393,75.5849,'Parasrampura','COD'),(275,98,0,0,0,2220,2220,1,'2022-11-03 03:50:34',NULL,NULL,NULL,'Delivered','pending','Home','Dhani-bagdiya wali,','2022-11-03 00:00:00',27.3117,75.6133,'Parasrampura','COD'),(276,179,0,0,0,4440,4440,3,'2022-11-03 06:45:58',NULL,NULL,NULL,'Delivered','pending','FarmHouse','Dhar wali dhani,','2022-11-03 00:00:00',27.3365,75.5834,'Parasrampura','COD'),(277,179,0,0,0,1940,1940,2,'2022-11-03 06:46:45',NULL,NULL,NULL,'Delivered','pending','FarmHouse','Dhar wali dhani,','2022-11-03 00:00:00',27.3365,75.5834,'Parasrampura','COD'),(278,179,0,0,0,1600,1600,2,'2022-11-03 06:47:15',NULL,NULL,NULL,'Delivered','pending','FarmHouse','Dhar wali dhani,','2022-11-03 00:00:00',27.3365,75.5834,'Parasrampura','COD'),(279,137,0,0,0,9620,9620,4,'2022-11-04 07:22:39',NULL,NULL,NULL,'Pending','pending','Home','Ghar,','2022-11-04 00:00:00',27.3854,75.547,'Parasrampura','COD'),(280,97,0,0,0,12950,12950,3,'2022-11-04 07:58:18',NULL,NULL,NULL,'Pending','pending','','Dhani mehramali,','2022-11-04 00:00:00',27.3365,75.5834,'Parasrampura','COD'),(281,97,0,0,0,12950,12950,2,'2022-11-04 07:59:12',NULL,NULL,NULL,'Pending','pending','','Dhani mehramali,','2022-11-04 00:00:00',27.3365,75.5834,'Parasrampura','COD'),(282,97,0,0,0,2100,2100,3,'2022-11-04 08:00:27',NULL,NULL,NULL,'Pending','pending','','Dhani mehramali,','2022-11-04 00:00:00',27.3365,75.5834,'Parasrampura','COD'),(283,97,0,0,0,1380,1380,2,'2022-11-04 08:00:57',NULL,NULL,NULL,'Pending','pending','','Dhani mehramali,','2022-11-04 00:00:00',27.3365,75.5834,'Parasrampura','COD'),(284,218,0,0,0,8880,8880,4,'2022-11-06 05:57:42',NULL,NULL,NULL,'Pending','pending','Home','18,','2022-11-06 00:00:00',27.3441,75.602,'Parasrampura','COD'),(285,98,0,0,0,2280,2280,1,'2022-11-06 11:43:58',NULL,NULL,NULL,'Pending','pending','Home','Ghar,','2022-11-07 00:00:00',27.2706,75.5657,'Parasrampura','COD'),(286,98,0,0,0,2280,2280,1,'2022-11-07 02:02:44',NULL,NULL,NULL,'Pending','pending','Home','Ghar,','2022-11-07 00:00:00',27.2706,75.5657,'Parasrampura','COD'),(287,98,0,0,0,1330,1330,1,'2022-11-07 02:04:53',NULL,NULL,NULL,'Pending','pending','Home','Ghar,','2022-11-07 00:00:00',27.3186,75.597,'Parasrampura','COD'),(288,212,0,0,0,5360,5360,1,'2022-11-07 02:28:34',NULL,NULL,NULL,'Pending','pending','FarmHouse','Rj18 sidhi vinayak hotel Sargoth ke Piche ,','2022-11-07 00:00:00',27.3261,75.6107,'Parasrampura','COD'),(289,122,0,0,0,14280,14280,3,'2022-11-07 12:44:50',NULL,NULL,NULL,'Pending','pending','','Home,','2022-11-08 00:00:00',27.3365,75.5834,'Parasrampura','COD'),(290,98,0,0,0,4560,4560,1,'2022-11-09 04:54:28',NULL,NULL,NULL,'Pending','pending','Home','Ghar,','2022-11-09 00:00:00',27.3186,75.597,'Parasrampura','COD'),(291,98,0,0,0,3200,3200,1,'2022-11-09 04:55:14',NULL,NULL,NULL,'Pending','pending','Home','Ghar,','2022-11-09 00:00:00',27.3186,75.597,'Parasrampura','COD'),(292,92,0,0,0,2280,2280,4,'2022-11-09 07:27:49','order_KdrEcB3CoIiqlR',NULL,NULL,'Pending','pending','',',','2022-11-09 00:00:00',27.3365,75.5834,'Parasrampura','Online'),(293,92,0,0,0,2280,2280,4,'2022-11-09 07:28:16',NULL,NULL,NULL,'Pending','pending','',',','2022-11-09 00:00:00',27.3365,75.5834,'Parasrampura','COD'),(294,92,0,0,0,1400,1400,4,'2022-11-09 07:29:23',NULL,NULL,NULL,'Pending','pending','',',','2022-11-09 00:00:00',27.3365,75.5834,'Parasrampura','COD'),(295,92,0,0,0,1920,1920,4,'2022-11-09 09:45:58',NULL,NULL,NULL,'Pending','pending','',',','2022-11-09 00:00:00',27.3365,75.5834,'Parasrampura','COD'),(296,221,0,0,0,2280,2280,1,'2022-11-10 01:43:05',NULL,NULL,NULL,'Pending','pending','FarmHouse','Behind vinayak hotel NH-52 dhodhasar ,','2022-11-13 00:00:00',27.3121,75.6157,'Parasrampura','COD'),(297,221,0,0,0,960,960,1,'2022-11-10 01:48:38',NULL,NULL,NULL,'Pending','pending','FarmHouse','Behind vinayak hotel NH-52 dhodhasar ,','2022-11-10 00:00:00',27.3121,75.6157,'Parasrampura','COD'),(298,213,0,0,0,3820,3820,2,'2022-11-10 05:38:45',NULL,NULL,NULL,'Pending','pending','Home','Near Gaddi School,Sargoth, राजस्थान, भारत','2022-11-10 00:00:00',27.3241,75.6074,'Parasrampura','COD'),(299,97,0,0,0,19000,19000,2,'2022-11-12 07:20:24',NULL,NULL,NULL,'Pending','pending','','Dhani mehramali,','2022-11-12 00:00:00',27.3365,75.5834,'Parasrampura','COD'),(300,95,0,0,0,2280,2280,1,'2022-11-13 02:20:35',NULL,NULL,NULL,'Pending','pending','Home',',','2022-11-13 00:00:00',27.3117,75.5868,'Parasrampura','COD'),(301,95,0,0,0,2800,2800,1,'2022-11-13 02:22:18',NULL,NULL,NULL,'Pending','pending','Home',',','2022-11-13 00:00:00',27.3117,75.5868,'Parasrampura','COD'),(302,129,0,0,0,2280,2280,5,'2022-11-13 10:50:19',NULL,NULL,NULL,'Pending','pending','','Bhagguka wali dhani,','2022-11-13 00:00:00',27.3739,75.597,'Parasrampura','COD'),(303,55,0,0,0,1900,1900,4,'2022-11-16 06:06:52',NULL,NULL,NULL,'Cancelled','pending','Field','Farm,Dharampal Satyapal Limited (Dairy Division) Reengus, Parasrampura, राजस्थान, भारत','2022-11-16 00:00:00',27.3324,75.5868,'Parasrampura','COD'),(304,122,0,0,0,10220,10220,4,'2022-11-17 12:38:59',NULL,NULL,NULL,'Pending','pending','','Home,','2022-11-18 00:00:00',27.3365,75.5834,'Parasrampura','COD'),(305,77,0,0,0,4560,4560,3,'2022-11-17 14:53:44',NULL,NULL,NULL,'Pending','pending','Home','Yogiyon ki Dhani Rico,','2022-11-18 00:00:00',27.3528,75.5742,'Parasrampura','COD'),(306,77,0,0,0,2520,2520,3,'2022-11-17 14:58:26',NULL,NULL,NULL,'Pending','pending','Home','Yogiyon ki Dhani Rico,','2022-11-18 00:00:00',27.3528,75.5742,'Parasrampura','COD'),(307,77,0,0,0,1450,1450,3,'2022-11-17 14:59:38',NULL,NULL,NULL,'Pending','pending','Home','Yogiyon ki Dhani Rico,','2022-11-18 00:00:00',27.3528,75.5742,'Parasrampura','COD'),(308,223,0,0,0,1900,1900,1,'2022-11-18 02:35:41',NULL,NULL,NULL,'Pending','pending','Home','07,','2022-11-18 00:00:00',27.3099,75.6164,'Parasrampura','COD'),(309,223,0,0,0,1280,1280,1,'2022-11-18 02:36:38',NULL,NULL,NULL,'Pending','pending','Home','07,','2022-11-18 00:00:00',27.3099,75.6164,'Parasrampura','COD'),(310,93,0,0,0,2280,2280,2,'2022-11-18 07:39:59',NULL,NULL,NULL,'Pending','pending','Home','Borali Chobara sargoth ,','2022-11-18 00:00:00',27.3209,75.612,'Parasrampura','COD'),(311,93,0,0,0,2250,2250,2,'2022-11-18 07:40:43',NULL,NULL,NULL,'Pending','pending','Home','Borali Chobara sargoth ,','2022-11-18 00:00:00',27.3209,75.612,'Parasrampura','COD'),(312,182,0,0,0,2280,2280,1,'2022-11-19 04:18:38',NULL,NULL,NULL,'Pending','pending','Home','Ghar,','2022-11-19 00:00:00',27.3368,75.5843,'Parasrampura','COD'),(313,182,0,0,0,960,960,1,'2022-11-19 04:19:27',NULL,NULL,NULL,'Pending','pending','Home','Ghar,','2022-11-19 00:00:00',27.3368,75.5843,'Parasrampura','COD'),(314,175,0,0,0,5610,5610,2,'2022-11-19 05:36:05',NULL,NULL,NULL,'Pending','pending','FarmHouse','132 gss keep peeche,','2022-11-19 00:00:00',27.3365,75.5834,'Parasrampura','COD'),(315,226,0,0,0,1520,1520,1,'2022-11-21 04:34:25',NULL,NULL,NULL,'Pending','pending','Home','Gar,','2022-11-21 00:00:00',27.3198,75.6053,'Parasrampura','COD'),(316,151,0,0,0,6420,6420,1,'2022-11-21 09:05:49',NULL,NULL,NULL,'Pending','pending','Home','Gadhi mod Sargoth,','2022-11-21 00:00:00',27.3236,75.6069,'Parasrampura','COD'),(317,129,0,0,0,2220,2220,5,'2022-11-21 09:57:57',NULL,NULL,NULL,'Pending','pending','','Bhagguka wali dhani,','2022-11-21 00:00:00',27.3739,75.597,'Parasrampura','COD'),(318,129,0,0,0,2070,2070,5,'2022-11-21 09:58:54',NULL,NULL,NULL,'Pending','pending','','Bhagguka wali dhani,','2022-11-21 00:00:00',27.3739,75.597,'Parasrampura','COD'),(319,122,0,0,0,2070,2070,4,'2022-11-21 10:56:13',NULL,NULL,NULL,'Pending','pending','','Home,','2022-11-21 00:00:00',27.3365,75.5834,'Parasrampura','COD'),(320,93,0,0,0,2220,2220,3,'2022-11-22 07:46:14',NULL,NULL,NULL,'Pending','pending','Home','Borali Chobara sargoth ,','2022-11-22 00:00:00',27.3209,75.612,'Parasrampura','COD'),(321,93,0,0,0,1400,1400,4,'2022-11-22 07:47:03',NULL,NULL,NULL,'Pending','pending','Home','Borali Chobara sargoth ,','2022-11-22 00:00:00',27.3209,75.612,'Parasrampura','COD'),(322,93,0,0,0,2950,2950,2,'2022-11-22 07:47:35',NULL,NULL,NULL,'Pending','pending','Home','Borali Chobara sargoth ,','2022-11-22 00:00:00',27.3209,75.612,'Parasrampura','COD'),(323,77,0,0,0,4440,4440,2,'2022-11-23 04:52:42',NULL,NULL,NULL,'Pending','pending','Home','Yogiyon ki Dhani Rico,','2022-11-23 00:00:00',27.3528,75.5742,'Parasrampura','COD'),(324,77,0,0,0,2520,2520,2,'2022-11-23 04:53:52',NULL,NULL,NULL,'Pending','pending','Home','Yogiyon ki Dhani Rico,','2022-11-23 00:00:00',27.3528,75.5742,'Parasrampura','COD'),(325,213,0,0,0,7120,7120,2,'2022-11-24 04:30:52',NULL,NULL,NULL,'Pending','pending','Home','Near Gaddi School,Sargoth, राजस्थान, भारत','2022-11-24 00:00:00',27.3241,75.6074,'Parasrampura','COD'),(326,212,0,0,0,3110,3110,1,'2022-11-24 06:01:41',NULL,NULL,NULL,'Pending','pending','FarmHouse','Rj18 sidhi vinayak hotel Sargoth ke Piche ,','2022-11-25 00:00:00',27.3261,75.6107,'Parasrampura','COD'),(327,209,0,0,0,6960,6960,1,'2022-11-26 03:21:58',NULL,NULL,NULL,'Pending','pending','Home','Siv mandir ke samne ,Ringas, राजस्थान, भारत','2022-11-26 00:00:00',27.3766,75.558,'Parasrampura','COD'),(328,218,0,0,NULL,11100,11100,4,'2022-11-27 03:36:18','order_KkuuD1HbaEds1S',NULL,NULL,'Pending','pending','Home','18,','2022-11-27 00:00:00',27.3441,75.602,'Parasrampura','Online'),(329,218,0,0,NULL,11100,11100,4,'2022-11-27 03:36:33',NULL,NULL,NULL,'Pending','pending','Home','18,','2022-11-27 00:00:00',27.3441,75.602,'Parasrampura','COD'),(330,164,0,0,0,4440,4440,4,'2022-11-27 09:19:07',NULL,NULL,NULL,'Pending','pending','Field','झुरमुट होटल के पीछे parasarapura,','2022-11-27 00:00:00',27.3393,75.5849,'Parasrampura','COD'),(331,164,0,0,0,6660,6660,4,'2022-11-27 09:28:12',NULL,NULL,NULL,'Pending','pending','Field','झुरमुट होटल के पीछे parasarapura,','2022-11-27 00:00:00',27.3393,75.5849,'Parasrampura','COD'),(332,98,0,0,0,2220,2220,1,'2022-11-27 12:10:05',NULL,NULL,NULL,'Pending','pending','Home','Ghar,','2022-11-28 00:00:00',27.3186,75.597,'Parasrampura','COD'),(333,98,0,0,0,2070,2070,1,'2022-11-27 12:10:43',NULL,NULL,NULL,'Pending','pending','Home','Ghar,','2022-11-28 00:00:00',27.3186,75.597,'Parasrampura','COD'),(334,98,0,0,0,1650,1650,1,'2022-11-27 12:11:12',NULL,NULL,NULL,'Pending','pending','Home','Ghar,','2022-11-28 00:00:00',27.3186,75.597,'Parasrampura','COD'),(335,137,0,0,0,6260,6260,3,'2022-11-29 07:14:08',NULL,NULL,NULL,'Pending','pending','Home','Ghar,','2022-11-29 00:00:00',27.3854,75.547,'Parasrampura','COD'),(336,168,0,0,0,4470,4470,2,'2022-11-29 09:43:11',NULL,NULL,NULL,'Pending','pending','','Sargoth,','2022-11-29 00:00:00',27.3365,75.5834,'Parasrampura','COD'),(337,215,0,0,0,8200,8200,1,'2022-11-29 15:10:03',NULL,NULL,NULL,'Pending','pending','Home','Iron metal ke samne ,','2022-11-30 00:00:00',27.3471,75.5744,'Parasrampura','COD'),(338,180,0,0,0,6220,6220,1,'2022-11-29 15:29:07',NULL,NULL,NULL,'Pending','pending','Home','ढाणी लोछिबा वाली वार्ड नंबर 11,','2022-11-30 00:00:00',27.3401,75.6038,'Parasrampura','COD'),(339,92,0,0,0,3100,3100,3,'2022-11-30 08:26:16',NULL,NULL,NULL,'Pending','pending','',',','2022-11-30 00:00:00',27.3365,75.5834,'Parasrampura','COD'),(340,93,0,0,0,4440,4440,1,'2022-12-01 02:02:56',NULL,NULL,NULL,'Pending','pending','Home','Borali Chobara sargoth ,','2022-12-01 00:00:00',27.3209,75.612,'Parasrampura','COD'),(341,93,0,0,0,1400,1400,1,'2022-12-01 02:03:42',NULL,NULL,NULL,'Pending','pending','Home','Borali Chobara sargoth ,','2022-12-01 00:00:00',27.3209,75.612,'Parasrampura','COD'),(342,97,0,0,0,18500,18500,2,'2022-12-01 05:51:05',NULL,NULL,NULL,'Pending','pending','','Dhani mehramali,','2022-12-01 00:00:00',27.3365,75.5834,'Parasrampura','COD'),(343,97,0,0,0,1450,1450,2,'2022-12-01 05:52:09',NULL,NULL,NULL,'Pending','pending','','Dhani mehramali,','2022-12-01 00:00:00',27.3365,75.5834,'Parasrampura','COD'),(344,77,0,0,0,6660,6660,3,'2022-12-01 06:46:55',NULL,NULL,NULL,'Pending','pending','Home','Yogiyon ki Dhani Rico,','2022-12-01 00:00:00',27.3528,75.5742,'Parasrampura','COD'),(345,77,0,0,0,6300,6300,3,'2022-12-01 06:48:17',NULL,NULL,NULL,'Pending','pending','Home','Yogiyon ki Dhani Rico,','2022-12-01 00:00:00',27.3528,75.5742,'Parasrampura','COD'),(346,77,0,0,0,1450,1450,2,'2022-12-01 06:49:28',NULL,NULL,NULL,'Pending','pending','Home','Yogiyon ki Dhani Rico,','2022-12-01 00:00:00',27.3528,75.5742,'Parasrampura','COD'),(347,222,0,0,0,4440,4440,1,'2022-12-03 02:38:09',NULL,NULL,NULL,'Pending','pending','Home','Border wali dhani sargod,','2022-12-03 00:00:00',27.3099,75.6164,'Parasrampura','COD'),(348,223,0,0,0,1850,1850,1,'2022-12-04 02:50:39',NULL,NULL,NULL,'Pending','pending','Home','07,','2022-12-04 00:00:00',27.3099,75.6164,'Parasrampura','COD'),(349,223,0,0,NULL,1280,1280,1,'2022-12-04 02:51:55',NULL,NULL,NULL,'Pending','pending','Home','07,','2022-12-04 00:00:00',27.3099,75.6164,'Parasrampura','COD'),(350,223,0,0,0,1260,1260,1,'2022-12-04 02:52:59',NULL,NULL,NULL,'Pending','pending','Home','07,','2022-12-04 00:00:00',27.3099,75.6164,'Parasrampura','COD'),(351,151,0,0,0,4290,4290,1,'2022-12-05 05:29:11',NULL,NULL,NULL,'Pending','pending','Home','Gadhi mod Sargoth,','2022-12-05 00:00:00',27.3236,75.6069,'Parasrampura','COD'),(352,212,0,0,0,3110,3110,4,'2022-12-05 09:38:09',NULL,NULL,NULL,'Pending','pending','FarmHouse','Rj18 sidhi vinayak hotel Sargoth ke Piche ,','2022-12-05 00:00:00',27.3261,75.6107,'Parasrampura','COD'),(353,212,0,0,0,1850,1850,1,'2022-12-06 12:51:08',NULL,NULL,NULL,'Pending','pending','FarmHouse','Rj18 sidhi vinayak hotel Sargoth ke Piche ,','2022-12-07 00:00:00',27.3261,75.6107,'Parasrampura','COD'),(354,235,0,0,0,3600,3600,3,'2022-12-07 10:28:36',NULL,NULL,NULL,'Pending','pending','Home','Ghar,','2022-12-08 00:00:00',27.3045,75.6508,'Parasrampura','COD'),(355,180,0,0,0,4210,4210,1,'2022-12-09 10:24:27',NULL,NULL,NULL,'Pending','pending','Home','ढाणी लोछिबा वाली वार्ड नंबर 11,','2022-12-10 00:00:00',27.3401,75.6038,'Parasrampura','COD'),(356,229,0,0,0,5440,5440,4,'2022-12-10 07:22:22','order_Kq7hakHYO7iZAJ',NULL,NULL,'Pending','pending','Home','Village Bagdi , Near Government School & Sekhari Bagdi Stand. (Rathore Colony),','2022-12-10 00:00:00',27.3221,75.5555,'Parasrampura','Online'),(357,229,0,0,0,5440,5440,4,'2022-12-10 07:23:21',NULL,NULL,NULL,'Pending','pending','Home','Village Bagdi , Near Government School & Sekhari Bagdi Stand. (Rathore Colony),','2022-12-10 00:00:00',27.3221,75.5555,'Parasrampura','COD'),(358,137,0,0,0,11470,11470,1,'2022-12-10 11:36:56',NULL,NULL,NULL,'Pending','pending','Home','Ghar,','2022-12-11 00:00:00',27.3854,75.547,'Parasrampura','COD'),(359,180,0,0,0,4210,4210,1,'2022-12-10 14:57:48',NULL,NULL,NULL,'Pending','pending','Home','ढाणी लोछिबा वाली वार्ड नंबर 11,','2022-12-11 00:00:00',27.3401,75.6038,'Parasrampura','COD'),(360,223,0,0,NULL,2250,2250,1,'2022-12-11 05:48:23',NULL,NULL,NULL,'Pending','pending','Home','07,','2022-12-11 00:00:00',27.3099,75.6164,'Parasrampura','COD'),(361,223,0,0,0,1400,1400,1,'2022-12-11 05:48:59',NULL,NULL,NULL,'Pending','pending','Home','07,','2022-12-11 00:00:00',27.3099,75.6164,'Parasrampura','COD'),(362,223,0,0,0,1400,1400,2,'2022-12-11 05:49:47',NULL,NULL,NULL,'Pending','pending','Home','07,','2022-12-11 00:00:00',27.3099,75.6164,'Parasrampura','COD'),(363,223,0,0,0,2200,2200,2,'2022-12-11 05:50:47',NULL,NULL,NULL,'Pending','pending','Home','07,','2022-12-11 00:00:00',27.3099,75.6164,'Parasrampura','COD'),(364,213,0,0,0,7200,7200,1,'2022-12-12 02:49:27',NULL,NULL,NULL,'Pending','pending','Home','Near Gaddi School,Sargoth, राजस्थान, भारत','2022-12-12 00:00:00',27.3241,75.6074,'Parasrampura','COD'),(365,151,0,0,0,2180,2180,1,'2022-12-12 07:02:26',NULL,NULL,NULL,'Pending','pending','Home','Gadhi mod Sargoth,','2022-12-12 00:00:00',27.3236,75.6069,'Parasrampura','COD'),(366,92,0,0,0,5860,5860,5,'2022-12-12 11:58:52',NULL,NULL,NULL,'Pending','pending','',',','2022-12-12 00:00:00',27.3365,75.5834,'Parasrampura','COD'),(367,151,0,0,0,6240,6240,1,'2022-12-13 03:41:05',NULL,NULL,NULL,'Pending','pending','Home','Gadhi mod Sargoth,','2022-12-13 00:00:00',27.3236,75.6069,'Parasrampura','COD'),(368,192,0,0,0,3600,3600,3,'2022-12-13 05:36:13',NULL,NULL,NULL,'Pending','pending','Home','Sisotiya wali dhani, rawo ki school ke pas, Kalyan mod ke pas singod kalan,','2022-12-13 00:00:00',27.3205,75.6326,'Parasrampura','COD'),(369,97,0,0,0,10800,10800,1,'2022-12-14 03:58:53',NULL,NULL,NULL,'Pending','pending','','Dhani mehramali,','2022-12-14 00:00:00',27.3365,75.5834,'Parasrampura','COD'),(370,97,0,0,0,1450,1450,1,'2022-12-14 03:59:56',NULL,NULL,NULL,'Pending','pending','','Dhani mehramali,','2022-12-14 00:00:00',27.3365,75.5834,'Parasrampura','COD'),(371,226,0,0,0,1440,1440,1,'2022-12-15 03:37:46',NULL,NULL,NULL,'Pending','pending','Home','Gar,','2022-12-15 00:00:00',27.3198,75.6053,'Parasrampura','COD'),(372,222,0,0,0,4360,4360,3,'2022-12-15 12:12:38',NULL,NULL,NULL,'Pending','pending','Home','Border wali dhani sargod,','2022-12-17 00:00:00',27.3099,75.6164,'Parasrampura','COD'),(373,209,0,0,0,7990,7990,1,'2022-12-16 04:10:05',NULL,NULL,NULL,'Pending','pending','Home','Siv mandir ke samne ,Ringas, राजस्थान, भारत','2022-12-16 00:00:00',27.3766,75.558,'Parasrampura','COD'),(374,182,0,0,0,2180,2180,1,'2022-12-16 08:11:35','order_KsVkHymPmW75Me',NULL,NULL,'Pending','pending','Home','Ghar,','2022-12-16 00:00:00',27.3368,75.5843,'Parasrampura','Online'),(375,182,0,0,0,2180,2180,1,'2022-12-16 08:11:50',NULL,NULL,NULL,'Pending','pending','Home','Ghar,','2022-12-16 00:00:00',27.3368,75.5843,'Parasrampura','COD'),(376,182,0,0,0,960,960,1,'2022-12-16 08:12:39',NULL,NULL,NULL,'Pending','pending','Home','Ghar,','2022-12-16 00:00:00',27.3368,75.5843,'Parasrampura','COD'),(377,98,0,0,0,1280,1280,3,'2022-12-17 06:48:19',NULL,NULL,NULL,'Pending','pending','Home','Ghar,','2022-12-17 00:00:00',27.3186,75.597,'Parasrampura','COD'),(378,182,0,0,0,2180,2180,1,'2022-12-17 08:40:22',NULL,NULL,NULL,'Pending','pending','Home','Ghar,','2022-12-17 00:00:00',27.3368,75.5843,'Parasrampura','COD'),(379,212,0,0,0,3060,3060,1,'2022-12-17 11:24:15',NULL,NULL,NULL,'Pending','pending','FarmHouse','Rj18 sidhi vinayak hotel Sargoth ke Piche ,','2022-12-18 00:00:00',27.3261,75.6107,'Parasrampura','COD'),(380,122,0,0,0,13010,13010,1,'2022-12-17 12:39:34',NULL,NULL,NULL,'Pending','pending','','Home,','2022-12-18 00:00:00',27.3365,75.5834,'Parasrampura','COD'),(381,122,0,0,0,10570,10570,2,'2022-12-17 12:52:44',NULL,NULL,NULL,'Pending','pending','','Home,','2022-12-18 00:00:00',27.3365,75.5834,'Parasrampura','COD'),(382,77,0,0,0,4700,4700,1,'2022-12-17 13:46:35',NULL,NULL,NULL,'Pending','pending','Home','Yogiyon ki Dhani Rico,','2022-12-18 00:00:00',27.3528,75.5742,'Parasrampura','COD'),(383,77,0,0,0,2180,2180,1,'2022-12-17 13:48:13',NULL,NULL,NULL,'Pending','pending','Home','Yogiyon ki Dhani Rico,','2022-12-18 00:00:00',27.3528,75.5742,'Parasrampura','COD'),(384,77,0,0,0,2520,2520,1,'2022-12-17 13:49:04',NULL,NULL,NULL,'Pending','pending','Home','Yogiyon ki Dhani Rico,','2022-12-18 00:00:00',27.3528,75.5742,'Parasrampura','COD'),(385,222,0,0,0,4360,4360,1,'2022-12-18 03:16:07',NULL,NULL,NULL,'Pending','pending','Home','Border wali dhani sargod,','2022-12-18 00:00:00',27.3099,75.6164,'Parasrampura','COD'),(386,241,0,0,0,4920,4920,2,'2022-12-18 03:29:36',NULL,NULL,NULL,'Pending','pending','Home','Purana bus stand dhodhsar main road cut pr,','2022-12-18 00:00:00',27.2858,75.6243,'Parasrampura','COD'),(387,77,0,0,0,2180,2180,1,'2022-12-18 05:15:17',NULL,NULL,NULL,'Pending','pending','Home','Yogiyon ki Dhani Rico,','2022-12-18 00:00:00',27.3528,75.5742,'Parasrampura','COD'),(388,77,0,0,0,1450,1450,1,'2022-12-18 05:16:49',NULL,NULL,NULL,'Pending','pending','Home','Yogiyon ki Dhani Rico,','2022-12-18 00:00:00',27.3528,75.5742,'Parasrampura','COD'),(389,241,0,0,0,1300,1300,1,'2022-12-18 12:32:19',NULL,NULL,NULL,'Pending','pending','Home','Purana bus stand dhodhsar main road cut pr,','2022-12-19 00:00:00',27.2858,75.6243,'Parasrampura','COD'),(390,93,0,0,0,2950,2950,1,'2022-12-19 02:38:16',NULL,NULL,NULL,'Pending','pending','Home','Borali Chobara sargoth ,','2022-12-19 00:00:00',27.3209,75.612,'Parasrampura','COD'),(391,215,0,0,0,8000,8000,1,'2022-12-19 10:26:19','order_Ktjdycx3tnm0d2','pay_Ktjf6fIGKF9Rs6','86c34675d6459aa02bdaa20604e8a5e4885a6a0b461ecc708a7b1cbbe265002d','Pending','approved','Home','Iron metal ke samne ,','2022-12-20 00:00:00',27.3471,75.5744,'Parasrampura','Online'),(392,235,0,0,0,14930,14930,3,'2022-12-19 13:25:04','order_Ktmgnx67kALxne',NULL,NULL,'Pending','pending','Home','Ghar,','2022-12-20 00:00:00',27.3045,75.6508,'Parasrampura','Online'),(393,235,0,0,0,14930,14930,3,'2022-12-19 13:25:55',NULL,NULL,NULL,'Pending','pending','Home','Ghar,','2022-12-20 00:00:00',27.3045,75.6508,'Parasrampura','COD'),(394,246,0,0,0,1280,1280,2,'2022-12-19 15:20:23','order_KtoebWWuplh3z9',NULL,NULL,'Pending','pending','Home','1,','2022-12-25 00:00:00',27.3372,75.5966,'Parasrampura','Online'),(395,93,0,0,0,1400,1400,2,'2022-12-20 02:50:44',NULL,NULL,NULL,'Pending','pending','Home','Borali Chobara sargoth ,','2022-12-20 00:00:00',27.3209,75.612,'Parasrampura','COD'),(396,93,0,0,0,2180,2180,1,'2022-12-20 02:51:12',NULL,NULL,NULL,'Pending','pending','Home','Borali Chobara sargoth ,','2022-12-20 00:00:00',27.3209,75.612,'Parasrampura','COD'),(397,98,0,0,0,2180,2180,3,'2022-12-20 07:04:55',NULL,NULL,NULL,'Pending','pending','Home','Ghar,','2022-12-20 00:00:00',27.3186,75.597,'Parasrampura','COD'),(398,164,0,0,0,4360,4360,4,'2022-12-20 08:58:49',NULL,NULL,NULL,'Pending','pending','Field','झुरमुट होटल के पीछे parasarapura,','2022-12-20 00:00:00',27.3393,75.5849,'Parasrampura','COD');
/*!40000 ALTER TABLE `orders` ENABLE KEYS */;
UNLOCK TABLES;

--
-- Table structure for table `product_addons`
--

DROP TABLE IF EXISTS `product_addons`;
/*!40101 SET @saved_cs_client     = @@character_set_client */;
/*!50503 SET character_set_client = utf8mb4 */;
CREATE TABLE `product_addons` (
  `id` int NOT NULL AUTO_INCREMENT,
  `product_id` int NOT NULL,
  `name` varchar(250) NOT NULL,
  `price` int NOT NULL,
  `status` enum('Y','N') NOT NULL DEFAULT 'Y',
  `created` timestamp NOT NULL DEFAULT CURRENT_TIMESTAMP,
  PRIMARY KEY (`id`)
) ENGINE=InnoDB AUTO_INCREMENT=294 DEFAULT CHARSET=latin1;
/*!40101 SET character_set_client = @saved_cs_client */;

--
-- Dumping data for table `product_addons`
--

LOCK TABLES `product_addons` WRITE;
/*!40000 ALTER TABLE `product_addons` DISABLE KEYS */;
INSERT INTO `product_addons` VALUES (105,51,'34',720,'Y','2021-12-03 14:19:18'),(126,54,'40',1300,'Y','2021-12-23 11:32:19'),(142,56,'50',1400,'Y','2022-07-26 12:59:47'),(165,49,'50',1260,'Y','2022-08-09 12:15:50'),(215,50,'40',960,'Y','2022-11-03 09:44:47'),(251,69,'40',500,'Y','2022-11-17 05:50:52'),(269,57,'50',1450,'Y','2022-11-19 03:57:32'),(276,68,'50 kg',1650,'Y','2022-11-21 11:32:17'),(277,55,'15 kg',2250,'Y','2022-11-21 11:32:33'),(278,52,'50',2500,'Y','2022-11-21 11:33:01'),(280,48,'50',2950,'Y','2022-11-21 11:33:42'),(286,53,'50',1280,'Y','2022-11-25 10:14:23'),(287,61,'45',2030,'Y','2022-12-07 03:00:20'),(288,47,'50 kg',2200,'Y','2022-12-07 03:00:52'),(289,46,'47.5 kg.',1710,'Y','2022-12-07 03:01:32'),(290,44,'40',1440,'Y','2022-12-07 03:03:00'),(291,44,'50',1800,'Y','2022-12-07 03:03:00'),(292,44,'60',2180,'Y','2022-12-07 03:03:00'),(293,45,'50',1800,'Y','2022-12-07 03:03:18');
/*!40000 ALTER TABLE `product_addons` ENABLE KEYS */;
UNLOCK TABLES;

--
-- Table structure for table `product_commision`
--

DROP TABLE IF EXISTS `product_commision`;
/*!40101 SET @saved_cs_client     = @@character_set_client */;
/*!50503 SET character_set_client = utf8mb4 */;
CREATE TABLE `product_commision` (
  `id` int NOT NULL AUTO_INCREMENT,
  `product_id` int NOT NULL,
  `user_id` int NOT NULL,
  `fixed` float DEFAULT '0',
  `percentage` float NOT NULL DEFAULT '0',
  `created` timestamp NOT NULL DEFAULT CURRENT_TIMESTAMP,
  `updated` timestamp NOT NULL DEFAULT CURRENT_TIMESTAMP ON UPDATE CURRENT_TIMESTAMP,
  PRIMARY KEY (`id`)
) ENGINE=InnoDB AUTO_INCREMENT=36 DEFAULT CHARSET=latin1;
/*!40101 SET character_set_client = @saved_cs_client */;

--
-- Dumping data for table `product_commision`
--

LOCK TABLES `product_commision` WRITE;
/*!40000 ALTER TABLE `product_commision` DISABLE KEYS */;
INSERT INTO `product_commision` VALUES (21,40,0,123,67,'2021-09-20 12:57:59','2021-09-22 04:32:40'),(22,39,0,542,2,'2021-09-20 12:57:59','2021-09-21 05:46:07'),(23,38,0,5,6,'2021-09-20 12:57:59','2021-09-20 12:57:59'),(24,37,0,45,4,'2021-09-21 05:35:42','2021-09-21 05:35:42'),(25,36,0,33,3,'2021-09-21 05:35:42','2021-09-21 05:35:42'),(26,35,0,65,4,'2021-09-21 05:35:42','2021-09-21 05:35:42'),(27,34,0,78,788,'2021-09-21 06:17:10','2021-09-21 06:17:10'),(28,33,0,11,1,'2021-09-21 07:26:57','2021-09-21 07:26:57'),(29,32,0,23,2,'2021-09-21 07:26:57','2021-09-21 07:26:57'),(30,31,0,45,43,'2021-09-21 07:26:57','2021-09-21 07:26:57'),(31,30,0,333,3,'2021-09-21 07:26:57','2021-09-21 07:26:57'),(32,29,0,321,3,'2021-09-21 07:26:57','2021-09-21 07:26:57'),(33,56,0,1,22,'2021-09-23 10:10:20','2021-09-23 10:10:20'),(34,54,0,4,55,'2021-09-23 11:35:07','2021-09-23 11:35:07'),(35,55,0,5,10,'2021-10-11 04:51:35','2021-10-11 04:51:35');
/*!40000 ALTER TABLE `product_commision` ENABLE KEYS */;
UNLOCK TABLES;

--
-- Table structure for table `product_images`
--

DROP TABLE IF EXISTS `product_images`;
/*!40101 SET @saved_cs_client     = @@character_set_client */;
/*!50503 SET character_set_client = utf8mb4 */;
CREATE TABLE `product_images` (
  `id` int NOT NULL AUTO_INCREMENT,
  `product_id` int NOT NULL,
  `image` varchar(250) NOT NULL,
  `status` enum('Y','N') NOT NULL DEFAULT 'Y',
  `created` timestamp NOT NULL DEFAULT CURRENT_TIMESTAMP,
  PRIMARY KEY (`id`)
) ENGINE=InnoDB AUTO_INCREMENT=123 DEFAULT CHARSET=latin1;
/*!40101 SET character_set_client = @saved_cs_client */;

--
-- Dumping data for table `product_images`
--

LOCK TABLES `product_images` WRITE;
/*!40000 ALTER TABLE `product_images` DISABLE KEYS */;
INSERT INTO `product_images` VALUES (37,43,'d41d8cd98f00b204e9800998ecf8427e340955125.png','Y','2021-09-23 06:48:49'),(57,43,'d41d8cd98f00b204e9800998ecf8427e340955125.png','Y','2021-09-23 06:48:49'),(66,58,'d41d8cd98f00b204e9800998ecf8427e182858925.jpg','Y','2021-09-23 10:33:11'),(68,60,'d41d8cd98f00b204e9800998ecf8427e1087436069.jpg','Y','2021-09-23 11:25:40'),(70,62,'d41d8cd98f00b204e9800998ecf8427e743356937.jpg','Y','2021-09-23 11:26:43'),(72,64,'d41d8cd98f00b204e9800998ecf8427e1952546816.jpg','Y','2021-09-23 11:28:07'),(73,65,'d41d8cd98f00b204e9800998ecf8427e177920022.jpg','Y','2021-09-23 11:28:38'),(74,66,'d41d8cd98f00b204e9800998ecf8427e1181699404.jpg','Y','2021-09-23 11:30:20'),(84,44,'56cc9f7ae9c64ff0967c955df2370d721261801051.jpg','Y','2021-11-16 12:29:05'),(85,53,'39aeabb8362625e20352c4e75092aa7a1857984297.jpg','Y','2021-11-16 14:07:19'),(86,48,'841de66c793d4870a5bcef28f9309b841182815642.jpg','Y','2021-11-16 14:16:11'),(87,48,'88fa5af7a078c7bc2783b8123146ad72220420645.jpg','Y','2021-11-26 13:18:38'),(89,51,'46fc3a936801fddfe78bb519c5d16c8179574694.jpg','Y','2021-11-26 13:37:13'),(90,49,'652e66d08f86d4deab140d92ecb842ca875366318.jpg','Y','2021-12-03 14:22:16'),(91,52,'edbbc2fedc307e8425a658c5d70392441803975764.jpg','Y','2021-12-03 14:38:25'),(92,45,'1383e5cb9fe65ba4dc4343a4dfcf599c1504575476.jpg','Y','2021-12-03 16:05:49'),(94,56,'804fa85e4e874d0bc6e3bbfcc5845701514968868.JPG','Y','2021-12-23 11:31:08'),(95,54,'5f196c59df1858d3566f1d3d075601722053454102.JPG','Y','2021-12-23 11:32:19'),(96,53,'32ec55fb66040079c4a3396a4f6e46f1238081234.JPG','Y','2021-12-23 11:32:37'),(97,52,'5fba80b2917c89b15e03332b92708e591481614364.JPG','Y','2021-12-23 11:32:53'),(98,50,'a5a148694fef9393b96d7691f49805f61192617319.JPG','Y','2021-12-23 11:33:19'),(99,50,'d055903b29fbd843bd6f34edf5db86a61825300552.JPG','Y','2021-12-23 11:33:35'),(100,49,'ecfb27f1580073037441c7622542fd961525636333.JPG','Y','2021-12-23 11:34:00'),(101,49,'9d8a28332692fa9b09a6809be2eb19f72038131960.JPG','Y','2021-12-23 11:34:13'),(102,46,'38af5028e708756cbe233b3d13bb54281312151182.JPG','Y','2021-12-23 11:34:29'),(103,46,'a13bbf9c32964373cbaf8077a5501ae5372675075.JPG','Y','2021-12-23 11:34:45'),(104,44,'9a22fd0057ce8e6e108bea71aaee71c31606808837.JPG','Y','2021-12-23 11:34:58'),(105,44,'04ef691a7d0b5a126cae86d54d64f78e407670748.JPG','Y','2021-12-23 11:35:11'),(106,45,'910e07341830cb807731126e8fcf1b601703804258.JPG','Y','2021-12-23 11:35:21'),(107,47,'4cab67d44ac60623a163f5b77c8f08211849354697.JPG','Y','2021-12-23 11:37:14'),(117,68,'d41d8cd98f00b204e9800998ecf8427e34070918.jpeg','Y','2022-11-17 05:55:37'),(118,55,'d41d8cd98f00b204e9800998ecf8427e775750812.JPEG','Y','2022-11-18 09:42:14'),(120,57,'d41d8cd98f00b204e9800998ecf8427e1260793630.jpeg','Y','2022-11-19 03:53:35'),(121,61,'d41d8cd98f00b204e9800998ecf8427e1697763510.jpeg','Y','2022-11-19 03:54:49'),(122,57,'d41d8cd98f00b204e9800998ecf8427e795889883.jpeg','Y','2022-11-19 03:57:31');
/*!40000 ALTER TABLE `product_images` ENABLE KEYS */;
UNLOCK TABLES;

--
-- Table structure for table `products`
--

DROP TABLE IF EXISTS `products`;
/*!40101 SET @saved_cs_client     = @@character_set_client */;
/*!50503 SET character_set_client = utf8mb4 */;
CREATE TABLE `products` (
  `id` int NOT NULL AUTO_INCREMENT,
  `name` varchar(250) DEFAULT NULL,
  `brand_name` varchar(250) DEFAULT NULL,
  `measurement` varchar(500) DEFAULT NULL,
  `hsn` varchar(500) DEFAULT NULL,
  `tax_status` varchar(500) DEFAULT NULL,
  `description` text,
  `status` enum('Y','N') NOT NULL DEFAULT 'Y',
  `created` timestamp NOT NULL DEFAULT CURRENT_TIMESTAMP,
  PRIMARY KEY (`id`)
) ENGINE=InnoDB AUTO_INCREMENT=70 DEFAULT CHARSET=utf8mb3;
/*!40101 SET character_set_client = @saved_cs_client */;

--
-- Dumping data for table `products`
--

LOCK TABLES `products` WRITE;
/*!40000 ALTER TABLE `products` DISABLE KEYS */;
INSERT INTO `products` VALUES (44,'बिनोला (काकड़ा) खल ','गौरी ब्रांड','100 किलोग्राम','23061010',NULL,'गौरी ब्रांड बिनोला खल में लगभग 8.5 -9% ऑइल ह ओर 22-24 % प्रोटीन ह इसे यह करीब 10- 15 में पांच गुना पानी को अपने अंदर सोख लेती ह ','Y','2021-09-23 06:51:19'),(45,'बिनोला (काकड़ा) खल ','मंगलमोती ब्रांड ','100 किलोग्राम ','23061010',NULL,'मंगलमोती ब्रांड में ऑइल मात्रा 8-8.5 % ओर प्रोटीन मात्रा लगभग 22% है ','Y','2021-09-23 06:54:12'),(46,'बिनोला (काकड़ा) खल  ','राजा ब्रांड ','Qunital','23061010',NULL,'राजा ब्रांड बिनौला खल में करीब 8-8.5  परसेंट ऑइल और  21-22 परसेंट प्रोटीन होता है और लगभग 10-15 मिनिट में पूरा फूलकर भीग जाता है ','Y','2021-09-23 06:55:18'),(47,'मोटा काकड़ा','--','Qunital','12072900',NULL,'फैट और प्रोटीन से युक्त आपके पशुओं के लिए सबसे उचित,आयल कंटेंट 17-20% तक फैटमें बढ़ोतरी 18-19% नमी 10%','Y','2021-09-23 06:56:24'),(48,'चार्डी काकड़ा','--','Quintal','12072900',NULL,'फैट और प्रोटीन से युक्त आपके पशुओं के लिए सबसे उचित,आयल कंटेंट 15-16 % तक फैटमें बढ़ोतरी 15-17% नमी 10%','Y','2021-09-23 06:58:46'),(49,'रेगुलर पशु आहार  (पैलेट्स) ','गौरी नंदा ब्रांड ','Bags','23099010',NULL,'यह पशुआहार पेलेट्स के रूप में होता है इसमें करीब 18 परसेंट के लगभग प्रोटीन और करीब 3 परसेंट के लगभग फैट होता है जो कि पशुओं के लिए उचित आहार है','Y','2021-09-23 07:00:10'),(50,'मंगलम पशु आहार','गौरी नंदा ','Bags','23099010',NULL,'यह पशुआहार मेस पाऊडर के रूप में होता है इसमें करीब 19-20 % प्रोटीन व 3% फेट होता है यह पशुआहार अपने अंदर 5 गुना पानी सोखने की विशेषता है ','Y','2021-09-23 07:01:05'),(51,'गेंहू चापड़','B l','Bags','230210',NULL,'फैट 1-1.5%  प्रोटीन 13% ','Y','2021-09-23 07:01:58'),(52,'डलिंटर काकड़ा','गौरी ब्राण्ड','Qunital','12072900',NULL,'फैट और प्रोटीन से युक्त आपके पशुओं के लिए सबसे उचित,fiber  24%  % तक फैटमें बढ़ोतरी 17-19% नमी 11-12% crude protein - 20-21%','Y','2021-09-23 07:02:51'),(53,'मक्का दलिया','गौरी ब्रांड ','किलोग्राम ','230210',NULL,'फैट 7-8 प्रोटीन 13-14% ','Y','2021-09-23 07:03:42'),(54,'मूँग खंडा','--','Qunital','230210',NULL,'फैट 1-1.5%  प्रोटीन 13% ','Y','2021-09-23 07:04:25'),(55,'काकड़ा तेल','--','Kgs','15122100',NULL,'only oil (tin weight not included)','Y','2021-09-23 07:05:07'),(56,'सरसों खल','--','Qunital','23069021',NULL,'सरसों खल में ऑइल की मात्रा 7 %  प्रोटीन 37-38% जो पशुओं के लिए लाभदायक है ','Y','2021-09-23 07:06:19'),(57,'गेहूँ दलिया','गौरी ब्रांड','kg','230990',NULL,'गेहूँ दलिया गौरी ब्रांड','Y','2022-08-01 13:05:00'),(61,'मोटा काकड़ा दलिया','गौरी ब्रांड ','Kg','1207',NULL,'मोटा काकड़ा दलिया','Y','2022-08-17 13:35:51'),(68,'चना चूरी','गौरी ब्रांड ','kg','2306',NULL,'चना चूरी ','Y','2022-09-29 12:42:38');
/*!40000 ALTER TABLE `products` ENABLE KEYS */;
UNLOCK TABLES;

--
-- Table structure for table `reviews`
--

DROP TABLE IF EXISTS `reviews`;
/*!40101 SET @saved_cs_client     = @@character_set_client */;
/*!50503 SET character_set_client = utf8mb4 */;
CREATE TABLE `reviews` (
  `id` bigint NOT NULL,
  `user_id` bigint DEFAULT NULL,
  `expert_id` bigint DEFAULT NULL,
  `consultation_id` bigint DEFAULT NULL,
  `rating` float DEFAULT NULL,
  `review` varchar(45) DEFAULT NULL,
  `status` tinyint(1) DEFAULT '1',
  `created` timestamp NULL DEFAULT NULL,
  `modified` timestamp NULL DEFAULT NULL,
  PRIMARY KEY (`id`)
) ENGINE=InnoDB DEFAULT CHARSET=latin1;
/*!40101 SET character_set_client = @saved_cs_client */;

--
-- Dumping data for table `reviews`
--

LOCK TABLES `reviews` WRITE;
/*!40000 ALTER TABLE `reviews` DISABLE KEYS */;
/*!40000 ALTER TABLE `reviews` ENABLE KEYS */;
UNLOCK TABLES;

--
-- Table structure for table `roles`
--

DROP TABLE IF EXISTS `roles`;
/*!40101 SET @saved_cs_client     = @@character_set_client */;
/*!50503 SET character_set_client = utf8mb4 */;
CREATE TABLE `roles` (
  `id` int NOT NULL AUTO_INCREMENT,
  `name` varchar(100) NOT NULL,
  `status` tinyint(1) NOT NULL DEFAULT '1',
  `created` timestamp NOT NULL DEFAULT CURRENT_TIMESTAMP,
  `modified` timestamp NULL DEFAULT NULL,
  PRIMARY KEY (`id`)
) ENGINE=InnoDB AUTO_INCREMENT=5 DEFAULT CHARSET=latin1;
/*!40101 SET character_set_client = @saved_cs_client */;

--
-- Dumping data for table `roles`
--

LOCK TABLES `roles` WRITE;
/*!40000 ALTER TABLE `roles` DISABLE KEYS */;
INSERT INTO `roles` VALUES (1,'Super Admin',1,'2020-07-22 12:18:29',NULL),(2,'Vendor',1,'2020-07-22 12:18:29',NULL),(3,'Customer',1,'2020-07-22 12:18:29',NULL),(4,'Super Vendor',1,'2020-07-22 12:18:29',NULL);
/*!40000 ALTER TABLE `roles` ENABLE KEYS */;
UNLOCK TABLES;

--
-- Table structure for table `roles_users`
--

DROP TABLE IF EXISTS `roles_users`;
/*!40101 SET @saved_cs_client     = @@character_set_client */;
/*!50503 SET character_set_client = utf8mb4 */;
CREATE TABLE `roles_users` (
  `role_id` bigint DEFAULT NULL,
  `user_id` bigint DEFAULT NULL
) ENGINE=InnoDB DEFAULT CHARSET=latin1;
/*!40101 SET character_set_client = @saved_cs_client */;

--
-- Dumping data for table `roles_users`
--

LOCK TABLES `roles_users` WRITE;
/*!40000 ALTER TABLE `roles_users` DISABLE KEYS */;
/*!40000 ALTER TABLE `roles_users` ENABLE KEYS */;
UNLOCK TABLES;

--
-- Table structure for table `servicearea`
--

DROP TABLE IF EXISTS `servicearea`;
/*!40101 SET @saved_cs_client     = @@character_set_client */;
/*!50503 SET character_set_client = utf8mb4 */;
CREATE TABLE `servicearea` (
  `id` int NOT NULL AUTO_INCREMENT,
  `vendor_id` int NOT NULL,
  `latitude` varchar(200) NOT NULL,
  `longitude` varchar(200) NOT NULL,
  `created` timestamp NOT NULL DEFAULT CURRENT_TIMESTAMP ON UPDATE CURRENT_TIMESTAMP,
  PRIMARY KEY (`id`)
) ENGINE=MyISAM AUTO_INCREMENT=4135 DEFAULT CHARSET=latin1;
/*!40101 SET character_set_client = @saved_cs_client */;

--
-- Dumping data for table `servicearea`
--

LOCK TABLES `servicearea` WRITE;
/*!40000 ALTER TABLE `servicearea` DISABLE KEYS */;
INSERT INTO `servicearea` VALUES (4129,52,'27.395991','75.617115','2021-12-23 11:17:59'),(4128,52,'27.413821','75.608703','2021-12-23 11:17:59'),(4127,52,'27.403192','75.587245','2021-12-23 11:17:59'),(4126,52,'27.413288','75.576087','2021-12-23 11:17:59'),(4125,52,'27.418431','75.55626','2021-12-23 11:17:59'),(4124,52,'27.41763','75.539695','2021-12-23 11:17:59'),(4123,52,'27.415716','75.520479','2021-12-23 11:17:59'),(4122,52,'27.41563','75.496629','2021-12-23 11:17:59'),(4121,52,'27.403049','75.475611','2021-12-23 11:17:59'),(4120,52,'27.387874','75.442921','2021-12-23 11:17:59'),(4119,52,'27.36741','75.404855','2021-12-23 11:17:59'),(4118,52,'27.305728','75.414554','2021-12-23 11:17:59'),(4117,52,'27.274454','75.433609','2021-12-23 11:17:59'),(4116,52,'27.262343','75.451525','2021-12-23 11:17:59'),(4115,52,'27.251451','75.480429','2021-12-23 11:17:59'),(4114,52,'27.244316','75.526906','2021-12-23 11:17:59'),(4113,52,'27.23265','75.579745','2021-12-23 11:17:59'),(4112,52,'27.219337','75.611143','2021-12-23 11:17:59'),(4111,52,'27.232888','75.632242','2021-12-23 11:17:59'),(4110,52,'27.235809','75.644259','2021-12-23 11:17:59'),(4109,52,'27.238118','75.656277','2021-12-23 11:17:59'),(4108,52,'27.245485','75.676879','2021-12-23 11:17:59'),(4107,52,'27.250297','75.685296','2021-12-23 11:17:59'),(4106,52,'27.269381','75.683762','2021-12-23 11:17:59'),(4105,52,'27.306195','75.694223','2021-12-23 11:17:59'),(4104,52,'27.333695','75.718073','2021-12-23 11:17:59'),(4103,52,'27.350973','75.722526','2021-12-23 11:17:59'),(4102,52,'27.356257','75.717799','2021-12-23 11:17:59'),(4101,52,'27.361084','75.710824','2021-12-23 11:17:59'),(4100,52,'27.36957','75.707625','2021-12-23 11:17:59'),(4099,52,'27.3926','75.708172','2021-12-23 11:17:59'),(4098,52,'27.409224','75.695586','2021-12-23 11:17:59'),(4097,52,'27.395558','75.645493','2021-12-23 11:17:59'),(4096,52,'27.396066','75.617114','2021-12-23 11:17:59');
/*!40000 ALTER TABLE `servicearea` ENABLE KEYS */;
UNLOCK TABLES;

--
-- Table structure for table `sliders`
--

DROP TABLE IF EXISTS `sliders`;
/*!40101 SET @saved_cs_client     = @@character_set_client */;
/*!50503 SET character_set_client = utf8mb4 */;
CREATE TABLE `sliders` (
  `id` int NOT NULL AUTO_INCREMENT,
  `name` varchar(500) NOT NULL,
  `image` varchar(200) DEFAULT NULL,
  `slider_type` varchar(100) DEFAULT NULL,
  `created` timestamp NOT NULL DEFAULT CURRENT_TIMESTAMP,
  `status` enum('Y','N') NOT NULL DEFAULT 'Y',
  PRIMARY KEY (`id`)
) ENGINE=InnoDB AUTO_INCREMENT=43 DEFAULT CHARSET=latin1;
/*!40101 SET character_set_client = @saved_cs_client */;

--
-- Dumping data for table `sliders`
--

LOCK TABLES `sliders` WRITE;
/*!40000 ALTER TABLE `sliders` DISABLE KEYS */;
INSERT INTO `sliders` VALUES (25,'Slider_1 ','c3c22e6133dd12494910ecf2b9655ebe499451073.png','App','2021-11-10 06:47:59','Y'),(29,'cotex','5e0fc62deeda14f74597641f6033aab91350008976.jpg','App','2021-12-23 11:49:40','Y'),(38,'slider 2','d41d8cd98f00b204e9800998ecf8427e645559491.jpg','App','2022-09-23 11:54:32','Y'),(40,'aaj hi download kre','d41d8cd98f00b204e9800998ecf8427e698175972.jpeg','App','2022-11-03 11:36:14','Y');
/*!40000 ALTER TABLE `sliders` ENABLE KEYS */;
UNLOCK TABLES;

--
-- Table structure for table `slots_day`
--

DROP TABLE IF EXISTS `slots_day`;
/*!40101 SET @saved_cs_client     = @@character_set_client */;
/*!50503 SET character_set_client = utf8mb4 */;
CREATE TABLE `slots_day` (
  `id` int NOT NULL AUTO_INCREMENT,
  `slots_day_hindi` varchar(250) CHARACTER SET utf8mb3 COLLATE utf8mb3_general_ci NOT NULL,
  `slots_day_english` varchar(250) NOT NULL,
  `created` datetime NOT NULL DEFAULT CURRENT_TIMESTAMP,
  `status` enum('Y','N') NOT NULL DEFAULT 'Y',
  PRIMARY KEY (`id`)
) ENGINE=InnoDB AUTO_INCREMENT=8 DEFAULT CHARSET=latin1;
/*!40101 SET character_set_client = @saved_cs_client */;

--
-- Dumping data for table `slots_day`
--

LOCK TABLES `slots_day` WRITE;
/*!40000 ALTER TABLE `slots_day` DISABLE KEYS */;
INSERT INTO `slots_day` VALUES (1,'सोमवार','Monday','2021-09-30 11:39:17','Y'),(2,'मंगलवार','Tuesday','2021-09-30 11:41:20','Y'),(3,'बुधवार','Wednesday','2021-09-30 11:59:13','Y'),(4,'गुरूवार','Thursday','2021-09-30 11:59:50','Y'),(5,'शुक्रवार','Friday','2021-09-30 12:00:09','Y'),(6,'शनिवार','Saturday','2021-09-30 12:00:28','Y'),(7,'रविवार','Sunday','2021-09-30 12:01:04','Y');
/*!40000 ALTER TABLE `slots_day` ENABLE KEYS */;
UNLOCK TABLES;

--
-- Table structure for table `static`
--

DROP TABLE IF EXISTS `static`;
/*!40101 SET @saved_cs_client     = @@character_set_client */;
/*!50503 SET character_set_client = utf8mb4 */;
CREATE TABLE `static` (
  `id` int NOT NULL,
  `title` varchar(250) CHARACTER SET utf8mb3 COLLATE utf8mb3_general_ci DEFAULT NULL,
  `slug` varchar(250) NOT NULL,
  `content` text CHARACTER SET utf8mb3 COLLATE utf8mb3_general_ci,
  `created_date` timestamp NULL DEFAULT CURRENT_TIMESTAMP,
  `status` enum('Y','N') DEFAULT 'Y',
  PRIMARY KEY (`id`)
) ENGINE=InnoDB DEFAULT CHARSET=latin1;
/*!40101 SET character_set_client = @saved_cs_client */;

--
-- Dumping data for table `static`
--

LOCK TABLES `static` WRITE;
/*!40000 ALTER TABLE `static` DISABLE KEYS */;
INSERT INTO `static` VALUES (26,'Terms And Condition','terms-and-conditions','<style>\r\np {font-size:40px !important; padding:20px; text-align:justify; margin-bottom:30px}\r\n</style>\r\n\r\n<p>राहत पधारने के लिए धन्यवाद। यह गोपनीयता नीति आपको बताती है कि हम इस साइट पर एकत्रित व्यक्तिगत जानकारी का उपयोग कैसे करते हैं। साइट का उपयोग करने या कोई व्यक्तिगत जानकारी जमा करने से पहले कृपया इस गोपनीयता नीति को पढ़ें। साइट का उपयोग करके, आप इस गोपनीयता नीति में वर्णित प्रथाओं को स्वीकार कर रहे हैं। इन प्रथाओं को बदला जा सकता है, लेकिन कोई भी परिवर्तन पोस्ट किया जाएगा और परिवर्तन केवल आगे की गतिविधियों और सूचनाओं पर लागू होंगे, पूर्वव्यापी आधार पर नहीं। जब भी आप साइट पर जाते हैं तो आपको गोपनीयता नीति की समीक्षा करने के लिए प्रोत्साहित किया जाता है ताकि यह सुनिश्चित हो सके कि आप समझते हैं कि आपके द्वारा प्रदान की जाने वाली किसी भी व्यक्तिगत जानकारी का उपयोग कैसे किया जाएगा।</p>\r\n\r\n<p>नोट: इस गोपनीयता नीति में निर्धारित गोपनीयता प्रथाएं केवल राहत के लिए हैं। यदि आप अन्य वेब साइटों से लिंक करते हैं, तो कृपया उन साइटों पर पोस्ट की गई गोपनीयता नीतियों की समीक्षा करें।</p>\r\n\r\n<p>सूचना का संग्रह</p>\r\n\r\n<p>हम अपने आगंतुकों द्वारा स्वेच्छा से सबमिट किए जाने पर व्यक्तिगत रूप से पहचान योग्य जानकारी, जैसे नाम, डाक पते, ईमेल पते आदि एकत्र करते हैं। आपके द्वारा प्रदान की जाने वाली जानकारी का उपयोग आपके विशिष्ट अनुरोध को पूरा करने के लिए किया जाता है। इस जानकारी का उपयोग केवल आपके विशिष्ट अनुरोध को पूरा करने के लिए किया जाता है, जब तक कि आप हमें इसे किसी अन्य तरीके से उपयोग करने की अनुमति नहीं देते, उदाहरण के लिए आपको हमारी किसी मेलिंग सूची में जोड़ने के लिए।</p>\r\n\r\n<p>&nbsp;कुकी/ट्रैकिंग तकनीक</p>\r\n\r\n<p>साइट दी गई सुविधाओं के आधार पर कुकीज़ और ट्रैकिंग तकनीक का उपयोग करती है। कुकीज़ और ट्रैकिंग तकनीक ब्राउज़र प्रकार और ऑपरेटिंग सिस्टम जैसी जानकारी एकत्र करने, साइट पर आने वालों की संख्या पर नज़र रखने और यह समझने के लिए उपयोगी हैं कि विज़िटर साइट का उपयोग कैसे करते हैं। कूकीज साईट को दर्शकों हेतु कस्टमाइज करने में भी सहायता कर सकती हैं। कुकीज़ और अन्य ट्रैकिंग तकनीक के माध्यम से व्यक्तिगत जानकारी एकत्र नहीं की जा सकती है, हालांकि, यदि आपने पहले व्यक्तिगत रूप से पहचान योग्य जानकारी प्रदान की है, तो कुकीज़ ऐसी जानकारी से जुड़ी हो सकती हैं। कुल कुकी और ट्रैकिंग जानकारी को तृतीय पक्षों के साथ साझा किया जा सकता है।</p>\r\n\r\n<p>सूचना का वितरण</p>\r\n\r\n<p>हम नीचे सूचीबद्ध कुछ व्यक्तिगत रूप से पहचान योग्य जानकारी को तृतीय पक्ष सेवाओं के सामने प्रकट कर सकते हैं:</p>\r\n\r\n<p>जानकारी जो आप हमें प्रदान करते हैं जैसे नाम, ईमेल, मोबाइल फोन नंबर</p>\r\n\r\n<p>जब आप हमारी सेवा का उपयोग और उपयोग करते हैं तो हम जो जानकारी एकत्र करते हैं, उसमें डिवाइस की जानकारी, स्थान और नेटवर्क वाहक शामिल हैं</p>\r\n\r\n<p>यह जानकारी तृतीय पक्ष सेवा प्रदाताओं के साथ साझा की जाती है ताकि हम:</p>\r\n\r\n<p>आपके लिए ऐप को निजीकृत करें</p>\r\n\r\n<p>व्यवहार विश्लेषण करें</p>\r\n\r\n<p>डेटा सुरक्षा के प्रति प्रतिबद्धता</p>\r\n\r\n<p>आपकी व्यक्तिगत पहचान योग्य जानकारी सुरक्षित रखी जाती है।; केवल अधिकृत कर्मचारियों, एजेंटों और ठेकेदारों (जो जानकारी को सुरक्षित और गोपनीय रखने के लिए सहमत हुए हैं) के पास ही इस जानकारी तक पहुंच है।</p>\r\n\r\n<p>ऑनलाइन विज्ञापन जिसका हम उपयोग करते हैं</p>\r\n\r\n<p>हम इंटरनेट पर विज्ञापन देने के लिए रीमार्केटिंग के लिए Google Analytics विज्ञापन सुविधाओं का उपयोग करते हैं। रीमार्केटिंग आपकी मशीन पर कुकी रखकर राहत ऐप के किन हिस्सों को देखा गया है, इसके आधार पर आपके अनुरूप प्रासंगिक विज्ञापन प्रदर्शित करेगा। यह कुकी किसी भी तरह से आपकी पहचान नहीं करती है या आपके कंप्यूटर तक पहुंच प्रदान नहीं करती है। कुकी का उपयोग यह कहने के लिए किया जाता है कि \"यह व्यक्ति इस पृष्ठ पर गया था, इसलिए उन्हें उस पृष्ठ से संबंधित विज्ञापन दिखाएं।\" Google Analytics रीमार्केटिंग की सहायता से हम अपनी मार्केटिंग को आपकी आवश्यकताओं के अनुसार बेहतर ढंग से अनुकूलित कर सकते हैं और केवल वही विज्ञापन प्रदर्शित कर सकते हैं जो आपके लिए प्रासंगिक हैं।</p>\r\n\r\n<p>यदि आप हमारी रीमार्केटिंग में भाग नहीं लेना चाहते हैं, तो आप इसका उपयोग करके ऑप्ट आउट कर सकते हैं</p>\r\n\r\n<p>हम इस नीति में बदलाव करने का अधिकार सुरक्षित रखते हैं।; इस नीति में किसी भी परिवर्तन को पोस्ट किया जाएगा।</p>','2020-06-30 03:33:15','Y'),(30,'Privacy Policy','privacy-policy','<style>\r\np {font-size:40px !important; padding:20px; text-align:justify;}\r\n</style>\r\n\r\n<p style=\"margin-bottom: 18px; padding: 0px; border: 0px; font-variant-numeric: inherit; font-variant-east-asian: inherit; font-stretch: inherit; line-height: inherit; vertical-align: baseline;\"><font color=\"#444444\" face=\"Open Sans Regular, Geneva, Arial, sans-serif\">गौरी ब्रांड आपकी गोपनीयता की सराहना और सम्मान करता है।. इस साइट या किसी अन्य प्रपत्र के माध्यम से आपके द्वारा प्रस्तुत की गई कोई भी / सभी जानकारी अत्यंत गोपनीयता के अधीन है।.</font></p>\r\n\r\n<p style=\"margin-bottom: 18px; padding: 0px; border: 0px; font-variant-numeric: inherit; font-variant-east-asian: inherit; font-stretch: inherit; line-height: inherit; vertical-align: baseline;\"><font color=\"#444444\" face=\"Open Sans Regular, Geneva, Arial, sans-serif\">सूचना का संग्रह।</font></p>\r\n\r\n<p style=\"margin-bottom: 18px; padding: 0px; border: 0px; font-variant-numeric: inherit; font-variant-east-asian: inherit; font-stretch: inherit; line-height: inherit; vertical-align: baseline;\"><font color=\"#444444\" face=\"Open Sans Regular, Geneva, Arial, sans-serif\">गौरी&nbsp; कैटल फीडकपिला कैटल फीड अपनी साइट के आगंतुकों की वेबसाइट के माध्यम से जानकारी एकत्र करता है जो पूछताछ करने में रुचि रखते हैं, वेबसाइट पर उपलब्ध इलेक्ट्रॉनिक रूपों के माध्यम से अपडेट या सामान्य प्रतिक्रिया के लिए सदस्यता लेते हैं।.</font></p>\r\n\r\n<p style=\"margin-bottom: 18px; padding: 0px; border: 0px; font-variant-numeric: inherit; font-variant-east-asian: inherit; font-stretch: inherit; line-height: inherit; vertical-align: baseline;\"><font color=\"#444444\" face=\"Open Sans Regular, Geneva, Arial, sans-serif\">हमसे संपर्क करें।</font></p>\r\n\r\n<p style=\"margin-bottom: 18px; padding: 0px; border: 0px; font-variant-numeric: inherit; font-variant-east-asian: inherit; font-stretch: inherit; line-height: inherit; vertical-align: baseline;\"><font color=\"#444444\" face=\"Open Sans Regular, Geneva, Arial, sans-serif\">गौरी ब्रांड&nbsp; फीड की वेबसाइट में ऐसी विशेषताएं हैं जहां साइट आगंतुक और ग्राहक इलेक्ट्रॉनिक रूप से कपिला कैटल फीड को जानकारी प्रस्तुत कर सकते हैं।. इस तरह के सबमिशन में विशिष्ट अनुरोधों का सबसे अच्छा जवाब देने के लिए आवश्यक प्रश्न, प्रतिक्रिया या अन्य जानकारी शामिल होती है।. इसके अलावा, गौरी ब्रांड फीड आंतरिक प्रशासनिक उद्देश्यों के लिए वेबसाइट के माध्यम से भेजे गए ई-मेल और अन्य जानकारी को बनाए रख सकती है और आपके अनुरोधों के साथ बेहतर सेवा करने में मदद कर सकती है।.</font></p><p style=\"margin-bottom: 18px; padding: 0px; border: 0px; font-variant-numeric: inherit; font-variant-east-asian: inherit; font-stretch: inherit; line-height: inherit; vertical-align: baseline;\"><font color=\"#444444\" face=\"Open Sans Regular, Geneva, Arial, sans-serif\">स्वचालित डेटा संग्रह।</font></p><p style=\"margin-bottom: 18px; padding: 0px; border: 0px; font-variant-numeric: inherit; font-variant-east-asian: inherit; font-stretch: inherit; line-height: inherit; vertical-align: baseline;\"><font color=\"#444444\" face=\"Open Sans Regular, Geneva, Arial, sans-serif\">गौरी ब्रांड फीड अपनी वेबसाइट पर सभी आगंतुकों के दिनांक, समय, ब्राउज़र प्रकार, नेविगेशन इतिहास और आईपी पते सहित अन्य प्रकार के आगंतुक विवरण एकत्र करता है।. एकत्र की गई जानकारी का उपयोग आंतरिक सुरक्षा ऑडिट, सिस्टम प्रशासन उद्देश्यों के लिए प्रवृत्ति विश्लेषण और वेबसाइट पर वेबसाइट के उपयोगकर्ता व्यवहार और उपयोग पैटर्न को इकट्ठा करने के लिए भी किया जाता है।. गौरी ब्रांड फीड इस जानकारी का उपयोग वेबसाइट के आगंतुकों के बारे में अधिक जानने और जानने के लिए कर सकती है, वेबसाइट के माध्यम से प्रदान की गई सामग्री / जानकारी के प्रकार के बारे में उनकी प्राथमिकताएं।. गौरी ब्रांड&nbsp; फीड इस जानकारी का उपयोग उन सामग्रियों की सेवा के लिए करेगी जो उपयोगकर्ताओं के लिए अधिक उपयुक्त हैं या अपने प्रतिनिधियों से ऑफ़र के बारे में आगंतुकों से संपर्क करने के लिए, जो उनके लिए रुचि का हो सकता है।. गौरी ब्रांड फीड इस जानकारी को किसी तीसरे पक्ष को नहीं बताती है।.</font></p><p style=\"margin-bottom: 18px; padding: 0px; border: 0px; font-variant-numeric: inherit; font-variant-east-asian: inherit; font-stretch: inherit; line-height: inherit; vertical-align: baseline;\"><font color=\"#444444\" face=\"Open Sans Regular, Geneva, Arial, sans-serif\">जानकारी साझा करना।</font></p><p style=\"margin-bottom: 18px; padding: 0px; border: 0px; font-variant-numeric: inherit; font-variant-east-asian: inherit; font-stretch: inherit; line-height: inherit; vertical-align: baseline;\"><font color=\"#444444\" face=\"Open Sans Regular, Geneva, Arial, sans-serif\">गौरी ब्रांड&nbsp; फीड अपने ग्राहक और वेबसाइट आगंतुक जानकारी को तीसरे पक्ष को नहीं बेचती, किराए पर देती या पट्टे पर नहीं देती।. गौरी ब्रांड फीड समूह की कंपनियों / डिवीजनों के अलावा तीसरे पक्ष के साथ व्यक्तिगत रूप से पहचान योग्य जानकारी साझा नहीं करता है।. जानकारी को तीसरे पक्ष के साथ साझा किया जा सकता है जो अपने उत्पाद (ओं) / सेवा (ओं) को प्रदान करने में कपिला कैटल फीड के एजेंटों के रूप में कार्य कर रहे हैं, और जो केवल उस उद्देश्य के लिए इसका उपयोग करने के लिए सहमत हैं और जानकारी को सुरक्षित और गोपनीय रखते हैं।. कपिला कैटल फीड भी जानकारी का खुलासा करेगी कि यह कानून द्वारा ऐसा करने के लिए आवश्यक होने पर बनाए रखता है या।, विशेष मामलों में।, जब कपिला कैटल फीड के पास यह विश्वास करने का कारण है कि इस जानकारी का खुलासा करना आवश्यक है।, किसी ऐसे व्यक्ति के खिलाफ संपर्क करें या कानूनी कार्रवाई करें, जिसके साथ चोट लग सकती है या हस्तक्षेप हो सकता है। (या तो जानबूझकर या अनजाने में।) इसके अधिकार या संपत्ति।. कपिला कैटल फीड कुल जानकारी साझा कर सकती है, जो व्यक्तिगत रूप से पहचान योग्य नहीं है, दूसरों के साथ।.</font></p><p style=\"margin-bottom: 18px; padding: 0px; border: 0px; font-variant-numeric: inherit; font-variant-east-asian: inherit; font-stretch: inherit; line-height: inherit; vertical-align: baseline;\"><font color=\"#444444\" face=\"Open Sans Regular, Geneva, Arial, sans-serif\">व्यक्तिगत जानकारी को सही करना और अपडेट करना।</font></p><p style=\"margin-bottom: 18px; padding: 0px; border: 0px; font-variant-numeric: inherit; font-variant-east-asian: inherit; font-stretch: inherit; line-height: inherit; vertical-align: baseline;\"><font color=\"#444444\" face=\"Open Sans Regular, Geneva, Arial, sans-serif\">यदि आपके द्वारा साइट के माध्यम से प्रस्तुत की गई जानकारी में कोई बदलाव है और आप उसी को सही या अपडेट करना चाह सकते हैं, तो आप वेबसाइट के माध्यम से हमारे प्रतिनिधियों से संपर्क कर सकते हैं और अद्यतन किए जाने वाले विवरण प्रदान कर सकते हैं।.</font></p><p style=\"margin-bottom: 18px; padding: 0px; border: 0px; font-variant-numeric: inherit; font-variant-east-asian: inherit; font-stretch: inherit; line-height: inherit; vertical-align: baseline;\"><font color=\"#444444\" face=\"Open Sans Regular, Geneva, Arial, sans-serif\">सुरक्षा।</font></p><p style=\"margin-bottom: 18px; padding: 0px; border: 0px; font-variant-numeric: inherit; font-variant-east-asian: inherit; font-stretch: inherit; line-height: inherit; vertical-align: baseline;\"><font color=\"#444444\" face=\"Open Sans Regular, Geneva, Arial, sans-serif\">गौरी ब्रांड फीड वेबसाइट के माध्यम से इसके द्वारा प्राप्त जानकारी की सुरक्षा के लिए उचित सावधानियों का उपयोग करता है।. ऐसी जानकारी वेब सर्वर पर संग्रहीत की जाती है, जो सुरक्षित वातावरण में संग्रहीत होती हैं।. गौरी ब्रांड फीड किसी भी तीसरे पक्ष द्वारा अपने सर्वर पर कपिला कैटल फीड द्वारा संग्रहीत जानकारी के लिए किसी भी अनधिकृत पहुंच के लिए जिम्मेदार नहीं होगा।. केवल गौरी ब्रांड फीड के कर्मचारी, जिन्हें किसी विशिष्ट कार्य को करने के लिए जानकारी की आवश्यकता होती है, उन्हें ऐसी जानकारी तक पहुंच प्रदान की जाती है।.</font></p><p style=\"margin-bottom: 18px; padding: 0px; border: 0px; font-variant-numeric: inherit; font-variant-east-asian: inherit; font-stretch: inherit; line-height: inherit; vertical-align: baseline;\"><font color=\"#444444\" face=\"Open Sans Regular, Geneva, Arial, sans-serif\">लिंक।</font></p><p style=\"margin-bottom: 18px; padding: 0px; border: 0px; font-variant-numeric: inherit; font-variant-east-asian: inherit; font-stretch: inherit; line-height: inherit; vertical-align: baseline;\"><font color=\"#444444\" face=\"Open Sans Regular, Geneva, Arial, sans-serif\">गौरी ब्रांड फीड वेबसाइट में अन्य गैर कपिला कैटल फीड वेबसाइटों के लिंक हो सकते हैं।. गौरी ब्रांड फीड ऐसी अन्य साइटों की गोपनीयता प्रथाओं या सामग्री के लिए जिम्मेदार नहीं है।. गौरी ब्रांड अपनी साइट के उपयोगकर्ताओं को सलाह देती है कि जब वे गौरी ब्रांड की वेबसाइट छोड़ते हैं, तो वे जागरूक हों, और उन्हें प्रत्येक वेबसाइट के गोपनीयता कथन को पढ़ने के लिए प्रोत्साहित करें, जिसमें गौरी ब्रांड फीड लिंक प्रदान कर सकती है।.</font></p><p style=\"margin-bottom: 18px; padding: 0px; border: 0px; font-variant-numeric: inherit; font-variant-east-asian: inherit; font-stretch: inherit; line-height: inherit; vertical-align: baseline;\"><font color=\"#444444\" face=\"Open Sans Regular, Geneva, Arial, sans-serif\">अधिसूचना और परिवर्तन।</font></p><p style=\"margin-bottom: 18px; padding: 0px; border: 0px; font-variant-numeric: inherit; font-variant-east-asian: inherit; font-stretch: inherit; line-height: inherit; vertical-align: baseline;\"><font color=\"#444444\" face=\"Open Sans Regular, Geneva, Arial, sans-serif\">गौरी ब्रांड फीड ने इस पृष्ठ में अपनी गोपनीयता नीति में किसी भी परिवर्तन या संशोधन को अद्यतन करने की घोषणा की।. वेबसाइट आगंतुकों से अनुरोध है कि वे गोपनीयता नीति में किए गए परिवर्तनों के बारे में सूचित करने के लिए नियमित रूप से इस अनुभाग की जाँच करें।. यदि आपको हमारी गोपनीयता नीति के बारे में अधिक जानकारी की आवश्यकता है, तो इस साइट पर दिए गए रूपों में से एक के माध्यम से कपिला कैटल फ़ीड से संपर्क करें।.</font></p>','2020-09-01 04:17:40','Y'),(31,'Contact Us','contact-us','<style>\r\np, ul {\r\ntext-align:justify;\r\nfont-size:40px;\r\nmargin-bottom:30px;\r\npadding:20px;\r\n}\r\n</style>\r\n\r\n<p>वापसी और धनवापसी नीति:</p>\r\n\r\n<p>आप बिना कोई कारण बताए 30 दिनों के भीतर अपने आदेश को रद्द करने के हकदार हैं।</p>\r\n\r\n<p>किसी ऑर्डर को रद्द करने की समय सीमा उस तारीख से 30 दिन है जब आपने सामान प्राप्त किया था या जिस पर आपके द्वारा नियुक्त किया गया कोई तीसरा पक्ष, जो वाहक नहीं है, वितरित उत्पाद का कब्जा लेता है।</p>\r\n\r\n<p>रद्द करने के अपने अधिकार का प्रयोग करने के लिए, आपको स्पष्ट विवरण के माध्यम से हमें अपने निर्णय के बारे में सूचित करना होगा।</p>\r\n\r\n<p>आप हमें अपने निर्णय के बारे में ई-मेल skscotexpl@gmail.com पर सूचित कर सकते हैं|</p>\r\n\r\n<p>हम आपको लौटाए गए माल को प्राप्त करने के दिन से 30 दिनों के भीतर प्रतिपूर्ति नहीं करेंगे। हम भुगतान के उसी तरीके का उपयोग करेंगे जैसा आपने ऑर्डर के लिए किया था, और इस तरह की प्रतिपूर्ति के लिए आपको कोई शुल्क नहीं देना होगा।</p>\r\n\r\n<p>रिटर्न के लिए शर्तें:</p>\r\n\r\n<p>सामान वापसी के योग्य होने के लिए, कृपया सुनिश्चित करें कि:</p>\r\n\r\n<ul>\r\n<li>माल पिछले 30 दिनों में खरीदा गया था </li>\r\n<li>माल मूल पैकेजिंग में हैं </li>\r\n</ul>\r\n\r\n<p>निम्नलिखित माल वापस नहीं किया जा सकता है:</p>\r\n\r\n<ul>\r\n<li>आपके विनिर्देशों या स्पष्ट रूप से वैयक्तिकृत किए गए सामानों की आपूर्ति।</li>\r\n<li>माल की आपूर्ति जो उनकी प्रकृति के अनुसार वापस करने के लिए उपयुक्त नहीं है, उदाहरण के लिए माल जो तेजी से बिगड़ता है या जहां समाप्ति की तारीख समाप्त हो जाती है।</li>\r\n<li>माल की आपूर्ति जो स्वास्थ्य सुरक्षा या स्वच्छता कारणों से वापसी के लिए उपयुक्त नहीं है और डिलीवरी के बाद बंद कर दी गई थी।</li>\r\n<li>माल की आपूर्ति, जो डिलीवरी के बाद, उनकी प्रकृति के अनुसार, अन्य वस्तुओं के साथ अविभाज्य रूप से मिश्रित होती है।</li>\r\n<li>हम किसी भी माल की वापसी को अस्वीकार करने का अधिकार सुरक्षित रखते हैं जो हमारे विवेकाधिकार पर उपरोक्त वापसी शर्तों को पूरा नहीं करता है।</li>\r\n</ul>\r\n\r\n<p>सामान लौटाना</p>\r\n\r\n<p>आप हमें माल वापस करने की लागत और जोखिम के लिए जिम्मेदार हैं। आपको माल निम्नलिखित पते पर भेजना चाहिए:</p>\r\n\r\n<p>ई-20 रिको इंडस्ट्रियल एरिया रिंगस</p>\r\n\r\n<p>हमें माल के क्षतिग्रस्त होने या वापसी शिपमेंट में खो जाने के लिए जिम्मेदार नहीं ठहराया जा सकता है। इसलिए, हम एक बीमाकृत और ट्रैक करने योग्य मेल सेवा की अनुशंसा करते हैं। हम माल की वास्तविक प्राप्ति या प्राप्त वापसी वितरण के प्रमाण के बिना धनवापसी जारी करने में असमर्थ हैं।</p>\r\n\r\n<p>संपर्क करें</p>\r\n<p>यदि आपके पास हमारी वापसी और धनवापसी नीति के बारे में कोई प्रश्न हैं, तो कृपया हमें ई-मेल skscotexpl@gmail.com पर संपर्क करें।</p>','2020-09-03 13:25:43','Y'),(32,'Refund','refund','<pre class=\"tw-data-text tw-text-large tw-ta\" data-placeholder=\"Translation\" id=\"tw-target-text\" dir=\"ltr\" style=\"unicode-bidi: isolate; font-size: 24px; line-height: 32px; background-color: rgb(48, 49, 52); border-width: initial; border-style: none; border-color: initial; padding: 2px 0.14em 2px 0px; position: relative; margin-top: -2px; margin-bottom: -2px; resize: none; font-family: inherit; overflow: hidden; width: 270px; white-space: pre-wrap; color: rgb(232, 234, 237);\"><span class=\"Y2IQFc\" lang=\"hi\">वापसी और धनवापसी नीति:\r\nआप बिना कोई कारण बताए 24 घंटों के भीतर अपने आदेश को रद्द करने के हकदार हैं।\r\n\r\nकिसी ऑर्डर को रद्द करने की समय सीमा उस समय से 24 घंटे है जब आपने सामान प्राप्त किया था या जिस पर आपके द्वारा नियुक्त किया गया कोई तीसरा पक्ष, जो वाहक नहीं है, वितरित उत्पाद का कब्जा लेता है।\r\n\r\nरद्द करने के अपने अधिकार का प्रयोग करने के लिए, आपको स्पष्ट विवरण के माध्यम से हमें अपने निर्णय के बारे में सूचित करना होगा।\r\n\r\nआप हमें अपने निर्णय के बारे में ई-मेल skscotexpl@gmail.com पर सूचित कर सकते हैं\r\n\r\nहम आपको लौटाए गए माल को प्राप्त करने के दिन से 24  घंटों के भीतर प्रतिपूर्ति नहीं करेंगे। हम भुगतान के उसी तरीके का उपयोग करेंगे जैसा आपने ऑर्डर के लिए किया था, और इस तरह की प्रतिपूर्ति के लिए आपको कोई शुल्क नहीं देना होगा।\r\n\r\nरिटर्न के लिए शर्तें:\r\nसामान वापसी के योग्य होने के लिए, कृपया सुनिश्चित करें कि:\r\n\r\nमाल पिछले 24 घंटों में खरीदा गया था\r\nमाल मूल पैकेजिंग में हैं\r\nनिम्नलिखित माल वापस नहीं किया जा सकता है:\r\n\r\nआपके विनिर्देशों या स्पष्ट रूप से वैयक्तिकृत किए गए सामानों की आपूर्ति।\r\nमाल की आपूर्ति जो उनकी प्रकृति के अनुसार वापस करने के लिए उपयुक्त नहीं है, उदाहरण के लिए माल जो तेजी से बिगड़ता है या जहां समाप्ति की तारीख समाप्त हो जाती है।\r\nमाल की आपूर्ति जो स्वास्थ्य सुरक्षा या स्वच्छता कारणों से वापसी के लिए उपयुक्त नहीं है और डिलीवरी के बाद बंद कर दी गई थी।\r\nमाल की आपूर्ति, जो डिलीवरी के बाद, उनकी प्रकृति के अनुसार, अन्य वस्तुओं के साथ अविभाज्य रूप से मिश्रित होती है।\r\nहम किसी भी माल की वापसी को अस्वीकार करने का अधिकार सुरक्षित रखते हैं जो हमारे विवेकाधिकार पर उपरोक्त वापसी शर्तों को पूरा नहीं करता है।\r\n\r\nसामान लौटाना\r\nआप हमें माल वापस करने की लागत और जोखिम के लिए जिम्मेदार हैं। आपको माल निम्नलिखित पते पर भेजना चाहिए:\r\n\r\nई-20 रिको इंडस्ट्रियल एरिया रिंगस\r\n\r\nहमें माल के क्षतिग्रस्त होने या वापसी शिपमेंट में खो जाने के लिए जिम्मेदार नहीं ठहराया जा सकता है। इसलिए, हम एक बीमाकृत और ट्रैक करने योग्य मेल सेवा की अनुशंसा करते हैं। हम माल की वास्तविक प्राप्ति या प्राप्त वापसी वितरण के प्रमाण के बिना धनवापसी जारी करने में असमर्थ हैं।\r\n\r\n\r\nसंपर्क करें\r\nयदि आपके पास हमारी वापसी और धनवापसी नीति के बारे में कोई प्रश्न हैं, तो कृपया हमें ई-मेल skscotexpl@gmail.com पर संपर्क करें।</span></pre>','2020-09-01 04:17:40','N');
/*!40000 ALTER TABLE `static` ENABLE KEYS */;
UNLOCK TABLES;

--
-- Table structure for table `tbl_slots`
--

DROP TABLE IF EXISTS `tbl_slots`;
/*!40101 SET @saved_cs_client     = @@character_set_client */;
/*!50503 SET character_set_client = utf8mb4 */;
CREATE TABLE `tbl_slots` (
  `id` int NOT NULL AUTO_INCREMENT,
  `slots_day_id` int NOT NULL,
  `mintime` time DEFAULT NULL,
  `maxtime` time DEFAULT NULL,
  `status` enum('Y','N') NOT NULL DEFAULT 'Y',
  PRIMARY KEY (`id`)
) ENGINE=InnoDB AUTO_INCREMENT=6 DEFAULT CHARSET=latin1;
/*!40101 SET character_set_client = @saved_cs_client */;

--
-- Dumping data for table `tbl_slots`
--

LOCK TABLES `tbl_slots` WRITE;
/*!40000 ALTER TABLE `tbl_slots` DISABLE KEYS */;
INSERT INTO `tbl_slots` VALUES (1,1,'10:00:00','11:59:00','Y'),(2,1,'12:00:00','01:59:59','Y'),(3,1,'02:00:00','03:59:59','Y'),(4,1,'04:00:00','05:59:59','Y'),(5,1,'06:00:00','07:59:59','Y');
/*!40000 ALTER TABLE `tbl_slots` ENABLE KEYS */;
UNLOCK TABLES;

--
-- Table structure for table `user_addresses`
--

DROP TABLE IF EXISTS `user_addresses`;
/*!40101 SET @saved_cs_client     = @@character_set_client */;
/*!50503 SET character_set_client = utf8mb4 */;
CREATE TABLE `user_addresses` (
  `id` int NOT NULL AUTO_INCREMENT,
  `name` varchar(250) NOT NULL,
  `user_id` varchar(250) NOT NULL,
  `address` varchar(500) DEFAULT NULL,
  `address_type` varchar(250) NOT NULL,
  `is_permanent` enum('Y','N') NOT NULL DEFAULT 'Y',
  `latitude` float DEFAULT NULL,
  `longitude` float DEFAULT NULL,
  `created` timestamp NOT NULL DEFAULT CURRENT_TIMESTAMP,
  PRIMARY KEY (`id`)
) ENGINE=InnoDB AUTO_INCREMENT=187 DEFAULT CHARSET=utf8mb3;
/*!40101 SET character_set_client = @saved_cs_client */;

--
-- Dumping data for table `user_addresses`
--

LOCK TABLES `user_addresses` WRITE;
/*!40000 ALTER TABLE `user_addresses` DISABLE KEYS */;
INSERT INTO `user_addresses` VALUES (10,'sharwan','84','sargoth,Reengus, सीकर मार्ग, माहरौली, राजस्थान, भारत','Home','Y',27.3764,75.575,'2022-07-26 18:42:09'),(11,'Anil ji','85','Ffhkkgc,','Home','Y',27.3365,75.5834,'2022-07-26 19:22:05'),(12,'Reengus','89','Dinesh kumawat,','Home','Y',27.3365,75.5834,'2022-07-30 16:45:16'),(13,'Suresh Yadav','90','Sargoth bus stand ke pas, singod raste per,','Home','N',27.308,75.6166,'2022-07-30 19:42:12'),(14,'Sardar singh','92',',','','N',27.3365,75.5834,'2022-07-31 11:07:03'),(15,'Jitu','97','Dhani mehramali,','','Y',27.3365,75.5834,'2022-08-02 15:47:59'),(16,'Rahul jat','100','Barala ki dhani power house riico,','','N',27.3401,75.6038,'2022-08-03 14:45:20'),(17,'Suresh Yadav','105','Singod rasta, bus stand sargoth ,','','N',27.3226,75.6117,'2022-08-05 18:19:37'),(18,'Shakti Singh Shekhawat ','94','Sargoth gadhi road thanji mod ,','Home','Y',27.3013,75.621,'2022-08-06 07:59:43'),(19,'Shakti Singh Shekhawat ','94','Sargoth gadhi road thanji mod ,','Home','Y',27.3013,75.621,'2022-08-06 07:59:44'),(20,'Lucky raj','107','Bus stand ke pas, singod rasta, sargoth, sargoth,','','N',27.3189,75.6126,'2022-08-06 12:01:25'),(22,'Si','87','Ghar,Sikar, खाटू श्याम जी टेम्पल मार्ग, खाटू, राजस्थान, भारत','Home','Y',27.3671,75.4055,'2022-08-06 21:11:04'),(23,'M mangwa ki dhani singot Kala','111',',','','N',27.3349,75.6435,'2022-08-08 09:35:10'),(24,'Ram singh','80','Farmhouse ,Dharampal Satyapal Limited (Dairy Division) Reengus, Parasrampura, राजस्थान, भारत','FarmHouse','Y',27.3324,75.5868,'2022-08-08 13:07:20'),(25,'Ram singh','55','Farm,Dharampal Satyapal Limited (Dairy Division) Reengus, Parasrampura, राजस्थान, भारत','Field','Y',27.3324,75.5868,'2022-08-08 13:12:56'),(26,'','124',',','Home','N',27.3453,75.6294,'2022-08-09 21:16:31'),(27,'महेंद्र सिंह गढ़वाल','88','ढाणी हरसोलाई गांव सिरसा बगड़ी  ,','Home','Y',27.3354,75.569,'2022-08-12 12:59:47'),(28,'Devendra Kumar Saini','129','Bhagguka wali dhani,','','N',27.3739,75.597,'2022-08-12 17:39:44'),(31,'Lucky raj','133','Bus stand sargoth ,','','N',27.3189,75.6126,'2022-08-13 16:00:56'),(32,'RICHHPAL kakraliya ','95',',','Home','Y',27.3117,75.5868,'2022-08-14 16:25:51'),(33,'झाबर जी खरेशिया','136',',','Home','N',27.3838,75.5484,'2022-08-15 09:20:38'),(34,'झाबर जी खरेशिया','136',',','','N',27.3838,75.5484,'2022-08-15 09:21:06'),(35,'Manish nitharwal ','106','Ambedkar school ke paas reengus,','','N',27.3634,75.5685,'2022-08-16 11:33:30'),(37,'Rico mod ','122','Home,','','N',27.3365,75.5834,'2022-08-17 19:02:31'),(38,'','149',',','','N',27.3365,75.5834,'2022-08-19 16:19:50'),(39,'Narpat singh','145','Bagri wali dgani ke pass,','','Y',27.3365,75.5834,'2022-08-19 17:18:32'),(41,'hanuman','143','gjar,Khatu Shyam Ji Temple, राजस्थान, भारत','Home','Y',27.3623,75.5198,'2022-08-20 18:36:16'),(42,'testing','143','ghar,Ringas, राजस्थान, भारत','Home','Y',27.3766,75.558,'2022-08-22 12:09:02'),(44,'MOHAN LAL JAT ','155','DHANI MANGAWA WALI SINGOD KALAN ,','Home','Y',27.326,75.637,'2022-08-22 16:04:06'),(47,'Hanu','143','Ghar,Khatu Shyam Ji Temple, राजस्थान, भारत','Home','Y',27.3623,75.5198,'2022-08-24 17:10:07'),(48,'Mukesh','134',',','','N',27.3393,75.5479,'2022-08-26 17:54:41'),(49,'Jhuntha ram','159','Dhani harsholai near riico,','Field','Y',27.3561,75.5504,'2022-08-27 17:53:32'),(53,'Mahendra Singh Shekhawat ','93','Borali Chobara sargoth ,','Home','N',27.3209,75.612,'2022-08-30 12:06:49'),(54,'Kanaram ','162','Chota gudha railway station ke pass,','Home','N',27.3365,75.5834,'2022-08-31 13:55:51'),(55,'Jivraj singh','141','Parasrampura ,','Home','Y',27.3358,75.5966,'2022-09-01 13:25:31'),(56,'Bharat singh','164','झुरमुट होटल के पीछे parasarapura,','Field','N',27.3393,75.5849,'2022-09-02 12:38:17'),(57,'Shri Balaji restaurant sargoth','168','Sargoth,','','Y',27.3365,75.5834,'2022-09-02 17:47:56'),(59,'Bhagirath barala ','158','Dhani khadiya wali ward no 1 singod kalan ,','','N',27.3238,75.6475,'2022-09-02 21:05:27'),(60,'Bhagirath barala ','158','Dhani khadiya wali ward no 1 singod kalan ,','','N',27.3238,75.6475,'2022-09-02 21:05:30'),(61,'Bhagirath barala ','158','Dhani khadiya wali ward no 1 singod kalan ,','','N',27.3238,75.6475,'2022-09-02 21:05:32'),(62,'Bhagirath barala ','158','Dhani khadiya wali ward no 1 singod kalan ,','','N',27.3238,75.6475,'2022-09-02 21:05:34'),(63,'Bhagirath barala ','158','Dhani khadiya wali ward no 1 singod kalan ,','','N',27.3238,75.6475,'2022-09-02 21:05:36'),(64,'Bhagirath barala ','158','Dhani khadiya wali ward no 1 singod kalan ,','','N',27.3238,75.6475,'2022-09-02 21:05:41'),(65,'Bhagirath barala ','158','Dhani khadiya wali ward no 1 singod kalan ,','','N',27.3238,75.6475,'2022-09-02 21:05:42'),(66,'Bhagirath barala ','158','Dhani khadiya wali ward no 1 singod kalan ,','','N',27.3238,75.6475,'2022-09-02 21:05:42'),(67,'Bhagirath barala ','158','Dhani khadiya wali ward no 1 singod kalan ,','','N',27.3238,75.6475,'2022-09-02 21:05:42'),(68,'Bhagirath barala ','158','Dhani khadiya wali ward no 1 singod kalan ,','','N',27.3238,75.6475,'2022-09-02 21:05:43'),(69,'Bhagirath barala ','158','Dhani khadiya wali ward no 1 singod kalan ,','','N',27.3238,75.6475,'2022-09-02 21:05:43'),(70,'Bhagirath barala ','158','Dhani khadiya wali ward no 1 singod kalan ,','','N',27.3238,75.6475,'2022-09-02 21:05:46'),(71,'Bhagirath barala ','158','Dhani khadiya wali ward no 1 singod kalan ,','','Y',27.3238,75.6475,'2022-09-02 21:05:47'),(72,'Bhagirath barala ','158','Dhani khadiya wali ward no 1 singod kalan ,','','Y',27.3238,75.6475,'2022-09-02 21:05:51'),(73,'Manoj kumar','138','Ward no 2 RSWM DEV nager Ringus,','Home','N',27.3798,75.553,'2022-09-03 06:50:15'),(74,'Sragoth','78',',','','N',27.3365,75.5834,'2022-09-03 14:51:48'),(75,'Simarla jageer ','169','Bramno ka bad,','Home','Y',27.3147,75.629,'2022-09-04 09:57:10'),(76,'Mukesh kumar lamba','171','Home,','Home','Y',27.3213,75.5535,'2022-09-06 06:51:41'),(77,'Kuwar raj singh','167','138 ,Sargoth, सीकर, राजस्थान, भारत','FarmHouse','Y',27.326,75.6029,'2022-09-08 11:28:04'),(78,'Baldev ram','175','132 gss keep peeche,','FarmHouse','Y',27.3365,75.5834,'2022-09-10 16:52:50'),(79,'Sragoth','177','Sargoth,','FarmHouse','Y',27.3365,75.5834,'2022-09-11 16:57:35'),(80,'Ravir singh','179','Dhar wali dhani,','FarmHouse','Y',27.3365,75.5834,'2022-09-13 08:58:36'),(83,'Rahul gurjar ','182','Ghar,','Home','Y',27.3368,75.5843,'2022-09-16 09:19:27'),(106,'Dinki','119','Ringus,Ringas, राजस्थान, भारत','Home','Y',27.3766,75.558,'2022-09-22 15:50:30'),(107,'Kailash Chand Yadav ','186','Ganpati Dham Yadav ki Dhani ward number 8,','Home','Y',27.3468,75.5952,'2022-09-24 13:06:09'),(108,'Kailash Chand Yadav ','186','Ganpati Dham Yadav ki Dhani ward number 8,','Home','Y',27.3468,75.5952,'2022-09-24 13:06:12'),(109,'Kailash Chand Yadav ','186','Ganpati Dham Yadav ki Dhani ward number 8,','Home','Y',27.3468,75.5952,'2022-09-24 13:06:19'),(110,'Kailash Chand Yadav ','186','Ganpati Dham Yadav ki Dhani ward number 8,','Home','Y',27.3468,75.5952,'2022-09-24 13:06:20'),(111,'Kailash Chand Yadav ','186','Ganpati Dham Yadav ki Dhani ward number 8,','Home','Y',27.3468,75.5952,'2022-09-24 13:06:21'),(115,'Narsi ram kumawat ','184','Dabar wali dhani ,','Home','Y',27.3453,75.581,'2022-09-25 15:54:54'),(116,'Sagar LOCHHIB sargoth ','180','ढाणी लोछिबा वाली वार्ड नंबर 11,','Home','Y',27.3401,75.6038,'2022-09-26 08:09:07'),(131,'BP SARGOTH ','188','Sargoth ,','FarmHouse','Y',27.3265,75.6101,'2022-09-28 12:09:20'),(134,'Murlidhar','192','Sisotiya wali dhani,rawo ki school,','Home','Y',27.3201,75.6326,'2022-09-30 15:27:52'),(145,'Raxpal Singh yadav','110','Gadhi,','Home','Y',27.3365,75.5834,'2022-10-03 17:44:28'),(150,'Hemraj','172','Home,Ringas, Rajasthan, India','Home','Y',27.3766,75.558,'2022-10-04 17:39:41'),(151,'Daac','103','Ringas, राजस्थान, भारत','Ghar ','Y',27.3766,75.558,'2022-10-04 17:42:05'),(152,'Ravi','103','Ringas, राजस्थान, भारत','Ghar ','Y',27.3766,75.558,'2022-10-06 15:07:02'),(154,'Khush','131','Home,Ringas, Rajasthan, India','Home','Y',27.3766,75.558,'2022-10-07 17:22:19'),(155,'Hhhh','131','Home,Ringas Junction, Junction, Reengus, Rajasthan, India','Home','Y',27.3737,75.5632,'2022-10-07 17:42:53'),(157,'Mukesh kumar','139','Ward no 2 dhani khareshiya wali rings sikar,','Home','Y',27.3824,75.5501,'2022-10-09 14:22:46'),(158,'Honey','131','Home,Ringas, Rajasthan, India','Home','Y',27.3766,75.558,'2022-10-11 16:42:38'),(159,'Rajkumar yadav','203','bordar wali dhani sargoth,','Home','Y',27.3066,75.6161,'2022-10-12 08:11:41'),(160,'Dev','103','Ringas, राजस्थान, भारत','Ghar','Y',27.3766,75.558,'2022-10-12 23:47:33'),(161,'Deep','185','Home ,Ringas, Rajasthan, India','Home','Y',27.3766,75.558,'2022-10-13 13:11:50'),(162,'Mukesh','205','Ghar ,','Home','Y',27.3589,75.5683,'2022-10-15 08:53:21'),(163,'Dinesh gurjar ','209','Siv mandir ke samne ,Ringas, राजस्थान, भारत','Home','Y',27.3766,75.558,'2022-10-23 16:48:07'),(164,'Romesh Kumawat ','123','House no.1 front of fire station ,','Home','Y',27.3412,75.5861,'2022-10-25 09:27:15'),(165,'Jagdish Prasad jat ','210','NANGAL GOVIND ,','Home','Y',27.3204,75.557,'2022-10-25 15:15:55'),(166,'Mal Singh Shekhawat ','212','Rj18 sidhi vinayak hotel Sargoth ke Piche ,','FarmHouse','Y',27.3261,75.6107,'2022-10-26 07:28:32'),(167,'Krishan Kumar Yadav','213','Near Gaddi School,Sargoth, राजस्थान, भारत','Home','Y',27.3241,75.6074,'2022-10-27 14:09:29'),(168,'Pokhar ji gadhwal dairy wala','215','Iron metal ke samne ,','Home','Y',27.3471,75.5744,'2022-10-29 08:12:46'),(169,'Murlidhar','192','Sisotiya wali dhani, rawo ki school ke pas, Kalyan mod ke pas singod kalan,','Home','Y',27.3205,75.6326,'2022-10-29 12:29:29'),(170,'chhigan singh','216','शेखावत फार्म हाउस परसरामपुरा,','Field','N',27.3341,75.6043,'2022-10-29 16:23:32'),(171,'Rahul','137','Ghar,','Home','Y',27.3854,75.547,'2022-11-04 12:52:17'),(172,'SARGOTH ','218','18,','Home','N',27.3441,75.602,'2022-11-06 11:27:28'),(174,'Jitu','98','Ghar,','Home','Y',27.3186,75.597,'2022-11-07 07:32:33'),(175,'Narendra singh shekhawat ','221','Behind vinayak hotel NH-52 dhodhasar ,','FarmHouse','Y',27.3121,75.6157,'2022-11-10 07:12:53'),(176,'Saudh','131','Home,Ringas, Rajasthan, India','Home','Y',27.3766,75.558,'2022-11-11 13:23:54'),(177,'Mahesh Kumar YOGI ','77','Yogiyon ki Dhani Rico,','Home','Y',27.3528,75.5742,'2022-11-17 20:23:10'),(178,'Kelash yadav','223','07,','Home','Y',27.3099,75.6164,'2022-11-18 08:05:28'),(179,'Than Singh ','226','Gar,','Home','Y',27.3198,75.6053,'2022-11-21 10:03:53'),(180,'Mahesh Choudhary','151','Gadhi mod Sargoth,','Home','Y',27.3236,75.6069,'2022-11-21 14:34:37'),(181,'Raju bodar ','222','Border wali dhani sargod,','Home','Y',27.3099,75.6164,'2022-12-03 08:07:38'),(182,'Jhabar ji chopra ','235','Ghar,','Home','Y',27.3045,75.6508,'2022-12-07 15:58:06'),(183,'Sunil ','234','Ward number 05,','Home','Y',27.3684,75.5102,'2022-12-07 18:15:41'),(184,'Rajendra Singh Rathore ','229','Village Bagdi , Near Government School & Sekhari Bagdi Stand. (Rathore Colony),','Home','N',27.3221,75.5555,'2022-12-10 12:51:45'),(185,'Ajit singh','241','Purana bus stand dhodhsar main road cut pr,','Home','Y',27.2858,75.6243,'2022-12-18 08:59:21'),(186,'Vinod choudhary ','246','1,','Home','Y',27.3372,75.5966,'2022-12-19 20:50:12');
/*!40000 ALTER TABLE `user_addresses` ENABLE KEYS */;
UNLOCK TABLES;

--
-- Table structure for table `users`
--

DROP TABLE IF EXISTS `users`;
/*!40101 SET @saved_cs_client     = @@character_set_client */;
/*!50503 SET character_set_client = utf8mb4 */;
CREATE TABLE `users` (
  `id` int NOT NULL AUTO_INCREMENT,
  `device_id` bigint DEFAULT NULL,
  `name` varchar(191) CHARACTER SET utf8mb3 COLLATE utf8mb3_general_ci NOT NULL,
  `firm_name` varchar(250) CHARACTER SET utf8mb3 COLLATE utf8mb3_general_ci DEFAULT NULL,
  `mobile` varchar(250) NOT NULL,
  `image` varchar(191) DEFAULT NULL,
  `email` varchar(100) DEFAULT NULL,
  `password` varchar(191) DEFAULT NULL,
  `otp` int DEFAULT NULL,
  `referral_code` varchar(100) DEFAULT NULL,
  `role_id` int NOT NULL,
  `status` tinyint(1) NOT NULL DEFAULT '1',
  `token` text,
  `created` timestamp NULL DEFAULT CURRENT_TIMESTAMP,
  `modified` timestamp NULL DEFAULT NULL,
  `state_id` varchar(250) DEFAULT NULL,
  `gst_no` varchar(250) DEFAULT NULL,
  `account_name` varchar(500) DEFAULT NULL,
  `bank_name` varchar(100) DEFAULT NULL,
  `account_number` varchar(200) DEFAULT NULL,
  `ifsc` varchar(15) DEFAULT NULL,
  `branch` varchar(100) DEFAULT NULL,
  `user_address_id` varchar(250) DEFAULT NULL,
  `address` varchar(250) CHARACTER SET utf8mb3 COLLATE utf8mb3_general_ci DEFAULT NULL,
  `address_1` varchar(500) CHARACTER SET utf8mb3 COLLATE utf8mb3_general_ci DEFAULT NULL,
  `pincode_1` int DEFAULT NULL,
  `address_2` varchar(500) CHARACTER SET utf8mb3 COLLATE utf8mb3_general_ci DEFAULT NULL,
  `pincode_2` int DEFAULT NULL,
  `address_3` varchar(500) CHARACTER SET utf8mb3 COLLATE utf8mb3_general_ci DEFAULT NULL,
  `pincode_3` int DEFAULT NULL,
  `notification_counter` bigint DEFAULT NULL,
  `instagram` varchar(250) DEFAULT NULL,
  `fackbook` varchar(250) DEFAULT NULL,
  `twitter` varchar(250) DEFAULT NULL,
  `youtube` varchar(250) DEFAULT NULL,
  `villagename` varchar(200) CHARACTER SET utf8mb3 COLLATE utf8mb3_general_ci NOT NULL,
  `animalCount` int NOT NULL,
  `milkQuantity` varchar(200) NOT NULL,
  `helpline_number` varchar(200) CHARACTER SET utf8mb3 COLLATE utf8mb3_general_ci DEFAULT NULL,
  `contact_email` varchar(200) CHARACTER SET utf8mb3 COLLATE utf8mb3_general_ci DEFAULT NULL,
  `factroy_address` varchar(200) CHARACTER SET utf8mb3 COLLATE utf8mb3_general_ci DEFAULT NULL,
  `sms_mobile` bigint DEFAULT NULL,
  `referred_user_id` int DEFAULT NULL,
  `wallet` int DEFAULT NULL,
  `referred_reward` int DEFAULT NULL,
  `latitude` varchar(100) DEFAULT NULL,
  `longitude` varchar(100) DEFAULT NULL,
  PRIMARY KEY (`id`)
) ENGINE=InnoDB AUTO_INCREMENT=248 DEFAULT CHARSET=latin1;
/*!40101 SET character_set_client = @saved_cs_client */;

--
-- Dumping data for table `users`
--

LOCK TABLES `users` WRITE;
/*!40000 ALTER TABLE `users` DISABLE KEYS */;
INSERT INTO `users` VALUES (1,NULL,'GaouriBrand','GaouriBrand','+919571848232','test.jpg','info@gaouribrand.com','$2y$10$.4Hktl/rMzQMYjayUE2iH.LypDtgGDCY12JGSJgUoS8p4SLFZSYE.',NULL,'',1,1,NULL,'2020-10-13 04:16:29','2021-11-22 13:18:18','1','08AGEPA0171A1ZB','shri khatu shyam kautex pvt. ltd.','kotak mahindra bank','2612593949','KKBK0003537','VKI Jaipur','','15-k-4 jyoti nagar near new vidhan sabha jaipur','Ringus parasrampura(25kms from factory) GEO available on google maps @shri khatu shyam kautex pvt. ltd.',332404,'Jaipur kukar kheda mandi(25kms)',302003,'jhunjhunu(30kms)',333001,0,'https://www.instagram.com/nusearchpharma/','https://www.facebook.com/Nusearchpharma-103919001510415/?modal=admin_todo_tour','https://twitter.com/login?lang=en','https://www.youtube.com/channel/UCroZx7o7h0HRW2qWzgyCdNg/?guided_help_flow=5','Jaipur',0,'','9610123106','skscotexpl@gmail.com','e-20 sks industrial area RICO Ringus',9828023106,0,0,500,NULL,NULL),(48,NULL,'Kalyan singh',NULL,'9829048021',NULL,NULL,NULL,5162,'593126',3,1,'eyJ0eXAiOiJKV1QiLCJhbGciOiJIUzI1NiJ9.eyJzdWIiOjQ4LCJleHAiOjE2NDUxMDIxMTB9.RivJ1WB6v4-vCKMAxVLknBD_SrafLWiE9iFfUWJ_yXA','2021-10-05 10:52:42','2022-08-29 12:10:30',NULL,NULL,NULL,NULL,NULL,NULL,NULL,NULL,'Sanganer',NULL,NULL,NULL,NULL,NULL,NULL,0,NULL,NULL,NULL,NULL,'Dasota',130,'200',NULL,NULL,NULL,NULL,NULL,0,NULL,NULL,NULL),(51,NULL,'ritesh',NULL,'9694401207',NULL,NULL,NULL,1234,'768561',2,1,'eyJ0eXAiOiJKV1QiLCJhbGciOiJIUzI1NiJ9.eyJzdWIiOjUxLCJleHAiOjE2MzYzNTM0ODJ9.aZn_3fvy5w7X0Xau4lMeiuA1mttLPbbwbFB9SVkHzNI','2021-10-09 12:07:47','2021-11-22 13:18:18',NULL,NULL,NULL,NULL,NULL,NULL,NULL,NULL,'jaipur',NULL,NULL,NULL,NULL,NULL,NULL,0,NULL,NULL,NULL,NULL,'bassi',20,'50',NULL,NULL,NULL,NULL,NULL,NULL,NULL,NULL,NULL),(52,NULL,'Service Area',NULL,'',NULL,NULL,NULL,1234,'814909',4,1,'eyJ0eXAiOiJKV1QiLCJhbGciOiJIUzI1NiJ9.eyJzdWIiOjUxLCJleHAiOjE2MzYzNTM0ODJ9.aZn_3fvy5w7X0Xau4lMeiuA1mttLPbbwbFB9SVkHzNI','2021-10-09 12:07:47','2021-11-22 13:18:18',NULL,NULL,NULL,NULL,NULL,NULL,NULL,NULL,'RIICO Industrial Area, Parasrampura, Rajasthan 332404',NULL,NULL,NULL,NULL,NULL,NULL,0,NULL,NULL,NULL,NULL,'RIICO Industrial Area, Parasrampura, Rajasthan 332404',20,'50',NULL,NULL,NULL,NULL,NULL,NULL,NULL,'27.335925','75.583812'),(53,NULL,'Prakash',NULL,'9085595690',NULL,NULL,NULL,2437,'233048',2,1,'eyJ0eXAiOiJKV1QiLCJhbGciOiJIUzI1NiJ9.eyJzdWIiOjUzLCJleHAiOjE2Njk4MTYxMjN9.ctB-snslCzzNNAEVMX5RQFsBzATaFdzuDlf0yv7imyk','2021-10-14 21:11:16','2022-10-31 19:18:43',NULL,NULL,NULL,NULL,NULL,NULL,NULL,NULL,'Mandawa',NULL,NULL,NULL,NULL,NULL,NULL,0,NULL,NULL,NULL,NULL,'Mandawa',1,'10',NULL,NULL,NULL,NULL,NULL,NULL,NULL,NULL,NULL),(54,NULL,'Service Area',NULL,'',NULL,NULL,NULL,1234,'601125',4,1,'eyJ0eXAiOiJKV1QiLCJhbGciOiJIUzI1NiJ9.eyJzdWIiOjUxLCJleHAiOjE2MzYzNTM0ODJ9.aZn_3fvy5w7X0Xau4lMeiuA1mttLPbbwbFB9SVkHzNI','2021-10-09 12:07:47','2021-11-22 13:18:18',NULL,NULL,NULL,NULL,NULL,NULL,NULL,NULL,'vki road no 14 jaipur',NULL,NULL,NULL,NULL,NULL,NULL,0,NULL,NULL,NULL,NULL,'vki road no 14 jaipur',20,'50',NULL,NULL,NULL,NULL,NULL,NULL,NULL,'26.9979','75.7706'),(55,NULL,'Tech Team',NULL,'8619561663',NULL,NULL,NULL,1741,'781026',3,1,'eyJ0eXAiOiJKV1QiLCJhbGciOiJIUzI1NiJ9.eyJzdWIiOjU1LCJleHAiOjE2NzIzODgxODh9.6WDGxjy6QkkO8glrFGFQL5MeehpHVc_Cwm4OhoIA0Ek','2021-10-19 14:23:02','2022-11-30 13:46:28',NULL,NULL,NULL,NULL,NULL,NULL,NULL,NULL,'Jobner',NULL,NULL,NULL,NULL,NULL,NULL,1,NULL,NULL,NULL,NULL,'Jobner',12,'80',NULL,NULL,NULL,NULL,NULL,0,0,NULL,NULL),(61,NULL,'Dinesh Choudhary',NULL,'7877377417',NULL,NULL,NULL,1234,'780123',2,1,'eyJ0eXAiOiJKV1QiLCJhbGciOiJIUzI1NiJ9.eyJzdWIiOjYxLCJleHAiOjE2MzkxMTM0OTB9.sXlmrkQmsBevs49ShwpOPy7Zv4uyUWLvWGT8767OUCo','2021-11-10 10:47:52','2021-12-09 15:14:52',NULL,NULL,NULL,NULL,NULL,NULL,NULL,NULL,'Dataram garh',NULL,NULL,NULL,NULL,NULL,NULL,0,NULL,NULL,NULL,NULL,'Khocho',10,'100',NULL,NULL,NULL,NULL,NULL,NULL,NULL,NULL,NULL),(63,NULL,'Gajanad',NULL,'9829732222',NULL,NULL,NULL,1234,'895206',2,1,NULL,'2021-11-10 16:38:47','2021-11-22 13:18:18',NULL,NULL,NULL,NULL,NULL,NULL,NULL,NULL,'Kardhani jaipur',NULL,NULL,NULL,NULL,NULL,NULL,0,NULL,NULL,NULL,NULL,'Jobner',14,'1400',NULL,NULL,NULL,NULL,NULL,NULL,NULL,NULL,NULL),(64,NULL,'Megha',NULL,'9828123106',NULL,NULL,NULL,1234,'071886',2,1,NULL,'2021-11-16 17:20:34','2021-12-18 11:19:12',NULL,NULL,NULL,NULL,NULL,NULL,NULL,NULL,'Reengus',NULL,NULL,NULL,NULL,NULL,NULL,0,NULL,NULL,NULL,NULL,'Sarghoth',2,'10',NULL,NULL,NULL,NULL,NULL,NULL,NULL,NULL,NULL),(65,NULL,'Factory',NULL,'9610123106',NULL,NULL,NULL,1234,'196593',2,1,'eyJ0eXAiOiJKV1QiLCJhbGciOiJIUzI1NiJ9.eyJzdWIiOjY1LCJleHAiOjE2NDQyNDgyMTF9.QrpJAlkCTupYM3fCYK7nTwLOwZJh2vefETPNZGGf9V4','2021-11-16 17:42:03','2022-01-08 21:06:51',NULL,NULL,NULL,NULL,NULL,NULL,NULL,NULL,'Reengus',NULL,NULL,NULL,NULL,NULL,NULL,0,NULL,NULL,NULL,NULL,'Parasrampura',1,'10',NULL,NULL,NULL,NULL,NULL,NULL,NULL,NULL,NULL),(66,NULL,'Ramlal',NULL,'9950348569',NULL,NULL,NULL,1234,'288485',3,1,'eyJ0eXAiOiJKV1QiLCJhbGciOiJIUzI1NiJ9.eyJzdWIiOjY2LCJleHAiOjE2NDI2NjY1MjN9.vbqdOykKcnsLBYHWymgQcHcgaHDFadQxQ5D-i6Bdmb0','2021-12-21 13:44:47','2021-12-21 13:45:23',NULL,NULL,NULL,NULL,NULL,NULL,NULL,NULL,'Raw ki dhani',NULL,NULL,NULL,NULL,NULL,NULL,0,NULL,NULL,NULL,NULL,'Singodh kala',16,'40',NULL,NULL,NULL,NULL,NULL,NULL,NULL,NULL,NULL),(67,NULL,'Shubham yes',NULL,'9799579575',NULL,NULL,NULL,1234,'951343',3,1,'eyJ0eXAiOiJKV1QiLCJhbGciOiJIUzI1NiJ9.eyJzdWIiOjY3LCJleHAiOjE2NDQyMTA5MTl9.p-IM3xDYGjtE-QJdhoWtSkb6BUff91OVPTCdEbbhaFY','2021-12-21 17:16:48','2022-11-03 15:23:54',NULL,NULL,NULL,NULL,NULL,NULL,NULL,NULL,'Bassi',NULL,NULL,NULL,NULL,NULL,NULL,4,NULL,NULL,NULL,NULL,'Bassi',5,'5',NULL,NULL,NULL,NULL,NULL,NULL,NULL,NULL,NULL),(72,NULL,'Narendra Modi ',NULL,'7827270507',NULL,NULL,NULL,1234,'717366',3,1,'eyJ0eXAiOiJKV1QiLCJhbGciOiJIUzI1NiJ9.eyJzdWIiOjcyLCJleHAiOjE2NDI4NTg3Njl9.Us0LG1tzZS8L9rjPDls3B872O1vvzzPo6xOIhYaqGrc','2021-12-23 19:07:39','2021-12-23 19:09:29',NULL,NULL,NULL,NULL,NULL,NULL,NULL,NULL,'Neemkathana',NULL,NULL,NULL,NULL,NULL,NULL,NULL,NULL,NULL,NULL,NULL,'Neemkathana',5000,'6000',NULL,NULL,NULL,NULL,NULL,NULL,NULL,NULL,NULL),(73,NULL,'Vinay',NULL,'9414080575',NULL,NULL,NULL,3122,'656730',3,1,'eyJ0eXAiOiJKV1QiLCJhbGciOiJIUzI1NiJ9.eyJzdWIiOjczLCJleHAiOjE2NjI4OTQ5MTF9.eH7IxuCYEHmhTDzaer3w_6c1blYZFpVrzY9SIQ2VGaY','2021-12-23 21:28:21','2022-08-12 16:45:11',NULL,NULL,NULL,NULL,NULL,NULL,NULL,NULL,'Jhunjhunu',NULL,NULL,NULL,NULL,NULL,NULL,NULL,NULL,NULL,NULL,NULL,'Jhunjhunu',8,'20',NULL,NULL,NULL,NULL,NULL,NULL,NULL,NULL,NULL),(74,NULL,'Bajrang lal',NULL,'9887783960',NULL,NULL,NULL,1234,'944726',3,1,'eyJ0eXAiOiJKV1QiLCJhbGciOiJIUzI1NiJ9.eyJzdWIiOjc0LCJleHAiOjE2NDI5MjMwOTh9.W4mzhZy7IvVOHWl8NQPZ0N8VU9l2X9IDetfYEoR6A54','2021-12-24 13:01:29','2022-11-03 15:23:49',NULL,NULL,NULL,NULL,NULL,NULL,NULL,NULL,'Parasrampura',NULL,NULL,NULL,NULL,NULL,NULL,1,NULL,NULL,NULL,NULL,'Sargot',2,'20',NULL,NULL,NULL,NULL,NULL,NULL,NULL,NULL,NULL),(75,NULL,'Subhash baloda',NULL,'8302913358',NULL,NULL,NULL,1234,'527893',3,1,'eyJ0eXAiOiJKV1QiLCJhbGciOiJIUzI1NiJ9.eyJzdWIiOjc1LCJleHAiOjE2NDI5MzI2ODF9.Ad3kOjqqXoPljazYYXCpgonbEZVEhiAMEE4tEfrVwNw','2021-12-24 15:41:08','2021-12-25 11:17:59',NULL,NULL,NULL,NULL,NULL,NULL,NULL,NULL,'Sargota',NULL,NULL,NULL,NULL,NULL,NULL,0,NULL,NULL,NULL,NULL,'Singod kalan',9,'40',NULL,NULL,NULL,NULL,NULL,NULL,NULL,NULL,NULL),(76,NULL,'Harsh verma',NULL,'7014667641',NULL,NULL,NULL,1234,'966191',3,1,NULL,'2021-12-24 16:00:40','2021-12-24 16:01:29',NULL,NULL,NULL,NULL,NULL,NULL,NULL,NULL,'Ringus',NULL,NULL,NULL,NULL,NULL,NULL,NULL,NULL,NULL,NULL,NULL,'Ringus',1,'12',NULL,NULL,NULL,NULL,NULL,NULL,NULL,NULL,NULL),(77,NULL,'Mahesh Kumar YOGI ',NULL,'9929790780',NULL,NULL,NULL,5172,'674122',3,1,'eyJ0eXAiOiJKV1QiLCJhbGciOiJIUzI1NiJ9.eyJzdWIiOjc3LCJleHAiOjE2NzM5MzIxNjJ9.I-Onf4DpQz2EC-s9hKC8c2ShUQGdOlSaDMKjxF9Dljw','2021-12-24 18:33:48','2022-12-18 10:39:22',NULL,NULL,NULL,NULL,NULL,NULL,NULL,NULL,'Parasrampura',NULL,NULL,NULL,NULL,NULL,NULL,0,NULL,NULL,NULL,NULL,'Sargoth',6,'50',NULL,NULL,NULL,NULL,NULL,NULL,NULL,NULL,NULL),(78,NULL,'Rohitash',NULL,'9785680669',NULL,NULL,NULL,2363,'412738',3,1,'eyJ0eXAiOiJKV1QiLCJhbGciOiJIUzI1NiJ9.eyJzdWIiOjc4LCJleHAiOjE2NjQ2ODYzNzF9.dvvSHHZomxczsc8lMbpCXJPFEKIOLNLoNVCmsvNfTv8','2021-12-28 08:34:32','2022-09-15 18:25:30',NULL,NULL,NULL,NULL,NULL,NULL,NULL,NULL,'Sds coloni',NULL,NULL,NULL,NULL,NULL,NULL,0,NULL,NULL,NULL,NULL,'Sargoth',5,'25',NULL,NULL,NULL,NULL,NULL,NULL,NULL,NULL,NULL),(83,NULL,'Mukesh',NULL,'9929249123',NULL,NULL,NULL,9584,'586681',3,1,'eyJ0eXAiOiJKV1QiLCJhbGciOiJIUzI1NiJ9.eyJzdWIiOjgzLCJleHAiOjE2NjE0MzI5Njl9.51zF9X3N3tYKAv-RRpWpoILj6UhAYKo1mYUoHoAvT2k','2022-07-26 18:39:11','2022-07-31 11:02:30',NULL,NULL,NULL,NULL,NULL,NULL,NULL,NULL,'Parasrampura',NULL,NULL,NULL,NULL,NULL,NULL,3,NULL,NULL,NULL,NULL,'Parasrampura',2,'15',NULL,NULL,NULL,NULL,NULL,NULL,NULL,NULL,NULL),(84,NULL,'sharwan ',NULL,'9828023106',NULL,NULL,NULL,6637,'402195',3,1,'eyJ0eXAiOiJKV1QiLCJhbGciOiJIUzI1NiJ9.eyJzdWIiOjg0LCJleHAiOjE2Njc5NzY2MTN9.h8YF3XJmnOeSy18h7T3idT9vYkwmQE62sYFMYb0dWmA','2022-07-26 18:39:53','2022-11-03 15:24:20',NULL,NULL,NULL,NULL,NULL,NULL,NULL,NULL,'reengus',NULL,NULL,NULL,NULL,NULL,NULL,3,NULL,NULL,NULL,NULL,'sargoth',2,'5',NULL,NULL,NULL,NULL,NULL,930,NULL,NULL,NULL),(85,NULL,'Anil',NULL,'7976290093',NULL,NULL,NULL,2859,'972252',3,1,'eyJ0eXAiOiJKV1QiLCJhbGciOiJIUzI1NiJ9.eyJzdWIiOjg1LCJleHAiOjE2NjE0MzU0NjZ9.JGeVwF7ufoZqyIuSw68m3d42VHmeuED7mnecPQQHWoo','2022-07-26 19:20:46','2022-07-31 11:02:25',NULL,NULL,NULL,NULL,NULL,NULL,NULL,NULL,'Sargoth',NULL,NULL,NULL,NULL,NULL,NULL,1,NULL,NULL,NULL,NULL,'Sargoth ',1,'10',NULL,NULL,NULL,NULL,NULL,NULL,NULL,NULL,NULL),(88,NULL,'Mahendra Singh Garhwal',NULL,'9887699034',NULL,NULL,NULL,1738,'571656',3,1,'eyJ0eXAiOiJKV1QiLCJhbGciOiJIUzI1NiJ9.eyJzdWIiOjg4LCJleHAiOjE2NjIzNzM5OTJ9.FdzO9EZth-e1tcODUCsa7-K-ffuttRfmexU0LWNdFn0','2022-07-30 15:43:35','2022-08-15 16:51:26',NULL,NULL,NULL,NULL,NULL,NULL,NULL,NULL,'Dhani harsolai reco ke pass',NULL,NULL,NULL,NULL,NULL,NULL,7,NULL,NULL,NULL,NULL,'Bagdi Sirsa',9,'36',NULL,NULL,NULL,NULL,NULL,NULL,NULL,NULL,NULL),(89,NULL,'Dinesh kumawat',NULL,'9694085087',NULL,NULL,NULL,2893,'683009',3,1,'eyJ0eXAiOiJKV1QiLCJhbGciOiJIUzI1NiJ9.eyJzdWIiOjg5LCJleHAiOjE2NjE3NzE2MDB9.vhSHxIX1NiLWRFoVpIgcQpdzEuRgkL2lQWOrZkE8vTU','2022-07-30 16:43:02','2022-07-31 11:02:19',NULL,NULL,NULL,NULL,NULL,NULL,NULL,NULL,'Reengus ',NULL,NULL,NULL,NULL,NULL,NULL,1,NULL,NULL,NULL,NULL,'Reengus ',2,'10',NULL,NULL,NULL,NULL,NULL,NULL,NULL,NULL,NULL),(90,NULL,'Suresh Yadav',NULL,'8000722481',NULL,NULL,NULL,8110,'198411',3,1,'eyJ0eXAiOiJKV1QiLCJhbGciOiJIUzI1NiJ9.eyJzdWIiOjkwLCJleHAiOjE2NjcwMDc0Njh9.AuwJB98ZH24ETfsI3dFyxwOCIGEUOKJSwTvPUSgCfR4','2022-07-30 18:56:17','2022-09-29 07:07:48',NULL,NULL,NULL,NULL,NULL,NULL,NULL,NULL,'Sargoth',NULL,NULL,NULL,NULL,NULL,NULL,0,NULL,NULL,NULL,NULL,'Sargoth',11,'20',NULL,NULL,NULL,NULL,NULL,NULL,500,NULL,NULL),(91,NULL,'Rakesh yadav ',NULL,'6377501279',NULL,NULL,NULL,6017,'357986',3,1,'eyJ0eXAiOiJKV1QiLCJhbGciOiJIUzI1NiJ9.eyJzdWIiOjkxLCJleHAiOjE2NjE3ODM0NzJ9.ljE0nxjJyWCVnnHd4JwStoQ1U5iAXoV8gLKqpy_WQ_4','2022-07-30 20:00:42','2022-07-30 20:02:38',NULL,NULL,NULL,NULL,NULL,NULL,NULL,NULL,'Sargoth ',NULL,NULL,NULL,NULL,NULL,NULL,0,NULL,NULL,NULL,NULL,'Sargoth ',13,'20',NULL,NULL,NULL,NULL,90,NULL,500,NULL,NULL),(92,NULL,'Sardar singh',NULL,'9829410543',NULL,NULL,NULL,8524,'565954',3,1,'eyJ0eXAiOiJKV1QiLCJhbGciOiJIUzI1NiJ9.eyJzdWIiOjkyLCJleHAiOjE2NzM0MzcwODJ9.5I9TKmxcjH2-NFAZmRme6axCIjICPXqFK1XaabroqJY','2022-07-31 11:04:11','2022-12-12 17:27:39',NULL,NULL,NULL,NULL,NULL,NULL,NULL,NULL,'Oop. Shiv mandir',NULL,NULL,NULL,NULL,NULL,NULL,0,NULL,NULL,NULL,NULL,'Parampara ',3,'25',NULL,NULL,NULL,NULL,NULL,2340,NULL,NULL,NULL),(93,NULL,'Vijay Singh Shekhawat ',NULL,'8233505020',NULL,NULL,NULL,5073,'484957',3,1,'eyJ0eXAiOiJKV1QiLCJhbGciOiJIUzI1NiJ9.eyJzdWIiOjkzLCJleHAiOjE2NzM5MzI2Mjd9.7kyr8QZqMjqcqWNQ653AXxqV1df5ulyZFxGEYhIgH44','2022-07-31 13:14:05','2022-12-18 10:47:07',NULL,NULL,NULL,NULL,NULL,NULL,NULL,NULL,'Boralii/Chobara sargoth ',NULL,NULL,NULL,NULL,NULL,NULL,0,NULL,NULL,NULL,NULL,'Sargoth ',10,'15',NULL,NULL,NULL,NULL,NULL,NULL,NULL,NULL,NULL),(94,NULL,'Shakti Singh Shekhawat ',NULL,'8824572727',NULL,NULL,NULL,9581,'365018',3,1,'eyJ0eXAiOiJKV1QiLCJhbGciOiJIUzI1NiJ9.eyJzdWIiOjk0LCJleHAiOjE2NjgzMjM3OTh9.zONJ5q5fqQtdRiJdkAoI0YFqcc6YUDfKCi2TS9bImUU','2022-07-31 15:11:56','2022-10-14 12:46:38',NULL,NULL,NULL,NULL,NULL,NULL,NULL,NULL,'Shekhawat general store ',NULL,NULL,NULL,NULL,NULL,NULL,0,NULL,NULL,NULL,NULL,'Sargoth ',5,'10',NULL,NULL,NULL,NULL,NULL,NULL,NULL,NULL,NULL),(95,NULL,'Richhpal Yadav',NULL,'9351571818',NULL,NULL,NULL,5237,'264206',3,1,'eyJ0eXAiOiJKV1QiLCJhbGciOiJIUzI1NiJ9.eyJzdWIiOjk1LCJleHAiOjE2Njk0MzEyMTJ9.fyCk45QJCe1YgTLhe6EbckGPehwcFTajeaJzPL5NC2s','2022-08-02 10:23:23','2022-11-13 08:31:05',NULL,NULL,NULL,NULL,NULL,NULL,NULL,NULL,'Neaer chota gudha railway station',NULL,NULL,NULL,NULL,NULL,NULL,0,NULL,NULL,NULL,NULL,'Sargoth',20,'30',NULL,NULL,NULL,NULL,NULL,NULL,NULL,NULL,NULL),(96,NULL,'Jitu',NULL,'9197997245',NULL,NULL,NULL,2352,'774300',3,1,NULL,'2022-08-02 12:33:52','2022-10-02 10:44:12',NULL,NULL,NULL,NULL,NULL,NULL,NULL,NULL,'Dhani maharavali ',NULL,NULL,NULL,NULL,NULL,NULL,NULL,NULL,NULL,NULL,NULL,'Sargoth ',25,'560',NULL,NULL,NULL,NULL,NULL,NULL,NULL,NULL,NULL),(97,NULL,'Jitu',NULL,'9799724581',NULL,NULL,NULL,5646,'980969',3,1,'eyJ0eXAiOiJKV1QiLCJhbGciOiJIUzI1NiJ9.eyJzdWIiOjk3LCJleHAiOjE2NzM1ODIyOTl9.hnu1qOvnYjeCEGjtPAug4DL0uLNhsmx1noZ1kvspcdM','2022-08-02 15:46:41','2022-12-14 09:28:19',NULL,NULL,NULL,NULL,NULL,NULL,NULL,NULL,'Dhani maharavali',NULL,NULL,NULL,NULL,NULL,NULL,0,NULL,NULL,NULL,NULL,'Sargoth',10,'20',NULL,NULL,NULL,NULL,NULL,NULL,NULL,NULL,NULL),(98,NULL,'Jitu',NULL,'8426032492',NULL,NULL,NULL,7796,'352852',3,1,'eyJ0eXAiOiJKV1QiLCJhbGciOiJIUzI1NiJ9.eyJzdWIiOjk4LCJleHAiOjE2NzM4NTE2ODJ9.itu15vCW0OhEvWlitXmqs8eOMo8fPtpDtUaqKWu7AAg','2022-08-03 05:45:54','2022-12-17 12:18:02',NULL,NULL,NULL,NULL,NULL,NULL,NULL,NULL,'Dhani bagariya wali',NULL,NULL,NULL,NULL,NULL,NULL,3,NULL,NULL,NULL,NULL,'Sargoth',15,'40',NULL,NULL,NULL,NULL,NULL,NULL,NULL,NULL,NULL),(99,NULL,'Gopal sheshma',NULL,'9950855214',NULL,NULL,NULL,3049,'219036',3,1,'eyJ0eXAiOiJKV1QiLCJhbGciOiJIUzI1NiJ9.eyJzdWIiOjk5LCJleHAiOjE2NjIwOTU2MjN9.3pCrvuizdNu0EeBthQumV_e_okVH1KeRnHFR4Y_XA0w','2022-08-03 10:42:59','2022-08-03 10:43:43',NULL,NULL,NULL,NULL,NULL,NULL,NULL,NULL,'Sheshma wali dhani',NULL,NULL,NULL,NULL,NULL,NULL,NULL,NULL,NULL,NULL,NULL,'Jalalpur',10,'30',NULL,NULL,NULL,NULL,NULL,NULL,NULL,NULL,NULL),(100,NULL,'Rahul Choudhary',NULL,'7297920066',NULL,NULL,NULL,6185,'833137',3,1,'eyJ0eXAiOiJKV1QiLCJhbGciOiJIUzI1NiJ9.eyJzdWIiOjEwMCwiZXhwIjoxNjY3MjE3MzI3fQ.4YDOfAgqp0if-kyDfaXQCDY4cek24wsw2hegA2U-zIQ','2022-08-03 14:36:59','2022-10-01 17:25:27',NULL,NULL,NULL,NULL,NULL,NULL,NULL,NULL,'132 kv gird sab stion riico',NULL,NULL,NULL,NULL,NULL,NULL,0,NULL,NULL,NULL,NULL,'Parsrampura',8,'15',NULL,NULL,NULL,NULL,NULL,NULL,NULL,NULL,NULL),(101,NULL,'Yogendra meena',NULL,'7742623217',NULL,NULL,NULL,8730,'678596',3,1,'eyJ0eXAiOiJKV1QiLCJhbGciOiJIUzI1NiJ9.eyJzdWIiOjEwMSwiZXhwIjoxNjYyMTEyOTgzfQ.gi1m99-bKbOz8KewT6AhWghqJTxp0AbjinXdqjyEmBQ','2022-08-03 15:32:44','2022-08-03 15:33:03',NULL,NULL,NULL,NULL,NULL,NULL,NULL,NULL,'Riico',NULL,NULL,NULL,NULL,NULL,NULL,NULL,NULL,NULL,NULL,NULL,'Parasrampura',2,'24',NULL,NULL,NULL,NULL,NULL,NULL,NULL,NULL,NULL),(102,NULL,'Hari singh bajya',NULL,'9782194613',NULL,NULL,NULL,8002,'560897',3,1,'eyJ0eXAiOiJKV1QiLCJhbGciOiJIUzI1NiJ9.eyJzdWIiOjEwMiwiZXhwIjoxNjYyMTE5NzAwfQ.gbcz33tZjYjpxk0XVaYCK4N1rMxpO2FbTNedQVHXLok','2022-08-03 17:24:30','2022-08-03 17:25:00',NULL,NULL,NULL,NULL,NULL,NULL,NULL,NULL,'Tibavali dhani ',NULL,NULL,NULL,NULL,NULL,NULL,NULL,NULL,NULL,NULL,NULL,'Khejroli',8,'10',NULL,NULL,NULL,NULL,NULL,NULL,NULL,NULL,NULL),(103,NULL,'Sahil Nawariya ',NULL,'8239974064',NULL,'snawariya75@gmail.com',NULL,5004,'730826',3,1,'eyJ0eXAiOiJKV1QiLCJhbGciOiJIUzI1NiJ9.eyJzdWIiOjEwMywiZXhwIjoxNjcwMDU4MTQzfQ.WKmOTfUoaiNXcAYoq7gr_-XYNESxOwPcVSPb3yGd1xM','2022-08-04 15:33:49','2022-11-03 14:32:23',NULL,NULL,NULL,NULL,NULL,NULL,NULL,NULL,'Mandhi khatikan jaipur',NULL,NULL,NULL,NULL,NULL,NULL,0,NULL,NULL,NULL,NULL,'jaipur',14,'1400',NULL,NULL,NULL,NULL,NULL,NULL,NULL,NULL,NULL),(104,NULL,'Babulal Yadav',NULL,'7689903353',NULL,NULL,NULL,8983,'708063',3,1,'eyJ0eXAiOiJKV1QiLCJhbGciOiJIUzI1NiJ9.eyJzdWIiOjEwNCwiZXhwIjoxNjYyMjA2MDY2fQ.J6rUsEIOCLC-QefkGu2GCFWr-q7POhJvA5JkWWFDxkA','2022-08-04 17:23:53','2022-08-04 17:28:24',NULL,NULL,NULL,NULL,NULL,NULL,NULL,NULL,'Manda bhaslana railway station jaipur',NULL,NULL,NULL,NULL,NULL,NULL,NULL,NULL,NULL,NULL,NULL,'Manda bhaslal',4,'20',NULL,NULL,NULL,NULL,NULL,NULL,NULL,NULL,NULL),(105,NULL,'Suresh Yadav',NULL,'9530256992',NULL,NULL,NULL,5710,'978294',2,1,'eyJ0eXAiOiJKV1QiLCJhbGciOiJIUzI1NiJ9.eyJzdWIiOjEwNSwiZXhwIjoxNjYyMjk1NjQ0fQ.GapLFaWpnmo2c1nqazxpV5S86KbTsr4fQqvFWak7bqo','2022-08-05 18:17:07','2022-08-06 16:27:02',NULL,NULL,NULL,NULL,NULL,NULL,NULL,NULL,'Sargoth',NULL,NULL,NULL,NULL,NULL,NULL,1,NULL,NULL,NULL,NULL,'Sargoth',15,'20',NULL,NULL,NULL,NULL,90,NULL,500,NULL,NULL),(106,NULL,'Manish nitharwal ',NULL,'8764611667',NULL,NULL,NULL,7875,'542127',3,1,'eyJ0eXAiOiJKV1QiLCJhbGciOiJIUzI1NiJ9.eyJzdWIiOjEwNiwiZXhwIjoxNjY5MTczMjcxfQ._phwWWY5J-jtaS1IPu65bowi25dWakgTS_semAS8zB0','2022-08-06 09:33:37','2022-10-24 08:44:31',NULL,NULL,NULL,NULL,NULL,NULL,NULL,NULL,'Ambedkar school ke paas',NULL,NULL,NULL,NULL,NULL,NULL,0,NULL,NULL,NULL,NULL,'Reengus',4,'20',NULL,NULL,NULL,NULL,NULL,NULL,NULL,NULL,NULL),(107,NULL,'Suresh Yadav',NULL,'9530256992',NULL,NULL,NULL,4327,'711193',3,1,'eyJ0eXAiOiJKV1QiLCJhbGciOiJIUzI1NiJ9.eyJzdWIiOjEwNywiZXhwIjoxNjYyMzU5Mzc0fQ.uxRAsqDOdzocwhc5mxj4KpZasogKPlwKnW9JPz9n_nw','2022-08-06 11:51:00','2022-08-06 16:15:04',NULL,NULL,NULL,NULL,NULL,NULL,NULL,NULL,'Sargoth',NULL,NULL,NULL,NULL,NULL,NULL,1,NULL,NULL,NULL,NULL,'Sargoth',11,'20',NULL,NULL,NULL,NULL,90,NULL,500,NULL,NULL),(108,NULL,'Vittu',NULL,'7073371858',NULL,NULL,NULL,9316,'468372',3,1,'eyJ0eXAiOiJKV1QiLCJhbGciOiJIUzI1NiJ9.eyJzdWIiOjEwOCwiZXhwIjoxNjYyOTU4OTY3fQ.vJHheUnxda9hNnwzoZI75q0hiskSs4JnKqqmwcQkeMo','2022-08-06 14:23:31','2022-08-13 10:32:47',NULL,NULL,NULL,NULL,NULL,NULL,NULL,NULL,'Ricco mod',NULL,NULL,NULL,NULL,NULL,NULL,NULL,NULL,NULL,NULL,NULL,'Sargoth',2,'20',NULL,NULL,NULL,NULL,NULL,NULL,NULL,NULL,NULL),(109,NULL,'Aman Sharma ',NULL,'8949182379',NULL,NULL,NULL,8955,'730136',3,1,'eyJ0eXAiOiJKV1QiLCJhbGciOiJIUzI1NiJ9.eyJzdWIiOjEwOSwiZXhwIjoxNjcyOTE0MTM2fQ.hECjPNJmTh9eDTm87eHXVGx_DQcLb7901KtCfFmqBA0','2022-08-06 17:31:21','2022-12-06 15:52:16',NULL,NULL,NULL,NULL,NULL,NULL,NULL,NULL,'Sargoth',NULL,NULL,NULL,NULL,NULL,NULL,NULL,NULL,NULL,NULL,NULL,'Sargoth ',5,'50',NULL,NULL,NULL,NULL,NULL,NULL,NULL,NULL,NULL),(110,NULL,'Raxpal Singh Yadav',NULL,'8082011059',NULL,NULL,NULL,8477,'944313',3,1,'eyJ0eXAiOiJKV1QiLCJhbGciOiJIUzI1NiJ9.eyJzdWIiOjExMCwiZXhwIjoxNjY3MzkxMTY2fQ.xU2XUjtrFTuSnCIhBLKPnQZf6u1G6YJ23zHoeOv1GJE','2022-08-07 11:52:08','2022-10-03 17:42:46',NULL,NULL,NULL,NULL,NULL,NULL,NULL,NULL,'Gadhi',NULL,NULL,NULL,NULL,NULL,NULL,NULL,NULL,NULL,NULL,NULL,'Gadhi',10,'30',NULL,NULL,NULL,NULL,NULL,NULL,NULL,NULL,NULL),(111,NULL,'Raj Kumar kajala ',NULL,'9636030457',NULL,NULL,NULL,7065,'950955',3,1,'eyJ0eXAiOiJKV1QiLCJhbGciOiJIUzI1NiJ9.eyJzdWIiOjExMSwiZXhwIjoxNjYyNTIzMTkzfQ.I8CRwQxpURcu2S2jvSKFO2BJaWCX9JRKhWyB-FNw09Q','2022-08-08 09:29:32','2022-08-16 14:02:56',NULL,NULL,NULL,NULL,NULL,NULL,NULL,NULL,'Bramano ka bad',NULL,NULL,NULL,NULL,NULL,NULL,0,NULL,NULL,NULL,NULL,'Simarla jagee',5,'20',NULL,NULL,NULL,NULL,NULL,NULL,NULL,NULL,NULL),(112,NULL,'hanu',NULL,'9784837939',NULL,'hanu@doomshell.com',NULL,1234,'191579',3,1,NULL,'2022-08-08 09:56:34','2022-08-08 09:56:34',NULL,NULL,NULL,NULL,NULL,NULL,NULL,NULL,'niwaru',NULL,NULL,NULL,NULL,NULL,NULL,NULL,NULL,NULL,NULL,NULL,'jaip',14,'1400',NULL,NULL,NULL,NULL,NULL,NULL,NULL,NULL,NULL),(113,NULL,'hanu',NULL,'9784837931',NULL,'hanu@doomshell.com',NULL,1234,'344319',3,1,NULL,'2022-08-08 09:58:30','2022-08-08 09:58:30',NULL,NULL,NULL,NULL,NULL,NULL,NULL,NULL,'niwaru',NULL,NULL,NULL,NULL,NULL,NULL,NULL,NULL,NULL,NULL,NULL,'jaip',14,'1400',NULL,NULL,NULL,NULL,NULL,NULL,NULL,NULL,NULL),(114,NULL,'hanu',NULL,'9784837934',NULL,'hanu@doomshell.com',NULL,1234,'286855',3,1,NULL,'2022-08-08 10:03:58','2022-08-08 10:03:58',NULL,NULL,NULL,NULL,NULL,NULL,NULL,NULL,'niwaru',NULL,NULL,NULL,NULL,NULL,NULL,NULL,NULL,NULL,NULL,NULL,'jaip',14,'1400',NULL,NULL,NULL,NULL,NULL,NULL,NULL,NULL,NULL),(115,NULL,'Mukesh Yadav',NULL,'9799567684',NULL,NULL,NULL,8250,'455760',3,1,'eyJ0eXAiOiJKV1QiLCJhbGciOiJIUzI1NiJ9.eyJzdWIiOjExNSwiZXhwIjoxNjYyNTM1NjE3fQ.E7GqKF2fQDpidlkkGC9nQNKDOmJeaaKsIy1TkiR2Lac','2022-08-08 12:56:41','2022-08-08 12:57:20',NULL,NULL,NULL,NULL,NULL,NULL,NULL,NULL,'Sagar ki dhani',NULL,NULL,NULL,NULL,NULL,NULL,0,NULL,NULL,NULL,NULL,'Simarla jager',10,'40',NULL,NULL,NULL,NULL,NULL,NULL,NULL,NULL,NULL),(116,NULL,'Jaypalyadav',NULL,'9660509224',NULL,NULL,NULL,1317,'485407',3,1,'eyJ0eXAiOiJKV1QiLCJhbGciOiJIUzI1NiJ9.eyJzdWIiOjExNiwiZXhwIjoxNjYyNTM4ODQwfQ.y4nhzLBvgESXIHY1mxb7eYrk2G0-DQ4CJnBJingjUw0','2022-08-08 13:50:10','2022-08-08 13:50:40',NULL,NULL,NULL,NULL,NULL,NULL,NULL,NULL,'Gadhikepas',NULL,NULL,NULL,NULL,NULL,NULL,NULL,NULL,NULL,NULL,NULL,'Gadhi',15,'25',NULL,NULL,NULL,NULL,NULL,NULL,NULL,NULL,NULL),(117,NULL,'Dinki Khatwani',NULL,'7568071443',NULL,'dinkikhatwani1999@gmail.com',NULL,1234,'641235',3,1,NULL,'2022-08-08 17:58:05','2022-08-08 17:58:05',NULL,NULL,NULL,NULL,NULL,NULL,NULL,NULL,'Meera Marg,Mansarovar',NULL,NULL,NULL,NULL,NULL,NULL,NULL,NULL,NULL,NULL,NULL,'Jaipur',4,'50',NULL,NULL,NULL,NULL,NULL,NULL,NULL,NULL,NULL),(118,NULL,'Dinki Khatwani',NULL,'7568071443',NULL,'dinkikhatwani1999@gmail.com',NULL,1234,'537806',3,1,NULL,'2022-08-08 17:58:05','2022-08-08 17:58:05',NULL,NULL,NULL,NULL,NULL,NULL,NULL,NULL,'Meera Marg,Mansarovar',NULL,NULL,NULL,NULL,NULL,NULL,NULL,NULL,NULL,NULL,NULL,'Jaipur',4,'50',NULL,NULL,NULL,NULL,NULL,NULL,NULL,NULL,NULL),(119,1475,'Dinki Khatwani',NULL,'7568071443',NULL,'dinkikhatwani1999@gmail.com',NULL,2265,'259920',3,1,'eyJ0eXAiOiJKV1QiLCJhbGciOiJIUzI1NiJ9.eyJzdWIiOjExOSwiZXhwIjoxNjY2NDQwNjc4fQ.exY4SnRnl2JoTal0hB5LRj5SsPIolJz_zhgGV1pNyK0','2022-08-08 17:58:05','2022-09-22 17:41:18',NULL,NULL,NULL,NULL,NULL,NULL,NULL,NULL,'Meera Marg,Mansarovar',NULL,NULL,NULL,NULL,NULL,NULL,NULL,NULL,NULL,NULL,NULL,'Jaipur',4,'50',NULL,NULL,NULL,NULL,NULL,NULL,NULL,NULL,NULL),(120,NULL,'Dinki Khatwani',NULL,'7568071444',NULL,'dinkikhatwani1999@gmail.com',NULL,1234,'148233',3,1,NULL,'2022-08-08 18:00:29','2022-08-08 18:00:29',NULL,NULL,NULL,NULL,NULL,NULL,NULL,NULL,'Meera Marg,Mansarovar',NULL,NULL,NULL,NULL,NULL,NULL,NULL,NULL,NULL,NULL,NULL,'Jaipur',4,'50',NULL,NULL,NULL,NULL,NULL,NULL,NULL,NULL,NULL),(121,NULL,'Rohit',NULL,'9163769266',NULL,NULL,NULL,1234,'402309',3,1,NULL,'2022-08-08 19:04:26','2022-08-08 19:04:26',NULL,NULL,NULL,NULL,NULL,NULL,NULL,NULL,'Reeci mod',NULL,NULL,NULL,NULL,NULL,NULL,NULL,NULL,NULL,NULL,NULL,'Sargoth ',4,'5',NULL,NULL,NULL,NULL,NULL,NULL,NULL,NULL,NULL),(122,NULL,'Rohit',NULL,'6376926681',NULL,NULL,NULL,2886,'542140',3,1,'eyJ0eXAiOiJKV1QiLCJhbGciOiJIUzI1NiJ9.eyJzdWIiOjEyMiwiZXhwIjoxNjczODcyNDIzfQ.Gf3uLCPj0-VtKEckeVGTM5ZSo_SbbYIpweJvYrcfFSU','2022-08-08 19:07:36','2022-12-17 18:03:43',NULL,NULL,NULL,NULL,NULL,NULL,NULL,NULL,'Reeco mid',NULL,NULL,NULL,NULL,NULL,NULL,0,NULL,NULL,NULL,NULL,'Sargoth ',6,'30',NULL,NULL,NULL,NULL,NULL,NULL,NULL,NULL,NULL),(123,NULL,'Romesh kumawat',NULL,'7877592069',NULL,NULL,NULL,6916,'667184',3,1,'eyJ0eXAiOiJKV1QiLCJhbGciOiJIUzI1NiJ9.eyJzdWIiOjEyMywiZXhwIjoxNjcwODQ1NTA2fQ.j-862dTM3L_7S1OOCL9qBEcZGfB2aX_pOKFgrZnUmQ0','2022-08-08 21:06:35','2022-11-12 17:15:06',NULL,NULL,NULL,NULL,NULL,NULL,NULL,NULL,'Shree khatushyam industrial area riico ringus',NULL,NULL,NULL,NULL,NULL,NULL,0,NULL,NULL,NULL,NULL,'Riico',3,'22',NULL,NULL,NULL,NULL,NULL,NULL,NULL,NULL,NULL),(124,NULL,'Rajkumar saini',NULL,'9875082607',NULL,NULL,NULL,2031,'189257',3,1,'eyJ0eXAiOiJKV1QiLCJhbGciOiJIUzI1NiJ9.eyJzdWIiOjEyNCwiZXhwIjoxNjYyNjA4MDcxfQ.1kEQqIFWiu3vcLTy9nwygQm03U9Wkno2H032quJc_M8','2022-08-09 09:04:15','2022-08-09 09:04:31',NULL,NULL,NULL,NULL,NULL,NULL,NULL,NULL,'Simarla mod ',NULL,NULL,NULL,NULL,NULL,NULL,NULL,NULL,NULL,NULL,NULL,'Simarla mod me pass',5,'15',NULL,NULL,NULL,NULL,NULL,NULL,NULL,NULL,NULL),(125,NULL,'Anil kumawat',NULL,'9983815349',NULL,NULL,NULL,9172,'543347',3,1,'eyJ0eXAiOiJKV1QiLCJhbGciOiJIUzI1NiJ9.eyJzdWIiOjEyNSwiZXhwIjoxNjcwNjQ5NzgzfQ.ySwgSwCN4DvyNQS1pDDal21qqhJnY4RSU5NGDOXGGYo','2022-08-09 11:53:15','2022-11-10 10:53:03',NULL,NULL,NULL,NULL,NULL,NULL,NULL,NULL,'Shiv mandir jiji stend',NULL,NULL,NULL,NULL,NULL,NULL,NULL,NULL,NULL,NULL,NULL,'Kishanmanpura ',6,'10',NULL,NULL,NULL,NULL,NULL,NULL,500,NULL,NULL),(126,NULL,'Babu lal',NULL,'9460664092',NULL,NULL,NULL,1234,'313734',3,1,NULL,'2022-08-09 12:00:17','2022-08-09 12:00:17',NULL,NULL,NULL,NULL,NULL,NULL,NULL,NULL,'Kishanpura',NULL,NULL,NULL,NULL,NULL,NULL,NULL,NULL,NULL,NULL,NULL,'Kishanpura ',4,'40',NULL,NULL,NULL,NULL,125,NULL,500,NULL,NULL),(127,NULL,'Babulal',NULL,'9460634092',NULL,NULL,NULL,1617,'693513',3,1,'eyJ0eXAiOiJKV1QiLCJhbGciOiJIUzI1NiJ9.eyJzdWIiOjEyNywiZXhwIjoxNjYyNjE4NzU1fQ.-iXZoPmKGA-t0rX72QpkKlr-2aXvzSB1Nf6rPj2ppIs','2022-08-09 12:02:15','2022-08-09 12:02:35',NULL,NULL,NULL,NULL,NULL,NULL,NULL,NULL,'Kishanpura ',NULL,NULL,NULL,NULL,NULL,NULL,NULL,NULL,NULL,NULL,NULL,'Badhal',4,'10',NULL,NULL,NULL,NULL,125,NULL,500,NULL,NULL),(128,NULL,'Mahendra Singh ',NULL,'8000476232',NULL,NULL,NULL,7340,'925089',3,1,'eyJ0eXAiOiJKV1QiLCJhbGciOiJIUzI1NiJ9.eyJzdWIiOjEyOCwiZXhwIjoxNjcwNjgyODUwfQ.DnHgC87-2a6_63dPS4B_ZQrY6nHLrTqq6S1IeX0i1tc','2022-08-09 12:19:28','2022-11-10 20:04:33',NULL,NULL,NULL,NULL,NULL,NULL,NULL,NULL,'Reengus',NULL,NULL,NULL,NULL,NULL,NULL,NULL,NULL,NULL,NULL,NULL,'Reengus',2,'19',NULL,NULL,NULL,NULL,NULL,NULL,NULL,NULL,NULL),(129,NULL,'Devendra Kumar Saini',NULL,'9636923444',NULL,NULL,NULL,6469,'798813',3,1,'eyJ0eXAiOiJKV1QiLCJhbGciOiJIUzI1NiJ9.eyJzdWIiOjEyOSwiZXhwIjoxNjY5ODgyOTU1fQ.wxTkW_-vIYmgnINkD_vV_ZghK5sHKh6OGPD4VxXmdjY','2022-08-12 09:55:41','2022-11-04 15:59:31',NULL,NULL,NULL,NULL,NULL,NULL,NULL,NULL,'Bhagguka wali dhani',NULL,NULL,NULL,NULL,NULL,NULL,0,NULL,NULL,NULL,NULL,'Maharoli',5,'22',NULL,NULL,NULL,NULL,NULL,NULL,NULL,NULL,NULL),(130,NULL,'Babulal ',NULL,'8562823737',NULL,NULL,NULL,2165,'707629',3,1,'eyJ0eXAiOiJKV1QiLCJhbGciOiJIUzI1NiJ9.eyJzdWIiOjEzMCwiZXhwIjoxNjYyODcyMzg3fQ.YKLn02ay3f5bd26IRAh0VG4DFkvS4mM6XZzOuskyS2A','2022-08-12 10:29:14','2022-08-12 10:29:47',NULL,NULL,NULL,NULL,NULL,NULL,NULL,NULL,'Dhan',NULL,NULL,NULL,NULL,NULL,NULL,NULL,NULL,NULL,NULL,NULL,'Gudliya ',5,'20',NULL,NULL,NULL,NULL,NULL,NULL,NULL,NULL,NULL),(131,NULL,'Khush singh tak',NULL,'9928980243',NULL,'khushsinghtak819@gmail.com',NULL,5480,'647301',3,1,'eyJ0eXAiOiJKV1QiLCJhbGciOiJIUzI1NiJ9.eyJzdWIiOjEzMSwiZXhwIjoxNjY5ODE1MDE5fQ.kQ1hg5vMw1yYZAJPHZ_xd5zZX0eIDe3aRw-M9yZXn0M','2022-08-12 14:22:39','2022-10-31 19:00:19',NULL,NULL,NULL,NULL,NULL,NULL,NULL,NULL,'patrakar colony mansrovar',NULL,NULL,NULL,NULL,NULL,NULL,0,NULL,NULL,NULL,NULL,'jaipur',5,'50',NULL,NULL,NULL,NULL,NULL,NULL,NULL,NULL,NULL),(132,NULL,'Sunil Kumar Yadav ',NULL,'9667486559',NULL,NULL,NULL,1101,'692273',3,1,'eyJ0eXAiOiJKV1QiLCJhbGciOiJIUzI1NiJ9.eyJzdWIiOjEzMiwiZXhwIjoxNjYyOTY1NjA5fQ.O_vmBz3p19hagNWwAdHnLsBxW9dVNOuqNY5noA1IoS4','2022-08-13 12:23:06','2022-08-13 12:23:29',NULL,NULL,NULL,NULL,NULL,NULL,NULL,NULL,'Khejroli ',NULL,NULL,NULL,NULL,NULL,NULL,NULL,NULL,NULL,NULL,NULL,'Khejroli ',5,'20',NULL,NULL,NULL,NULL,NULL,NULL,NULL,NULL,NULL),(133,NULL,'Lucky raj',NULL,'9784584907',NULL,NULL,NULL,5769,'783464',3,1,'eyJ0eXAiOiJKV1QiLCJhbGciOiJIUzI1NiJ9.eyJzdWIiOjEzMywiZXhwIjoxNjYyOTc4NTkwfQ.DI-tzelZLYMqX3pFmFYyFc2Yz9PFuAatYJohd4wMAxQ','2022-08-13 15:59:32','2022-08-15 16:52:30',NULL,NULL,NULL,NULL,NULL,NULL,NULL,NULL,'Sargoth',NULL,NULL,NULL,NULL,NULL,NULL,1,NULL,NULL,NULL,NULL,'Sargoth',20,'21',NULL,NULL,NULL,NULL,90,NULL,500,NULL,NULL),(134,NULL,'Mukesh',NULL,'9799124686',NULL,NULL,NULL,1798,'755748',3,1,'eyJ0eXAiOiJKV1QiLCJhbGciOiJIUzI1NiJ9.eyJzdWIiOjEzNCwiZXhwIjoxNjYzMDAxMjQ0fQ.92qA9EW4tkP4P8jutKfJIcyoLbLtrLU5FqxeddgBAmU','2022-08-13 22:17:03','2022-09-09 12:16:10',NULL,NULL,NULL,NULL,NULL,NULL,NULL,NULL,'Lamba ki dhani',NULL,NULL,NULL,NULL,NULL,NULL,1,NULL,NULL,NULL,NULL,'Nangal govind',4,'10',NULL,NULL,NULL,NULL,NULL,NULL,NULL,NULL,NULL),(135,NULL,'Tejpal kumawar',NULL,'8440943262',NULL,NULL,NULL,9837,'925820',3,1,NULL,'2022-08-15 06:57:23','2022-08-15 06:57:25',NULL,NULL,NULL,NULL,NULL,NULL,NULL,NULL,'Kishanpura',NULL,NULL,NULL,NULL,NULL,NULL,NULL,NULL,NULL,NULL,NULL,'Kishanpura',10,'50',NULL,NULL,NULL,NULL,NULL,NULL,NULL,NULL,NULL),(136,NULL,'Manoj Kumar Khareshiya',NULL,'6377673867',NULL,NULL,NULL,2601,'339987',3,1,'eyJ0eXAiOiJKV1QiLCJhbGciOiJIUzI1NiJ9.eyJzdWIiOjEzNiwiZXhwIjoxNjYzMTI3MDIxfQ.O92H1hk3_ZrIrW3_-fe87dcqkQbxmNIkLVDQZAEYpJ0','2022-08-15 09:13:22','2022-09-05 23:11:27',NULL,NULL,NULL,NULL,NULL,NULL,NULL,NULL,'Ward no 02 Dev nager',NULL,NULL,NULL,NULL,NULL,NULL,0,NULL,NULL,NULL,NULL,'Ringus',10,'3000',NULL,NULL,NULL,NULL,NULL,NULL,500,NULL,NULL),(137,NULL,'Rahul kumar khareshiya',NULL,'8890144714',NULL,NULL,NULL,5145,'605943',3,1,'eyJ0eXAiOiJKV1QiLCJhbGciOiJIUzI1NiJ9.eyJzdWIiOjEzNywiZXhwIjoxNjcyMjk3OTU5fQ.K4G6lVP_CA82Dvi1QXpZy_SKusvXfxRaHckYLrA27f4','2022-08-15 09:52:56','2022-11-29 12:42:39',NULL,NULL,NULL,NULL,NULL,NULL,NULL,NULL,'Ward no 2 dev nager ',NULL,NULL,NULL,NULL,NULL,NULL,0,NULL,NULL,NULL,NULL,'Ringus',10,'3000',NULL,NULL,NULL,NULL,136,NULL,500,NULL,NULL),(138,NULL,'Rahul kumar khareshiya',NULL,'9509855051',NULL,NULL,NULL,3392,'729398',3,1,'eyJ0eXAiOiJKV1QiLCJhbGciOiJIUzI1NiJ9.eyJzdWIiOjEzOCwiZXhwIjoxNjYzMjA1NDg3fQ.wpwIO9yIAB8oGpezvwWZ2rNe5hqMz45xGe4IIBYh8Pg','2022-08-15 09:55:10','2022-09-09 12:16:35',NULL,NULL,NULL,NULL,NULL,NULL,NULL,NULL,'Ward no 2 dev nager',NULL,NULL,NULL,NULL,NULL,NULL,1,NULL,NULL,NULL,NULL,'Ringus',10,'3000',NULL,NULL,NULL,NULL,136,NULL,500,NULL,NULL),(139,NULL,'Mukesh Kumar ',NULL,'9001393123',NULL,NULL,NULL,7236,'144551',3,1,'eyJ0eXAiOiJKV1QiLCJhbGciOiJIUzI1NiJ9.eyJzdWIiOjEzOSwiZXhwIjoxNjY1OTAzNzMxfQ.Maofs0OhOFz0bOrVWsKqLe6aA5TfCmjz3QeTb1YGJtc','2022-08-16 12:43:50','2022-10-09 14:23:13',NULL,NULL,NULL,NULL,NULL,NULL,NULL,NULL,'Ward no 2 dhani khareshiya wali',NULL,NULL,NULL,NULL,NULL,NULL,0,NULL,NULL,NULL,NULL,'Ringas ',5,'40',NULL,NULL,NULL,NULL,NULL,NULL,NULL,NULL,NULL),(140,NULL,'Shisram Nitharwal ',NULL,'8058852263',NULL,NULL,NULL,9282,'639174',3,1,'eyJ0eXAiOiJKV1QiLCJhbGciOiJIUzI1NiJ9.eyJzdWIiOjE0MCwiZXhwIjoxNjYzNDY2NDkyfQ.LS4iV3q5lM4wkxZJfpl5695p3nW0ECiun1wqABnZvoQ','2022-08-19 07:31:09','2022-08-19 07:31:32',NULL,NULL,NULL,NULL,NULL,NULL,NULL,NULL,'Reengus ',NULL,NULL,NULL,NULL,NULL,NULL,NULL,NULL,NULL,NULL,NULL,'Reengus ',10,'30',NULL,NULL,NULL,NULL,NULL,NULL,NULL,NULL,NULL),(141,NULL,'Jivraj singh',NULL,'9785306943',NULL,NULL,NULL,9707,'391067',3,1,'eyJ0eXAiOiJKV1QiLCJhbGciOiJIUzI1NiJ9.eyJzdWIiOjE0MSwiZXhwIjoxNjYzNDY5OTkyfQ._wjAPKXyu25CikMXU1zWm3jSEe6Qp0OHVcnaq7kERg0','2022-08-19 08:29:34','2022-08-19 08:29:52',NULL,NULL,NULL,NULL,NULL,NULL,NULL,NULL,'Ward no. 2',NULL,NULL,NULL,NULL,NULL,NULL,NULL,NULL,NULL,NULL,NULL,'Parasrampura',1,'14',NULL,NULL,NULL,NULL,NULL,NULL,NULL,NULL,NULL),(142,NULL,'Mahendra khareshiya',NULL,'9462761476',NULL,NULL,NULL,5789,'448230',3,1,'eyJ0eXAiOiJKV1QiLCJhbGciOiJIUzI1NiJ9.eyJzdWIiOjE0MiwiZXhwIjoxNjYzNDgwOTUzfQ.lvwmYWeeHbkYwSez-lVhi2fBQAmI5BClFxyYshsHTvo','2022-08-19 11:30:00','2022-08-19 11:32:33',NULL,NULL,NULL,NULL,NULL,NULL,NULL,NULL,'Ringus',NULL,NULL,NULL,NULL,NULL,NULL,NULL,NULL,NULL,NULL,NULL,'Ward no 02dev nager',10,'2500',NULL,NULL,NULL,NULL,136,NULL,500,NULL,NULL),(143,NULL,'hanuman',NULL,'9829139264',NULL,NULL,NULL,3110,'371571',3,1,'eyJ0eXAiOiJKV1QiLCJhbGciOiJIUzI1NiJ9.eyJzdWIiOjE0MywiZXhwIjoxNjY3NjQwNzI4fQ.AXukejs81C41zWtCWHv9JKvj9GeNwsbEQvi65hCSw00','2022-08-19 12:30:20','2022-10-06 15:02:08',NULL,NULL,NULL,NULL,NULL,NULL,NULL,NULL,'jaipur',NULL,NULL,NULL,NULL,NULL,NULL,NULL,NULL,NULL,NULL,NULL,'jaipur',5,'30',NULL,NULL,NULL,NULL,NULL,NULL,NULL,NULL,NULL),(144,NULL,'ram',NULL,'9632587414',NULL,NULL,NULL,1234,'543183',3,1,NULL,'2022-08-19 12:32:00','2022-08-19 12:32:00',NULL,NULL,NULL,NULL,NULL,NULL,NULL,NULL,'kota',NULL,NULL,NULL,NULL,NULL,NULL,NULL,NULL,NULL,NULL,NULL,'kota',5,'34',NULL,NULL,NULL,NULL,NULL,NULL,NULL,NULL,NULL),(145,NULL,'Narpat singh',NULL,'9929286121',NULL,NULL,NULL,2595,'918982',3,1,'eyJ0eXAiOiJKV1QiLCJhbGciOiJIUzI1NiJ9.eyJzdWIiOjE0NSwiZXhwIjoxNjYzNDg0NzU5fQ.27QswUu_iRrd9Zy1c_stkqr6gcBKzlxWBocz2mX4G9s','2022-08-19 12:35:38','2022-08-19 12:35:59',NULL,NULL,NULL,NULL,NULL,NULL,NULL,NULL,'Bagdiyo ki dani ',NULL,NULL,NULL,NULL,NULL,NULL,NULL,NULL,NULL,NULL,NULL,'Sargoth',2,'15',NULL,NULL,NULL,NULL,NULL,NULL,NULL,NULL,NULL),(146,1234,'ramju',NULL,'9632587411',NULL,NULL,NULL,4716,'368892',3,1,NULL,'2022-08-19 12:36:51','2022-08-19 12:44:43',NULL,NULL,NULL,NULL,NULL,NULL,NULL,NULL,'ajmer',NULL,NULL,NULL,NULL,NULL,NULL,NULL,NULL,NULL,NULL,NULL,'ajmer',5,'23',NULL,NULL,NULL,NULL,NULL,NULL,NULL,NULL,NULL),(147,1234,'ladu',NULL,'9632587412',NULL,NULL,NULL,8308,'304878',3,1,NULL,'2022-08-19 12:49:11','2022-08-19 13:14:00',NULL,NULL,NULL,NULL,NULL,NULL,NULL,NULL,'ladpura',NULL,NULL,NULL,NULL,NULL,NULL,NULL,NULL,NULL,NULL,NULL,'ladpura',5,'50',NULL,NULL,NULL,NULL,NULL,NULL,NULL,NULL,NULL),(148,1234,'Sahil',NULL,'9829125597',NULL,NULL,NULL,2047,'874538',3,1,NULL,'2022-08-19 16:08:43','2022-08-19 16:09:00',NULL,NULL,NULL,NULL,NULL,NULL,NULL,NULL,'Sahil ',NULL,NULL,NULL,NULL,NULL,NULL,NULL,NULL,NULL,NULL,NULL,'Jaipur ',2154,'1243',NULL,NULL,NULL,NULL,NULL,NULL,NULL,NULL,NULL),(149,NULL,'Kailash',NULL,'7891843470',NULL,NULL,NULL,8464,'734526',3,1,'eyJ0eXAiOiJKV1QiLCJhbGciOiJIUzI1NiJ9.eyJzdWIiOjE0OSwiZXhwIjoxNjYzNDk4MDYyfQ.Yj3L-q8kwU9FoxwHFbxvDcoeFDipIivzbJZZ3xIWYnM','2022-08-19 16:15:08','2022-08-19 16:17:42',NULL,NULL,NULL,NULL,NULL,NULL,NULL,NULL,'Ward no 13',NULL,NULL,NULL,NULL,NULL,NULL,NULL,NULL,NULL,NULL,NULL,'Sargoth',30,'60',NULL,NULL,NULL,NULL,NULL,NULL,NULL,NULL,NULL),(150,NULL,'Milap Chand ',NULL,'9667973991',NULL,NULL,NULL,5972,'833559',3,1,'eyJ0eXAiOiJKV1QiLCJhbGciOiJIUzI1NiJ9.eyJzdWIiOjE1MCwiZXhwIjoxNjYzNTA4MTQ3fQ.yf4iiDS-1vxMoT-EA_hLefdEKDioYzZAvQe6afOc5OY','2022-08-19 19:05:20','2022-08-19 19:11:01',NULL,NULL,NULL,NULL,NULL,NULL,NULL,NULL,'Chomu purohitan ',NULL,NULL,NULL,NULL,NULL,NULL,0,NULL,NULL,NULL,NULL,'Chomu purohitan ',9,'18',NULL,NULL,NULL,NULL,NULL,NULL,NULL,NULL,NULL),(151,NULL,'Mahesh',NULL,'9875104216',NULL,NULL,NULL,7613,'558763',3,1,'eyJ0eXAiOiJKV1QiLCJhbGciOiJIUzI1NiJ9.eyJzdWIiOjE1MSwiZXhwIjoxNjcxNjEzMzMwfQ.AJF1WVZo4lpSL67CaRb5Nr2Mpb_rFUw2IXPZpGwDzAA','2022-08-20 07:55:38','2022-11-21 14:32:10',NULL,NULL,NULL,NULL,NULL,NULL,NULL,NULL,'Bagriya wali',NULL,NULL,NULL,NULL,NULL,NULL,0,NULL,NULL,NULL,NULL,'Sargoth',3,'8',NULL,NULL,NULL,NULL,NULL,NULL,NULL,NULL,NULL),(152,NULL,'Mukesh singh tak',NULL,'9784880234',NULL,NULL,NULL,1234,'172298',3,1,NULL,'2022-08-20 12:02:03','2022-08-20 12:02:03',NULL,NULL,NULL,NULL,NULL,NULL,NULL,NULL,'Jaipur',NULL,NULL,NULL,NULL,NULL,NULL,NULL,NULL,NULL,NULL,NULL,'Rajasthan ',6,'20',NULL,NULL,NULL,NULL,NULL,NULL,NULL,NULL,NULL),(153,NULL,'Sharwan kumar ',NULL,'9799658481',NULL,NULL,NULL,2276,'693634',3,1,NULL,'2022-08-22 08:03:01','2022-12-01 16:25:23',NULL,NULL,NULL,NULL,NULL,NULL,NULL,NULL,'Dhdawali dhani',NULL,NULL,NULL,NULL,NULL,NULL,NULL,NULL,NULL,NULL,NULL,'Nangal govind ',10,'35',NULL,NULL,NULL,NULL,NULL,NULL,NULL,NULL,NULL),(154,1234,'Pawan sharma ',NULL,'6367249667',NULL,NULL,NULL,1778,'318127',3,1,'eyJ0eXAiOiJKV1QiLCJhbGciOiJIUzI1NiJ9.eyJzdWIiOjE1NCwiZXhwIjoxNjY3MDI4MTMzfQ.jOpj0jzfi2A4U54DgPs-yb3nnVApTYzDa3sUcGNEJVk','2022-08-22 12:58:49','2022-09-29 12:52:13',NULL,NULL,NULL,NULL,NULL,NULL,NULL,NULL,'Jaipur',NULL,NULL,NULL,NULL,NULL,NULL,NULL,NULL,NULL,NULL,NULL,'Tonk',3,'36',NULL,NULL,NULL,NULL,NULL,NULL,NULL,NULL,NULL),(155,NULL,'MOHAN LAL JAT ',NULL,'9351304193',NULL,NULL,NULL,9303,'227064',3,1,'eyJ0eXAiOiJKV1QiLCJhbGciOiJIUzI1NiJ9.eyJzdWIiOjE1NSwiZXhwIjoxNjY2NjY5MDQyfQ.LHXm1sq6cBu_0BZWh_RWKj3jQrGGWF2wkgdqs4Ykyq0','2022-08-22 15:55:46','2022-09-25 09:07:22',NULL,NULL,NULL,NULL,NULL,NULL,NULL,NULL,'DHANI MANGAWA WALI',NULL,NULL,NULL,NULL,NULL,NULL,0,NULL,NULL,NULL,NULL,'SINGOD KALAN ',2,'15',NULL,NULL,NULL,NULL,NULL,NULL,NULL,NULL,NULL),(156,NULL,'Rajkumar Yadav ',NULL,'8058585412',NULL,NULL,NULL,6040,'995618',3,1,'eyJ0eXAiOiJKV1QiLCJhbGciOiJIUzI1NiJ9.eyJzdWIiOjE1NiwiZXhwIjoxNjYzODYyMjgzfQ.i-RDd1uh4rcDrQFtCY2IcygvNdoXolJRnpnMGmY6upg','2022-08-23 21:27:46','2022-08-23 21:28:03',NULL,NULL,NULL,NULL,NULL,NULL,NULL,NULL,'Sargoth ',NULL,NULL,NULL,NULL,NULL,NULL,NULL,NULL,NULL,NULL,NULL,'Sargoth ',16,'55',NULL,NULL,NULL,NULL,NULL,NULL,NULL,NULL,NULL),(157,NULL,'Vikash Choudhary ',NULL,'9929848384',NULL,NULL,NULL,2235,'324650',3,1,'eyJ0eXAiOiJKV1QiLCJhbGciOiJIUzI1NiJ9.eyJzdWIiOjE1NywiZXhwIjoxNjYzOTI3NzMxfQ.fJibQ5j8UVU2o5xVUfnAOgfS8BPvo3Fn4SKG-NfWl84','2022-08-24 15:38:27','2022-08-24 15:38:51',NULL,NULL,NULL,NULL,NULL,NULL,NULL,NULL,'Near ambedkar school ',NULL,NULL,NULL,NULL,NULL,NULL,NULL,NULL,NULL,NULL,NULL,'Reengus',5,'15',NULL,NULL,NULL,NULL,NULL,NULL,NULL,NULL,NULL),(158,NULL,'Suresh barala',NULL,'9875137928',NULL,NULL,NULL,9502,'844364',3,1,'eyJ0eXAiOiJKV1QiLCJhbGciOiJIUzI1NiJ9.eyJzdWIiOjE1OCwiZXhwIjoxNjY0MDI5MzE3fQ.YGUoujk3_iypXZurvRRJpdMabvlGY2Vl_SdAHZ4QwtE','2022-08-25 19:51:37','2022-09-09 12:16:41',NULL,NULL,NULL,NULL,NULL,NULL,NULL,NULL,'Dhani khadiya wali ward no 1 singod kalan',NULL,NULL,NULL,NULL,NULL,NULL,1,NULL,NULL,NULL,NULL,'Singod kalan',6,'15',NULL,NULL,NULL,NULL,NULL,NULL,NULL,NULL,NULL),(159,NULL,'Jhunta ram',NULL,'8005650775',NULL,NULL,NULL,8945,'869900',3,1,'eyJ0eXAiOiJKV1QiLCJhbGciOiJIUzI1NiJ9.eyJzdWIiOjE1OSwiZXhwIjoxNjY0MTk0NzM5fQ.EoLpn25Ts3FbgaLAllwc9b8uHU7G4Uue124Jix6ZN_k','2022-08-27 17:48:40','2022-09-24 15:16:52',NULL,NULL,NULL,NULL,NULL,NULL,NULL,NULL,'Dhani harsholai',NULL,NULL,NULL,NULL,NULL,NULL,0,NULL,NULL,NULL,NULL,'Near riico ',5,'18',NULL,NULL,NULL,NULL,NULL,NULL,NULL,NULL,NULL),(160,NULL,'Tejpal netar',NULL,'6377685031',NULL,NULL,NULL,5820,'363445',3,1,'eyJ0eXAiOiJKV1QiLCJhbGciOiJIUzI1NiJ9.eyJzdWIiOjE2MCwiZXhwIjoxNjY0NDIwNzAwfQ.MwhRlVZotkTVDini__FX_Y_aTIXLAsSrtHABIYdYV_E','2022-08-30 08:34:44','2022-08-30 08:35:00',NULL,NULL,NULL,NULL,NULL,NULL,NULL,NULL,'Gudliya',NULL,NULL,NULL,NULL,NULL,NULL,NULL,NULL,NULL,NULL,NULL,'Gudliya',4,'20',NULL,NULL,NULL,NULL,NULL,NULL,NULL,NULL,NULL),(161,57,'Gajanad',NULL,'7742102027',NULL,'gajanand@doomshell.com',NULL,3278,'735186',3,1,NULL,'2022-08-30 16:17:34','2022-09-28 15:20:54',NULL,NULL,NULL,NULL,NULL,NULL,NULL,NULL,'Kardhani jaipur',NULL,NULL,NULL,NULL,NULL,NULL,NULL,NULL,NULL,NULL,NULL,'Jobner',14,'1400',NULL,NULL,NULL,NULL,NULL,NULL,NULL,NULL,NULL),(162,NULL,'Kana Ram BAGADIYA ',NULL,'9667142419',NULL,NULL,NULL,2566,'580736',3,1,'eyJ0eXAiOiJKV1QiLCJhbGciOiJIUzI1NiJ9.eyJzdWIiOjE2MiwiZXhwIjoxNjY0NTI2MjYwfQ.PeQ0m7HlnJH12C5DsHuOpY_ufBeJD8qxzzBuWxHue44','2022-08-31 13:50:06','2022-09-14 12:50:05',NULL,NULL,NULL,NULL,NULL,NULL,NULL,NULL,'Chota guda relve saten',NULL,NULL,NULL,NULL,NULL,NULL,0,NULL,NULL,NULL,NULL,'Sargoth ',15,'70',NULL,NULL,NULL,NULL,NULL,NULL,NULL,NULL,NULL),(163,NULL,'Amit yadav',NULL,'9001838351',NULL,NULL,NULL,2650,'612450',3,1,NULL,'2022-09-01 19:10:46','2022-09-01 19:19:33',NULL,NULL,NULL,NULL,NULL,NULL,NULL,NULL,'Singod',NULL,NULL,NULL,NULL,NULL,NULL,NULL,NULL,NULL,NULL,NULL,'Aam wali dhani',10,'20',NULL,NULL,NULL,NULL,NULL,NULL,NULL,NULL,NULL),(164,NULL,'Rohitash ',NULL,'8058896427',NULL,NULL,NULL,6767,'277618',3,1,'eyJ0eXAiOiJKV1QiLCJhbGciOiJIUzI1NiJ9.eyJzdWIiOjE2NCwiZXhwIjoxNjcyMTMyNzA1fQ.9uV2fh-g7K4aMjSRFWcEmLe6ggAnryx66WE9R9Vr8kE','2022-09-02 10:21:32','2022-11-27 14:48:25',NULL,NULL,NULL,NULL,NULL,NULL,NULL,NULL,'SDS coloni',NULL,NULL,NULL,NULL,NULL,NULL,2,NULL,NULL,NULL,NULL,'Sargoth ',1,'8',NULL,NULL,NULL,NULL,NULL,NULL,NULL,NULL,NULL),(165,NULL,'Rohitash ',NULL,'8619098207',NULL,NULL,NULL,1234,'752337',3,1,NULL,'2022-09-02 10:22:36','2022-09-02 10:22:36',NULL,NULL,NULL,NULL,NULL,NULL,NULL,NULL,'SDS coloni ',NULL,NULL,NULL,NULL,NULL,NULL,NULL,NULL,NULL,NULL,NULL,'Sargoth ',1,'8',NULL,NULL,NULL,NULL,NULL,NULL,NULL,NULL,NULL),(166,NULL,'गजानंद',NULL,'7688811385',NULL,'sadsad@doomshell.com',NULL,1234,'862087',3,1,NULL,'2022-09-02 17:33:29','2022-09-02 17:33:29',NULL,NULL,NULL,NULL,NULL,NULL,NULL,NULL,'करधनी जयपुर',NULL,NULL,NULL,NULL,NULL,NULL,NULL,NULL,NULL,NULL,NULL,'जोबनेर',14,'1400',NULL,NULL,NULL,NULL,NULL,NULL,NULL,NULL,NULL),(167,NULL,'रणवीर सिंह',NULL,'7300394851',NULL,NULL,NULL,4157,'652933',3,1,'eyJ0eXAiOiJKV1QiLCJhbGciOiJIUzI1NiJ9.eyJzdWIiOjE2NywiZXhwIjoxNjY1MjA4MzA5fQ.BEU4zhuU0b6PBQBP4_lIaF4v6MU0bhnNIPPxH_cLAgI','2022-09-02 17:36:42','2022-09-09 12:15:39',NULL,NULL,NULL,NULL,NULL,NULL,NULL,NULL,'धुरो कई धनि',NULL,NULL,NULL,NULL,NULL,NULL,1,NULL,NULL,NULL,NULL,'परसरामपुरा',15,'25',NULL,NULL,NULL,NULL,NULL,NULL,NULL,NULL,NULL),(168,NULL,'Dashrath Kumar',NULL,'9079839293',NULL,NULL,NULL,5745,'675247',3,1,'eyJ0eXAiOiJKV1QiLCJhbGciOiJIUzI1NiJ9.eyJzdWIiOjE2OCwiZXhwIjoxNjcyMzA2OTI5fQ.iA0TUG__oRiS3dc_ZPwwhh3oQd8rUfS-ahjsfbyOhZg','2022-09-02 17:42:37','2022-11-29 15:12:09',NULL,NULL,NULL,NULL,NULL,NULL,NULL,NULL,'Sargoth',NULL,NULL,NULL,NULL,NULL,NULL,1,NULL,NULL,NULL,NULL,'Sargoth',6,'20',NULL,NULL,NULL,NULL,NULL,NULL,NULL,NULL,NULL),(169,NULL,'Ashok ',NULL,'6367368720',NULL,NULL,NULL,8218,'963797',3,1,'eyJ0eXAiOiJKV1QiLCJhbGciOiJIUzI1NiJ9.eyJzdWIiOjE2OSwiZXhwIjoxNjY0ODU3NDY2fQ.RFBtvEed_bSqMSelf3A_hJLe-PJMC990oFrTcH-mBMQ','2022-09-04 09:48:46','2022-09-09 12:16:26',NULL,NULL,NULL,NULL,NULL,NULL,NULL,NULL,'Bramno ka bad',NULL,NULL,NULL,NULL,NULL,NULL,2,NULL,NULL,NULL,NULL,'Simarla jageer ',11,'15',NULL,NULL,NULL,NULL,NULL,NULL,NULL,NULL,NULL),(170,NULL,'Sahil',NULL,'82399740696',NULL,'snawariya75@gmail.com',NULL,1234,'442185',3,1,NULL,'2022-09-05 18:36:43','2022-09-05 18:36:43',NULL,NULL,NULL,NULL,NULL,NULL,NULL,NULL,'Nawariya ',NULL,NULL,NULL,NULL,NULL,NULL,NULL,NULL,NULL,NULL,NULL,'Jaipur ',1839,'1327',NULL,NULL,NULL,NULL,NULL,NULL,NULL,NULL,NULL),(171,NULL,'Mukesh kumar lamba',NULL,'7627063994',NULL,NULL,NULL,2544,'887353',3,1,'eyJ0eXAiOiJKV1QiLCJhbGciOiJIUzI1NiJ9.eyJzdWIiOjE3MSwiZXhwIjoxNjY1MDE4OTI1fQ.HEY7svrUS0nH3k7zYFMV7Q7KR-fGngNgDbelss8ckHo','2022-09-06 06:44:58','2022-09-09 12:16:04',NULL,NULL,NULL,NULL,NULL,NULL,NULL,NULL,'Lamba wali dhani',NULL,NULL,NULL,NULL,NULL,NULL,1,NULL,NULL,NULL,NULL,'Nangal govind',2,'6',NULL,NULL,NULL,NULL,NULL,NULL,NULL,NULL,NULL),(172,1234,'Hemraj',NULL,'6378961321',NULL,NULL,NULL,5108,'204686',3,1,'eyJ0eXAiOiJKV1QiLCJhbGciOiJIUzI1NiJ9.eyJzdWIiOjE3MiwiZXhwIjoxNjY3NDc3MjkwfQ.2yEnkG1AliUDWGjPr5EGqlwbGo1WwvuHSgiZBLGr2mI','2022-09-06 12:32:37','2022-10-04 17:38:10',NULL,NULL,NULL,NULL,NULL,NULL,NULL,NULL,'Hasampura',NULL,NULL,NULL,NULL,NULL,NULL,NULL,NULL,NULL,NULL,NULL,'Hasampura',16,'10',NULL,NULL,NULL,NULL,NULL,NULL,NULL,NULL,NULL),(173,1234,'Khush',NULL,'6375561851',NULL,NULL,NULL,6025,'424665',3,1,'eyJ0eXAiOiJKV1QiLCJhbGciOiJIUzI1NiJ9.eyJzdWIiOjE3MywiZXhwIjoxNjY1MjkyNDQ3fQ.upl9hi9Gda8yaGhVRG72u2-hwrMvrKHVMo3Z0brCRts','2022-09-09 10:43:34','2022-09-09 10:44:07',NULL,NULL,NULL,NULL,NULL,NULL,NULL,NULL,'Jaipur',NULL,NULL,NULL,NULL,NULL,NULL,NULL,NULL,NULL,NULL,NULL,'Jaipur',3,'6',NULL,NULL,NULL,NULL,NULL,NULL,NULL,NULL,NULL),(174,NULL,'Babita chejara ',NULL,'9887552769',NULL,NULL,NULL,4633,'748244',3,1,'eyJ0eXAiOiJKV1QiLCJhbGciOiJIUzI1NiJ9.eyJzdWIiOjE3NCwiZXhwIjoxNjY1Mzk3NTk1fQ.ktAR6JMGov7pSQh_5foepYrAhYJqYpTRc_KzWAPHfec','2022-09-10 15:56:07','2022-09-10 15:56:35',NULL,NULL,NULL,NULL,NULL,NULL,NULL,NULL,'Near 132gss Rico ',NULL,NULL,NULL,NULL,NULL,NULL,NULL,NULL,NULL,NULL,NULL,'Sargoth',5,'20',NULL,NULL,NULL,NULL,NULL,NULL,NULL,NULL,NULL),(175,NULL,'Baldevram kumawat',NULL,'8696123993',NULL,NULL,NULL,2636,'706312',3,1,'eyJ0eXAiOiJKV1QiLCJhbGciOiJIUzI1NiJ9.eyJzdWIiOjE3NSwiZXhwIjoxNjcxNDI3NzI5fQ.L0kpC5OMhUi4GXQD-IDEj59Hc_eNdE82dC4070yvPXg','2022-09-10 16:20:21','2022-11-19 10:58:49',NULL,NULL,NULL,NULL,NULL,NULL,NULL,NULL,'132GSS ka picha Rico ',NULL,NULL,NULL,NULL,NULL,NULL,1,NULL,NULL,NULL,NULL,'Sargoth ',8,'20',NULL,NULL,NULL,NULL,NULL,NULL,NULL,NULL,NULL),(176,NULL,'Janardan Singh ',NULL,'9199504354',NULL,NULL,NULL,1234,'138121',3,1,NULL,'2022-09-11 16:52:30','2022-09-11 16:52:30',NULL,NULL,NULL,NULL,NULL,NULL,NULL,NULL,'Satimata',NULL,NULL,NULL,NULL,NULL,NULL,NULL,NULL,NULL,NULL,NULL,'Sargoth ',10,'20',NULL,NULL,NULL,NULL,NULL,NULL,NULL,NULL,NULL),(177,NULL,'Janardan singh',NULL,'9950435475',NULL,NULL,NULL,7283,'354506',3,1,'eyJ0eXAiOiJKV1QiLCJhbGciOiJIUzI1NiJ9.eyJzdWIiOjE3NywiZXhwIjoxNjY1NDg3NTgzfQ.hWedpH45sYCTTupKqfeZLutHWT5DbHYEvzsUUV4y-6I','2022-09-11 16:55:56','2022-09-14 15:25:20',NULL,NULL,NULL,NULL,NULL,NULL,NULL,NULL,'Sargoth',NULL,NULL,NULL,NULL,NULL,NULL,1,NULL,NULL,NULL,NULL,'Sargoth',1,'10',NULL,NULL,NULL,NULL,NULL,NULL,NULL,NULL,NULL),(178,1234,'Nirmal',NULL,'8053088725',NULL,NULL,NULL,8227,'140608',3,1,'eyJ0eXAiOiJKV1QiLCJhbGciOiJIUzI1NiJ9.eyJzdWIiOjE3OCwiZXhwIjoxNjY1NTcwMjcwfQ.vi9qQVzm1Xx8LSPFDKAsabp7yXXNnOhIAWZ1YEUZQgw','2022-09-12 15:53:54','2022-09-12 15:54:30',NULL,NULL,NULL,NULL,NULL,NULL,NULL,NULL,'Partal',NULL,NULL,NULL,NULL,NULL,NULL,NULL,NULL,NULL,NULL,NULL,'Partal',2,'36',NULL,NULL,NULL,NULL,NULL,NULL,NULL,NULL,NULL),(179,NULL,'Ranvir singh',NULL,'9929748781',NULL,NULL,NULL,4096,'118611',3,1,'eyJ0eXAiOiJKV1QiLCJhbGciOiJIUzI1NiJ9.eyJzdWIiOjE3OSwiZXhwIjoxNjY5MDEyNzM4fQ.0ke3DKTEVv6eKX7-F4xY7A25YGQIZNnf1wcKswpeWS4','2022-09-13 08:56:41','2022-11-03 15:25:28',NULL,NULL,NULL,NULL,NULL,NULL,NULL,NULL,'Dhere wali dhani',NULL,NULL,NULL,NULL,NULL,NULL,5,NULL,NULL,NULL,NULL,'Dhere wali dhani',1,'1',NULL,NULL,NULL,NULL,NULL,NULL,NULL,NULL,NULL),(180,NULL,'Sagar lochhib ',NULL,'9950353682',NULL,NULL,NULL,9048,'392868',3,1,'eyJ0eXAiOiJKV1QiLCJhbGciOiJIUzI1NiJ9.eyJzdWIiOjE4MCwiZXhwIjoxNjcyMzI3NjMyfQ.57UfTt_Ps_FHHILBf2UfsCN9lXfA2UdPgnhjiNfrbX4','2022-09-13 16:50:11','2022-12-12 16:31:28',NULL,NULL,NULL,NULL,NULL,NULL,NULL,NULL,'Dahi lochhib wali ward number 11',NULL,NULL,NULL,NULL,NULL,NULL,0,NULL,NULL,NULL,NULL,'Sargoth ',8,'20',NULL,NULL,NULL,NULL,NULL,NULL,500,NULL,NULL),(181,NULL,'Birbal Singh ',NULL,'6376372017',NULL,NULL,NULL,3474,'341747',3,1,'eyJ0eXAiOiJKV1QiLCJhbGciOiJIUzI1NiJ9.eyJzdWIiOjE4MSwiZXhwIjoxNjY1ODMxMTM3fQ.vFMr_L8A3U6W3VFTEtKrE4Jr_hUIw-Umai0ZDRo3hxg','2022-09-15 16:21:55','2022-09-15 16:22:17',NULL,NULL,NULL,NULL,NULL,NULL,NULL,NULL,'Dhani boja wali ',NULL,NULL,NULL,NULL,NULL,NULL,NULL,NULL,NULL,NULL,NULL,'Simarla jagir ',6,'20',NULL,NULL,NULL,NULL,NULL,NULL,NULL,NULL,NULL),(182,NULL,'Rahul gurjar',NULL,'9166028562',NULL,NULL,NULL,9983,'492500',3,1,'eyJ0eXAiOiJKV1QiLCJhbGciOiJIUzI1NiJ9.eyJzdWIiOjE4MiwiZXhwIjoxNjcxNDIzNDY5fQ.NhfRMqD55uTtP0_g5rocYAtgVRlxRJFbIDCYQ_E3oVg','2022-09-16 09:00:14','2022-11-19 09:47:49',NULL,NULL,NULL,NULL,NULL,NULL,NULL,NULL,'Bar Shiv ji ka mandir',NULL,NULL,NULL,NULL,NULL,NULL,0,NULL,NULL,NULL,NULL,'Shiv ji ka mandir',5,'11',NULL,NULL,NULL,NULL,NULL,NULL,NULL,NULL,NULL),(183,NULL,'Gajanand ji pujari sargoth ',NULL,'9024839565',NULL,NULL,NULL,4043,'459264',3,1,'eyJ0eXAiOiJKV1QiLCJhbGciOiJIUzI1NiJ9.eyJzdWIiOjE4MywiZXhwIjoxNjY1OTExMDg3fQ.4rQbbCB905lWVgQBcr6F2MW7GtGjlerL2qIcwD9bOKo','2022-09-16 14:34:11','2022-09-16 14:56:05',NULL,NULL,NULL,NULL,NULL,NULL,NULL,NULL,'Ward no 9',NULL,NULL,NULL,NULL,NULL,NULL,0,NULL,NULL,NULL,NULL,'Sargoth',3,'5',NULL,NULL,NULL,NULL,NULL,NULL,NULL,NULL,NULL),(184,NULL,'Narsi ram kumawat ',NULL,'9649770624',NULL,NULL,NULL,4514,'293528',3,1,'eyJ0eXAiOiJKV1QiLCJhbGciOiJIUzI1NiJ9.eyJzdWIiOjE4NCwiZXhwIjoxNjY2MDAyNDc4fQ.PKInspkZ2CxY1KBS60_6ubVfF3tUjZ602wRiUgmTOEE','2022-09-17 15:57:37','2022-09-25 15:49:40',NULL,NULL,NULL,NULL,NULL,NULL,NULL,NULL,'Riico ',NULL,NULL,NULL,NULL,NULL,NULL,NULL,NULL,NULL,NULL,NULL,'Dabar wali dhani ',3,'10',NULL,NULL,NULL,NULL,NULL,NULL,NULL,NULL,NULL),(185,1234,'Deepak',NULL,'6350211225',NULL,NULL,NULL,6650,'367826',3,1,'eyJ0eXAiOiJKV1QiLCJhbGciOiJIUzI1NiJ9.eyJzdWIiOjE4NSwiZXhwIjoxNjY4MjM4ODg0fQ.QppGUbXJM8KmWfBpwCEHatAtGk8YjrdW6qER0tlkX9w','2022-09-19 12:34:19','2022-10-13 13:11:24',NULL,NULL,NULL,NULL,NULL,NULL,NULL,NULL,'Mansrowar',NULL,NULL,NULL,NULL,NULL,NULL,NULL,NULL,NULL,NULL,NULL,'Vijaypath',3,'54',NULL,NULL,NULL,NULL,NULL,NULL,NULL,NULL,NULL),(186,NULL,'Kailash Chand Yadav ',NULL,'9784274330',NULL,NULL,NULL,1835,'948727',3,1,'eyJ0eXAiOiJKV1QiLCJhbGciOiJIUzI1NiJ9.eyJzdWIiOjE4NiwiZXhwIjoxNjY2NTk2Njg3fQ.LsFz0eSoUOPrYs5EqI2GqPArt9HjnWhvwtRBffqw4S0','2022-09-24 13:01:09','2022-09-24 13:12:08',NULL,NULL,NULL,NULL,NULL,NULL,NULL,NULL,' Ganpati Dham',NULL,NULL,NULL,NULL,NULL,NULL,0,NULL,NULL,NULL,NULL,'Yaadon Ki Dhani  Parshurampura ward number 1',10,'20',NULL,NULL,NULL,NULL,NULL,NULL,NULL,NULL,NULL),(187,NULL,'Mukesh Kumar kakodiya',NULL,'9163751727',NULL,NULL,NULL,2967,'929399',3,1,NULL,'2022-09-28 08:21:25','2022-12-04 09:40:15',NULL,NULL,NULL,NULL,NULL,NULL,NULL,NULL,'Halawali dani',NULL,NULL,NULL,NULL,NULL,NULL,NULL,NULL,NULL,NULL,NULL,'Sargoth',10,'20',NULL,NULL,NULL,NULL,NULL,NULL,NULL,NULL,NULL),(188,NULL,'BABULAL BALODA ',NULL,'7976854552',NULL,NULL,NULL,5005,'962614',3,1,'eyJ0eXAiOiJKV1QiLCJhbGciOiJIUzI1NiJ9.eyJzdWIiOjE4OCwiZXhwIjoxNjY2OTI1OTYxfQ.NrgvDat9tw5ZWACNmtxZLuZg2FmWiKcF9jQBmKJ0N6w','2022-09-28 08:28:57','2022-09-28 08:29:21',NULL,NULL,NULL,NULL,NULL,NULL,NULL,NULL,'Kalyan mod baloda ki dhani',NULL,NULL,NULL,NULL,NULL,NULL,NULL,NULL,NULL,NULL,NULL,'Singodkallan',10,'20',NULL,NULL,NULL,NULL,NULL,NULL,NULL,NULL,NULL),(189,NULL,'Ramswaroop kumawat',NULL,'9001629487',NULL,NULL,NULL,2236,'989733',3,1,'eyJ0eXAiOiJKV1QiLCJhbGciOiJIUzI1NiJ9.eyJzdWIiOjE4OSwiZXhwIjoxNjY3MDE5MzcxfQ.44A6CzC1DX8SwRNCx1xWo81JhTXf8FVV-pGHDSW6bVA','2022-09-29 10:25:40','2022-09-29 10:29:56',NULL,NULL,NULL,NULL,NULL,NULL,NULL,NULL,'Reengus',NULL,NULL,NULL,NULL,NULL,NULL,0,NULL,NULL,NULL,NULL,'Ricco',5,'5',NULL,NULL,NULL,NULL,NULL,NULL,NULL,NULL,NULL),(190,1475,'Gopal',NULL,'9829872388',NULL,NULL,NULL,7989,'790612',2,0,'eyJ0eXAiOiJKV1QiLCJhbGciOiJIUzI1NiJ9.eyJzdWIiOjE5MCwiZXhwIjoxNjY3MDI2MTk2fQ.zwS9sQ374uXZpUi0ZEqJZXm8S5Bo7452qDLJyLOaElM','2022-09-29 12:19:19','2022-11-03 16:31:04',NULL,NULL,NULL,NULL,NULL,NULL,NULL,NULL,'Ringus',NULL,NULL,NULL,NULL,NULL,NULL,NULL,NULL,NULL,NULL,NULL,'Ringus',2,'2',NULL,NULL,NULL,NULL,NULL,NULL,NULL,NULL,NULL),(191,NULL,'Tarachand kumawat',NULL,'8905713676',NULL,NULL,NULL,3932,'174377',3,1,'eyJ0eXAiOiJKV1QiLCJhbGciOiJIUzI1NiJ9.eyJzdWIiOjE5MSwiZXhwIjoxNjY3MDMwNzU5fQ.Nqz4XOdg5jiTrIVBGl_DIL7OsUt47K8bUT-WKopW_RY','2022-09-29 13:35:01','2022-09-29 13:35:59',NULL,NULL,NULL,NULL,NULL,NULL,NULL,NULL,'Dabar wali dani',NULL,NULL,NULL,NULL,NULL,NULL,NULL,NULL,NULL,NULL,NULL,'Rnigash',10,'20',NULL,NULL,NULL,NULL,NULL,NULL,NULL,NULL,NULL),(192,NULL,'Murlidhar',NULL,'8432581263',NULL,NULL,NULL,2622,'266963',3,1,'eyJ0eXAiOiJKV1QiLCJhbGciOiJIUzI1NiJ9.eyJzdWIiOjE5MiwiZXhwIjoxNjczNTAxNjkwfQ.hxsI9JY8fTDNZqf_kvauKdX3Z0bqwYVArZgEqiQgxY4','2022-09-30 15:21:45','2022-12-13 11:04:50',NULL,NULL,NULL,NULL,NULL,NULL,NULL,NULL,'Gorvt. School rowo ki dhani, sisotiya wali',NULL,NULL,NULL,NULL,NULL,NULL,0,NULL,NULL,NULL,NULL,'Singod kalan, Kalyan mod',5,'30',NULL,NULL,NULL,NULL,NULL,NULL,500,NULL,NULL),(193,NULL,'राजू यादव',NULL,'8947875970',NULL,NULL,NULL,1234,'263670',3,1,NULL,'2022-10-03 12:55:56','2022-10-03 12:55:56',NULL,NULL,NULL,NULL,NULL,NULL,NULL,NULL,'सर्गोठ ',NULL,NULL,NULL,NULL,NULL,NULL,NULL,NULL,NULL,NULL,NULL,'सरगोथ',5,'25',NULL,NULL,NULL,NULL,NULL,NULL,NULL,NULL,NULL),(194,NULL,'Raju yadav',NULL,'8562091314',NULL,NULL,NULL,4938,'474449',3,1,'eyJ0eXAiOiJKV1QiLCJhbGciOiJIUzI1NiJ9.eyJzdWIiOjE5NCwiZXhwIjoxNjY3Mzc0MDU1fQ.gHHeGN669UgFtiatWdMJkzUP4CP5Hb6f1zbMODoHZAc','2022-10-03 12:57:01','2022-10-03 12:57:35',NULL,NULL,NULL,NULL,NULL,NULL,NULL,NULL,'Sargoth',NULL,NULL,NULL,NULL,NULL,NULL,NULL,NULL,NULL,NULL,NULL,'Sargoth',5,'25',NULL,NULL,NULL,NULL,NULL,NULL,NULL,NULL,NULL),(195,NULL,'Sagar choudhary ',NULL,'7976202679',NULL,NULL,NULL,2432,'717886',3,1,'eyJ0eXAiOiJKV1QiLCJhbGciOiJIUzI1NiJ9.eyJzdWIiOjE5NSwiZXhwIjoxNjY3NTM0MDA2fQ.VdoVcmFVBu6ntN_qgH4TB7VRMQ5Zf_trw8aVf9AR2vs','2022-10-05 09:23:04','2022-10-05 09:23:26',NULL,NULL,NULL,NULL,NULL,NULL,NULL,NULL,'Shimarla jageer',NULL,NULL,NULL,NULL,NULL,NULL,NULL,NULL,NULL,NULL,NULL,'Shimarla jageer ',10,'50',NULL,NULL,NULL,NULL,NULL,NULL,NULL,NULL,NULL),(196,NULL,'Mukesh ',NULL,'8432665476',NULL,NULL,NULL,1417,'250855',3,1,'eyJ0eXAiOiJKV1QiLCJhbGciOiJIUzI1NiJ9.eyJzdWIiOjE5NiwiZXhwIjoxNjY3NTU3MTA0fQ.-t9kMdPkapuEKyIukCwaxdo4XW75szHpNDqGw-t3qn4','2022-10-05 15:46:49','2022-10-05 15:48:24',NULL,NULL,NULL,NULL,NULL,NULL,NULL,NULL,'Singod Kalan',NULL,NULL,NULL,NULL,NULL,NULL,NULL,NULL,NULL,NULL,NULL,'Singod Kalan ',10,'30',NULL,NULL,NULL,NULL,192,NULL,500,NULL,NULL),(197,NULL,'Pankaj Joshi',NULL,'8624870158',NULL,NULL,NULL,7827,'117637',3,1,'eyJ0eXAiOiJKV1QiLCJhbGciOiJIUzI1NiJ9.eyJzdWIiOjE5NywiZXhwIjoxNjY3NjQ0NDE1fQ.ciFoKzPTpMA3crXjsirvfqpjqRRrD9O7uO7CwoJj0Rs','2022-10-06 16:03:25','2022-10-06 16:03:35',NULL,NULL,NULL,NULL,NULL,NULL,NULL,NULL,'Nanded',NULL,NULL,NULL,NULL,NULL,NULL,NULL,NULL,NULL,NULL,NULL,'Nanded',50,'500',NULL,NULL,NULL,NULL,NULL,NULL,NULL,NULL,NULL),(198,NULL,'Rajendra Prasad yogi',NULL,'9929975960',NULL,NULL,NULL,9038,'966950',3,1,'eyJ0eXAiOiJKV1QiLCJhbGciOiJIUzI1NiJ9.eyJzdWIiOjE5OCwiZXhwIjoxNjY3ODAyOTY3fQ.XIuwslMLVrtvvN6KcUUnLUFeibGQhLi_SNlWkswLQHg','2022-10-08 12:05:49','2022-10-08 12:06:07',NULL,NULL,NULL,NULL,NULL,NULL,NULL,NULL,'रीको इंडस्ट्री एरिया भर के पास',NULL,NULL,NULL,NULL,NULL,NULL,NULL,NULL,NULL,NULL,NULL,'Parampara',6,'50',NULL,NULL,NULL,NULL,NULL,NULL,NULL,NULL,NULL),(199,NULL,'Babu lal',NULL,'7790961790',NULL,NULL,NULL,1234,'977186',3,1,NULL,'2022-10-10 12:20:25','2022-10-10 12:20:25',NULL,NULL,NULL,NULL,NULL,NULL,NULL,NULL,'Ricco',NULL,NULL,NULL,NULL,NULL,NULL,NULL,NULL,NULL,NULL,NULL,'Ricco  ',5,'3',NULL,NULL,NULL,NULL,NULL,NULL,NULL,NULL,NULL),(200,1234,'Dinesh',NULL,'8112232706',NULL,NULL,NULL,7774,'801376',3,1,'eyJ0eXAiOiJKV1QiLCJhbGciOiJIUzI1NiJ9.eyJzdWIiOjIwMCwiZXhwIjoxNjY3OTc3MzYzfQ.Z_KlfL4R6f8dekzlvNXz9jTHnloG_Sqvg5WVUDwOC5Q','2022-10-10 12:32:18','2022-10-10 12:32:43',NULL,NULL,NULL,NULL,NULL,NULL,NULL,NULL,'Jaiour',NULL,NULL,NULL,NULL,NULL,NULL,NULL,NULL,NULL,NULL,NULL,'Jaipur ',6,'94',NULL,NULL,NULL,NULL,NULL,NULL,NULL,NULL,NULL),(201,NULL,'Jagdish prakash yadav ',NULL,'9829116541',NULL,NULL,NULL,1419,'255374',3,1,'eyJ0eXAiOiJKV1QiLCJhbGciOiJIUzI1NiJ9.eyJzdWIiOjIwMSwiZXhwIjoxNjY3OTk3OTAwfQ.yR3cRu6pDNRAJH6yR7VWfnPtdxy-UeFqS5UwbrOOpt8','2022-10-10 18:14:34','2022-10-10 18:15:00',NULL,NULL,NULL,NULL,NULL,NULL,NULL,NULL,'Sirmala,singya wali dhani ',NULL,NULL,NULL,NULL,NULL,NULL,NULL,NULL,NULL,NULL,NULL,'Sirmala ',25,'100',NULL,NULL,NULL,NULL,192,NULL,500,NULL,NULL),(202,NULL,'Ajay',NULL,'7850929912',NULL,NULL,NULL,6951,'983277',3,1,'eyJ0eXAiOiJKV1QiLCJhbGciOiJIUzI1NiJ9.eyJzdWIiOjIwMiwiZXhwIjoxNjcyODg5MDkzfQ.sW_PD2TlhpfaEdhsx8sOPzKq1IyYA_xuEDgG-6qFVT4','2022-10-12 06:11:58','2022-12-06 08:54:53',NULL,NULL,NULL,NULL,NULL,NULL,NULL,NULL,'Sargoth',NULL,NULL,NULL,NULL,NULL,NULL,NULL,NULL,NULL,NULL,NULL,'Sargoth',5,'20',NULL,NULL,NULL,NULL,NULL,NULL,NULL,NULL,NULL),(203,NULL,'Rajkumar yadav',NULL,'8619021183',NULL,NULL,NULL,1274,'566580',3,1,'eyJ0eXAiOiJKV1QiLCJhbGciOiJIUzI1NiJ9.eyJzdWIiOjIwMywiZXhwIjoxNjY4MzE1NDUwfQ.q94CUcmkrdDO_m7xKjcL1ma47hA4QJOdDMd9-dWrd94','2022-10-12 08:05:49','2022-10-14 10:46:16',NULL,NULL,NULL,NULL,NULL,NULL,NULL,NULL,'Border wali dhani Sargoth',NULL,NULL,NULL,NULL,NULL,NULL,0,NULL,NULL,NULL,NULL,'Sargoth',15,'40',NULL,NULL,NULL,NULL,NULL,NULL,NULL,NULL,NULL),(204,NULL,'Lalit kumar sharma ',NULL,'9928044587',NULL,NULL,NULL,1346,'778973',3,1,'eyJ0eXAiOiJKV1QiLCJhbGciOiJIUzI1NiJ9.eyJzdWIiOjIwNCwiZXhwIjoxNjY4MTgyNDk3fQ.KNhq8gUJ6fytc-VSsZSKrNSklrvOh3B7Y_f84Ytu490','2022-10-12 21:30:58','2022-10-12 21:31:37',NULL,NULL,NULL,NULL,NULL,NULL,NULL,NULL,'Simarla jageer ',NULL,NULL,NULL,NULL,NULL,NULL,NULL,NULL,NULL,NULL,NULL,'Simarla jageer ',10,'10',NULL,NULL,NULL,NULL,NULL,NULL,NULL,NULL,NULL),(205,NULL,'Mukesh',NULL,'9887818130',NULL,NULL,NULL,7704,'980467',3,1,'eyJ0eXAiOiJKV1QiLCJhbGciOiJIUzI1NiJ9.eyJzdWIiOjIwNSwiZXhwIjoxNjY4Mzk1OTY2fQ.Dvn0YA4HvTa-B9CD1KDE3uYBErW0WYym0-cGTNu11g0','2022-10-15 08:49:11','2022-10-15 08:49:26',NULL,NULL,NULL,NULL,NULL,NULL,NULL,NULL,'Khajur wale Balaji ke pass ward number 19 rings',NULL,NULL,NULL,NULL,NULL,NULL,NULL,NULL,NULL,NULL,NULL,'Reengus',3,'10',NULL,NULL,NULL,NULL,NULL,NULL,NULL,NULL,NULL),(206,NULL,'Mahendra yadav ',NULL,'9784454248',NULL,NULL,NULL,8684,'886703',3,1,'eyJ0eXAiOiJKV1QiLCJhbGciOiJIUzI1NiJ9.eyJzdWIiOjIwNiwiZXhwIjoxNjY4NTE2NDk3fQ.RqxUlkwA3X9xXYYpMeVr_3iDdcoLuwOoSE8Z3S3J3yM','2022-10-16 18:17:51','2022-11-07 18:22:08',NULL,NULL,NULL,NULL,NULL,NULL,NULL,NULL,'Sargoth border ',NULL,NULL,NULL,NULL,NULL,NULL,0,NULL,NULL,NULL,NULL,'Sargoth ',5,'20',NULL,NULL,NULL,NULL,NULL,NULL,NULL,NULL,NULL),(207,NULL,'Reena ',NULL,'7976024821',NULL,NULL,NULL,4030,'896897',3,1,'eyJ0eXAiOiJKV1QiLCJhbGciOiJIUzI1NiJ9.eyJzdWIiOjIwNywiZXhwIjoxNjY4Njk5MzQ2fQ.07GbCDQqv6LyrkaW7zQazmL8pERapJb6fl8Vuz8xBto','2022-10-18 21:05:30','2022-10-18 21:05:46',NULL,NULL,NULL,NULL,NULL,NULL,NULL,NULL,'सिंगोद कला ',NULL,NULL,NULL,NULL,NULL,NULL,NULL,NULL,NULL,NULL,NULL,'सिसोटिया',4,'18',NULL,NULL,NULL,NULL,192,NULL,500,NULL,NULL),(208,NULL,'NIRMAL Kumar poonia',NULL,'9785714634',NULL,NULL,NULL,1841,'628144',3,1,'eyJ0eXAiOiJKV1QiLCJhbGciOiJIUzI1NiJ9.eyJzdWIiOjIwOCwiZXhwIjoxNjY4NzYwMDIyfQ.3kCgFSQbXdrrBB9Ad-T02j_Uak5JOVCO4t4vvbqNI9g','2022-10-19 13:56:43','2022-10-19 13:57:02',NULL,NULL,NULL,NULL,NULL,NULL,NULL,NULL,'Dhani -pooniawali ward 10  shrimadhopur road ,maharoli mod k pass sharmaji wali pipe fectory',NULL,NULL,NULL,NULL,NULL,NULL,NULL,NULL,NULL,NULL,NULL,'Gudha jaitusar ',6,'20',NULL,NULL,NULL,NULL,NULL,NULL,NULL,NULL,NULL),(209,NULL,'Dinesh gurjar',NULL,'8824169405',NULL,NULL,NULL,2186,'880672',3,1,'eyJ0eXAiOiJKV1QiLCJhbGciOiJIUzI1NiJ9.eyJzdWIiOjIwOSwiZXhwIjoxNjcyMDI0ODIzfQ.JoIFnk3xLGJ4DrZjhvR7BmXpsznKfX7JB61L62I-7EU','2022-10-23 08:22:47','2022-11-26 08:50:23',NULL,NULL,NULL,NULL,NULL,NULL,NULL,NULL,'Siv mandir ke samne nadi vale raste pr',NULL,NULL,NULL,NULL,NULL,NULL,1,NULL,NULL,NULL,NULL,'Ringus',20,'100',NULL,NULL,NULL,NULL,NULL,NULL,NULL,NULL,NULL),(210,NULL,'Abhishek ',NULL,'9660046953',NULL,NULL,NULL,3874,'262209',3,1,'eyJ0eXAiOiJKV1QiLCJhbGciOiJIUzI1NiJ9.eyJzdWIiOjIxMCwiZXhwIjoxNjY5MjgyOTY3fQ.-PwQENrB4RKDbaWHOCEvdU8AoYTtEnAHNvQdLII8enk','2022-10-25 15:12:26','2022-10-25 15:12:47',NULL,NULL,NULL,NULL,NULL,NULL,NULL,NULL,'NANGAL GOVIND ',NULL,NULL,NULL,NULL,NULL,NULL,NULL,NULL,NULL,NULL,NULL,'NANGAL GOVIND ',3,'15',NULL,NULL,NULL,NULL,NULL,NULL,NULL,NULL,NULL),(211,NULL,'Mal Singh Shekhawat ',NULL,'9784287610',NULL,NULL,NULL,1234,'270326',3,1,NULL,'2022-10-26 07:18:25','2022-10-26 07:18:25',NULL,NULL,NULL,NULL,NULL,NULL,NULL,NULL,'Rj18 sidhi vinayak hotel Sargoth ',NULL,NULL,NULL,NULL,NULL,NULL,NULL,NULL,NULL,NULL,NULL,'Sargoth ',3,'5',NULL,NULL,NULL,NULL,NULL,NULL,NULL,NULL,NULL),(212,NULL,'Mal Singh Shekhawat ',NULL,'9784287618',NULL,NULL,NULL,3088,'123807',3,1,'eyJ0eXAiOiJKV1QiLCJhbGciOiJIUzI1NiJ9.eyJzdWIiOjIxMiwiZXhwIjoxNjcxOTU0NDc4fQ.D2dSpN79JQdHFKBoeFtgTHmCjczGi_uzpwyoJT8ZrPo','2022-10-26 07:20:10','2022-11-25 13:17:58',NULL,NULL,NULL,NULL,NULL,NULL,NULL,NULL,'Rj18 sidhi vinayak hotel Sargoth ',NULL,NULL,NULL,NULL,NULL,NULL,NULL,NULL,NULL,NULL,NULL,'Sargoth ',3,'7',NULL,NULL,NULL,NULL,NULL,NULL,NULL,NULL,NULL),(213,NULL,'Krishan Kumar Yadav',NULL,'9664397765',NULL,NULL,NULL,7390,'602955',3,1,'eyJ0eXAiOiJKV1QiLCJhbGciOiJIUzI1NiJ9.eyJzdWIiOjIxMywiZXhwIjoxNjczNDA1MjE3fQ.NZ2aP2qp9jMinzIaGEPwGz7C9j2wG8s8WbuBcDRF_Bc','2022-10-27 13:43:48','2022-12-12 08:16:57',NULL,NULL,NULL,NULL,NULL,NULL,NULL,NULL,'Near Gaddi School',NULL,NULL,NULL,NULL,NULL,NULL,1,NULL,NULL,NULL,NULL,'Sargoth',8,'20',NULL,NULL,NULL,NULL,NULL,NULL,NULL,NULL,NULL),(214,NULL,'Rahul ',NULL,'9829458909',NULL,NULL,NULL,8745,'116800',3,1,'eyJ0eXAiOiJKV1QiLCJhbGciOiJIUzI1NiJ9.eyJzdWIiOjIxNCwiZXhwIjoxNjY5NDUwOTUwfQ.6vJHNIJV0PpOuKd3E9FyrbX9azTnbqJevkMsBeHuSVE','2022-10-27 13:51:41','2022-10-27 13:52:30',NULL,NULL,NULL,NULL,NULL,NULL,NULL,NULL,'Near Gaddi School',NULL,NULL,NULL,NULL,NULL,NULL,NULL,NULL,NULL,NULL,NULL,'Sargoth ',8,'20',NULL,NULL,NULL,NULL,NULL,NULL,NULL,NULL,NULL),(215,NULL,'Pintu ram gadhawal ',NULL,'7062119372',NULL,NULL,NULL,6381,'249889',3,1,'eyJ0eXAiOiJKV1QiLCJhbGciOiJIUzI1NiJ9.eyJzdWIiOjIxNSwiZXhwIjoxNjc0MDM3MjU3fQ.tQQvJZjIUK72rEiGzkuRyCFDYJ8bIZOLU8sFrKYiNWY','2022-10-29 08:04:15','2022-12-19 15:58:04',NULL,NULL,NULL,NULL,NULL,NULL,NULL,NULL,'Sp-16 Iran matal ke samne',NULL,NULL,NULL,NULL,NULL,NULL,0,NULL,NULL,NULL,NULL,'Harsolai ki dhani ',10,'20',NULL,NULL,NULL,NULL,NULL,8000,NULL,NULL,NULL),(216,NULL,'Arjun Singh',NULL,'9057253308',NULL,NULL,NULL,3672,'699945',3,1,'eyJ0eXAiOiJKV1QiLCJhbGciOiJIUzI1NiJ9.eyJzdWIiOjIxNiwiZXhwIjoxNjY5NjMyNTYxfQ.VyAsQT2WIDdOaiR4nHJh7E8Z7yDdRcz9x8c7CfclRZQ','2022-10-29 16:18:55','2022-11-03 15:26:14',NULL,NULL,NULL,NULL,NULL,NULL,NULL,NULL,'Parasrampura',NULL,NULL,NULL,NULL,NULL,NULL,1,NULL,NULL,NULL,NULL,'parasrampura',6,'20',NULL,NULL,NULL,NULL,NULL,NULL,NULL,NULL,NULL),(217,NULL,'Ramawatar ',NULL,'7014697287',NULL,NULL,NULL,5622,'863688',2,0,'eyJ0eXAiOiJKV1QiLCJhbGciOiJIUzI1NiJ9.eyJzdWIiOjIxNywiZXhwIjoxNjcwMDQyNTQzfQ.--F-C-wXorwLmoh9w1pJBwhN8EpTI5N9gIeq3ZTeJrk','2022-11-03 10:12:08','2022-11-03 16:29:43',NULL,NULL,NULL,NULL,NULL,NULL,NULL,NULL,'Sikar',NULL,NULL,NULL,NULL,NULL,NULL,NULL,NULL,NULL,NULL,NULL,'Sargoth ',5,'20',NULL,NULL,NULL,NULL,NULL,NULL,NULL,NULL,NULL),(218,NULL,'SHIVRAJ SINGH RATHORE ',NULL,'9680410800',NULL,NULL,NULL,5638,'845333',3,1,'eyJ0eXAiOiJKV1QiLCJhbGciOiJIUzI1NiJ9.eyJzdWIiOjIxOCwiZXhwIjoxNjcwMzA1OTAyfQ.OfovCOSxUbdTf9mck9jStd2chvfU68Se86Xj5z2HAAQ','2022-11-06 11:21:31','2022-11-06 11:51:23',NULL,NULL,NULL,NULL,NULL,NULL,NULL,NULL,'SARGOTH',NULL,NULL,NULL,NULL,NULL,NULL,0,NULL,NULL,NULL,NULL,'SARGOTH',7,'25',NULL,NULL,NULL,NULL,NULL,NULL,NULL,NULL,NULL),(219,NULL,'Pappuram',NULL,'8619820292',NULL,NULL,NULL,4417,'771243',3,1,'eyJ0eXAiOiJKV1QiLCJhbGciOiJIUzI1NiJ9.eyJzdWIiOjIxOSwiZXhwIjoxNjcwMzc0NDcyfQ.eMKeIzVnBK89tLKxziwfrOfQIx_DafV9cIECNTY6fms','2022-11-06 23:13:02','2022-11-07 06:24:32',NULL,NULL,NULL,NULL,NULL,NULL,NULL,NULL,'बगडिया वाली ढाणी',NULL,NULL,NULL,NULL,NULL,NULL,NULL,NULL,NULL,NULL,NULL,'Sargoth',5,'20',NULL,NULL,NULL,NULL,NULL,NULL,NULL,NULL,NULL),(220,NULL,'हेमराज',NULL,'8769708051',NULL,NULL,NULL,1329,'201932',3,1,'eyJ0eXAiOiJKV1QiLCJhbGciOiJIUzI1NiJ9.eyJzdWIiOjIyMCwiZXhwIjoxNjcwNTczOTU0fQ.7_2qb_Nj0cvXhNYfooZdcDPYEjgayg_04D5vT0klP5I','2022-11-09 13:48:07','2022-11-09 13:49:14',NULL,NULL,NULL,NULL,NULL,NULL,NULL,NULL,'बड़ के पास',NULL,NULL,NULL,NULL,NULL,NULL,NULL,NULL,NULL,NULL,NULL,'रींगस',4,'25',NULL,NULL,NULL,NULL,NULL,NULL,NULL,NULL,NULL),(221,NULL,'Narendra singh shekhawat ',NULL,'9352464091',NULL,NULL,NULL,3745,'334509',3,1,'eyJ0eXAiOiJKV1QiLCJhbGciOiJIUzI1NiJ9.eyJzdWIiOjIyMSwiZXhwIjoxNjcwNjM2MzMzfQ.Tg8AptgDltlY5V1jOa-I2TjgoX-gKrezRdGMs24odNo','2022-11-10 07:08:20','2022-11-10 07:08:53',NULL,NULL,NULL,NULL,NULL,NULL,NULL,NULL,'Dhodhasar ',NULL,NULL,NULL,NULL,NULL,NULL,NULL,NULL,NULL,NULL,NULL,'Dhodhasar ',2,'5',NULL,NULL,NULL,NULL,NULL,NULL,NULL,NULL,NULL),(222,NULL,'Raju bodar ',NULL,'9950393515',NULL,NULL,NULL,6535,'656648',3,1,'eyJ0eXAiOiJKV1QiLCJhbGciOiJIUzI1NiJ9.eyJzdWIiOjIyMiwiZXhwIjoxNjcyOTY3ODIzfQ.r0isxyu5i2YSuOg9Js1XACE7cg9W_ShZDNtAV-CBOy0','2022-11-17 08:14:10','2022-12-07 06:47:03',NULL,NULL,NULL,NULL,NULL,NULL,NULL,NULL,'Bodar Walia dahni',NULL,NULL,NULL,NULL,NULL,NULL,0,NULL,NULL,NULL,NULL,'Sargoth ',9,'50',NULL,NULL,NULL,NULL,NULL,NULL,NULL,NULL,NULL),(223,NULL,'Kailash ',NULL,'9785117301',NULL,NULL,NULL,4687,'136699',3,1,'eyJ0eXAiOiJKV1QiLCJhbGciOiJIUzI1NiJ9.eyJzdWIiOjIyMywiZXhwIjoxNjcxMzMwODU2fQ.FLvGinRiSr99lUAHeNm_YvmZ1_PYjJiZHKidyTKOfeA','2022-11-17 08:15:52','2022-12-12 18:45:56',NULL,NULL,NULL,NULL,NULL,NULL,NULL,NULL,'Sargot',NULL,NULL,NULL,NULL,NULL,NULL,NULL,NULL,NULL,NULL,NULL,'Sargot',10,'50',NULL,NULL,NULL,NULL,NULL,NULL,500,NULL,NULL),(224,NULL,'Vikas',NULL,'8824016235',NULL,NULL,NULL,5322,'445873',3,1,'eyJ0eXAiOiJKV1QiLCJhbGciOiJIUzI1NiJ9.eyJzdWIiOjIyNCwiZXhwIjoxNjcxMjg0Nzc3fQ.dyO4Ki8MLGWn9LWEBXvsuXEVfA_RuLB4Q0dXg9ezzxM','2022-11-17 19:16:00','2022-11-17 19:16:17',NULL,NULL,NULL,NULL,NULL,NULL,NULL,NULL,'Karni mata hotel   last house',NULL,NULL,NULL,NULL,NULL,NULL,NULL,NULL,NULL,NULL,NULL,'Sargoth',5,'25',NULL,NULL,NULL,NULL,NULL,NULL,NULL,NULL,NULL),(225,NULL,'कैलाश यादव',NULL,'8432502366',NULL,NULL,NULL,1234,'245036',3,1,NULL,'2022-11-18 08:02:07','2022-11-18 08:02:07',NULL,NULL,NULL,NULL,NULL,NULL,NULL,NULL,'सरगोठ बॉर्डर के पास',NULL,NULL,NULL,NULL,NULL,NULL,NULL,NULL,NULL,NULL,NULL,'सरगोठ',10,'30',NULL,NULL,NULL,NULL,NULL,NULL,NULL,NULL,NULL),(226,NULL,'Girver Singh ',NULL,'9694814491',NULL,NULL,NULL,8361,'544201',3,1,'eyJ0eXAiOiJKV1QiLCJhbGciOiJIUzI1NiJ9.eyJzdWIiOjIyNiwiZXhwIjoxNjcxNTk3MDc1fQ.3yYNmV56IDpCvcUtLOzqH7_s15MhK_lyzTmvGJVSAKk','2022-11-21 10:00:23','2022-11-21 10:06:08',NULL,NULL,NULL,NULL,NULL,NULL,NULL,NULL,'Than ji mod',NULL,NULL,NULL,NULL,NULL,NULL,0,NULL,NULL,NULL,NULL,'Sargoth ',5,'20',NULL,NULL,NULL,NULL,NULL,NULL,NULL,NULL,NULL),(227,NULL,'Mukesh kumar bhadalda',NULL,'8209572771',NULL,NULL,NULL,8945,'501401',3,1,'eyJ0eXAiOiJKV1QiLCJhbGciOiJIUzI1NiJ9.eyJzdWIiOjIyNywiZXhwIjoxNjcxNzk5MTIxfQ.ZRU-el5gP4TRis2N0mcThkpXbiUOWxrrLjI0lndbZRA','2022-11-23 18:08:29','2022-11-23 18:08:41',NULL,NULL,NULL,NULL,NULL,NULL,NULL,NULL,'Nangal govind',NULL,NULL,NULL,NULL,NULL,NULL,NULL,NULL,NULL,NULL,NULL,'Nangal govind',6,'15',NULL,NULL,NULL,NULL,NULL,NULL,NULL,NULL,NULL),(228,NULL,'Dashrath Kumar',NULL,'9057181394',NULL,NULL,NULL,1234,'410606',3,1,NULL,'2022-11-29 15:11:48','2022-11-29 15:11:48',NULL,NULL,NULL,NULL,NULL,NULL,NULL,NULL,'Sargoth',NULL,NULL,NULL,NULL,NULL,NULL,NULL,NULL,NULL,NULL,NULL,'Sargoth',9057,'9057',NULL,NULL,NULL,NULL,NULL,NULL,NULL,NULL,NULL),(229,NULL,'Rajendra Singh Rathore ',NULL,'8619495051',NULL,NULL,NULL,4226,'185696',3,1,'eyJ0eXAiOiJKV1QiLCJhbGciOiJIUzI1NiJ9.eyJzdWIiOjIyOSwiZXhwIjoxNjczMjQ4NDAzfQ.3cKn7rcYxKKz43aD1QRKRepNB-i1TfXE2bcZhN8-oIo','2022-12-03 12:27:27','2022-12-10 13:29:55',NULL,NULL,NULL,NULL,NULL,NULL,NULL,NULL,'Rathore Colony ',NULL,NULL,NULL,NULL,NULL,NULL,0,NULL,NULL,NULL,NULL,'Bagari stand',4,'500',NULL,NULL,NULL,NULL,NULL,NULL,NULL,NULL,NULL),(230,NULL,'Sunil kumar',NULL,'9829113265',NULL,NULL,NULL,7801,'804414',3,1,'eyJ0eXAiOiJKV1QiLCJhbGciOiJIUzI1NiJ9.eyJzdWIiOjIzMCwiZXhwIjoxNjcyNzMzMTY3fQ.ViAua9AlRZw6Ynmh4T5jr89eN6bs_S5d2uTkCOPPmH0','2022-12-04 13:35:41','2022-12-04 13:36:07',NULL,NULL,NULL,NULL,NULL,NULL,NULL,NULL,'Shiv mandi ke pass',NULL,NULL,NULL,NULL,NULL,NULL,NULL,NULL,NULL,NULL,NULL,'Reengus',2,'15',NULL,NULL,NULL,NULL,NULL,NULL,NULL,NULL,NULL),(231,NULL,'Ravi ',NULL,'9887811023',NULL,NULL,NULL,8552,'588475',3,1,'eyJ0eXAiOiJKV1QiLCJhbGciOiJIUzI1NiJ9.eyJzdWIiOjIzMSwiZXhwIjoxNjcyNzQyMzA0fQ.yxF-JpQllfondBS7fn4oozbhu6DkqLvhMCblUaRFPaI','2022-12-04 16:07:33','2022-12-04 16:08:24',NULL,NULL,NULL,NULL,NULL,NULL,NULL,NULL,'Bagri',NULL,NULL,NULL,NULL,NULL,NULL,NULL,NULL,NULL,NULL,NULL,'Bagdi',3,'30',NULL,NULL,NULL,NULL,NULL,NULL,NULL,NULL,NULL),(232,NULL,'Abhay Sharma ',NULL,'7878842346',NULL,NULL,NULL,6381,'236709',3,1,'eyJ0eXAiOiJKV1QiLCJhbGciOiJIUzI1NiJ9.eyJzdWIiOjIzMiwiZXhwIjoxNjcyOTE0MjU0fQ.5g8n_U9gmOhn-3AkgqIYWjwSe8Zje0M-ze3pVGb2o80','2022-12-06 15:53:53','2022-12-06 15:54:14',NULL,NULL,NULL,NULL,NULL,NULL,NULL,NULL,'Sargoth',NULL,NULL,NULL,NULL,NULL,NULL,NULL,NULL,NULL,NULL,NULL,'Sargoth ',1,'5',NULL,NULL,NULL,NULL,NULL,NULL,NULL,NULL,NULL),(233,NULL,'Kana Ram yadav',NULL,'6376149197',NULL,NULL,NULL,5426,'299244',3,1,'eyJ0eXAiOiJKV1QiLCJhbGciOiJIUzI1NiJ9.eyJzdWIiOjIzMywiZXhwIjoxNjcyOTcyNjE5fQ.y-rM2JEZJHLNvTggAYbJEhYn-4goj5Yeb0T843_J4-s','2022-12-07 08:06:42','2022-12-07 08:06:59',NULL,NULL,NULL,NULL,NULL,NULL,NULL,NULL,' kholdiya wali Diwali dhani',NULL,NULL,NULL,NULL,NULL,NULL,NULL,NULL,NULL,NULL,NULL,'Sargoth',20,'50',NULL,NULL,NULL,NULL,NULL,NULL,NULL,NULL,NULL),(234,NULL,'SUNIL ',NULL,'9887033098',NULL,NULL,NULL,9129,'997341',3,1,'eyJ0eXAiOiJKV1QiLCJhbGciOiJIUzI1NiJ9.eyJzdWIiOjIzNCwiZXhwIjoxNjcyOTg3MDMwfQ.0QlD6coiXY71_Nugyqe83du_b6G5pzmfINFZF1FlX4k','2022-12-07 12:06:52','2022-12-07 12:07:10',NULL,NULL,NULL,NULL,NULL,NULL,NULL,NULL,'Shahapura ',NULL,NULL,NULL,NULL,NULL,NULL,NULL,NULL,NULL,NULL,NULL,'Shahapura ',4,'25',NULL,NULL,NULL,NULL,NULL,NULL,NULL,NULL,NULL),(235,NULL,'Neeraj Chopra ',NULL,'8426969194',NULL,NULL,NULL,2319,'853259',3,1,'eyJ0eXAiOiJKV1QiLCJhbGciOiJIUzI1NiJ9.eyJzdWIiOjIzNSwiZXhwIjoxNjczMDAwMjc0fQ.qqK7Y_zsSiQpiKKuQjmgV7lT2Dx96TYtkG9oRSexuos','2022-12-07 15:47:37','2022-12-07 16:00:50',NULL,NULL,NULL,NULL,NULL,NULL,NULL,NULL,'Chopra ki dhani ',NULL,NULL,NULL,NULL,NULL,NULL,NULL,NULL,NULL,NULL,NULL,'Singod kalan ',10,'30',NULL,NULL,NULL,NULL,NULL,NULL,NULL,NULL,NULL),(236,NULL,'Ram',NULL,'7014697287',NULL,NULL,NULL,4818,'583019',3,1,'eyJ0eXAiOiJKV1QiLCJhbGciOiJIUzI1NiJ9.eyJzdWIiOjIzNiwiZXhwIjoxNjczMTY3NzkyfQ.Pk_0ubFyPmvNLZ0eUCZ4x5I_WOOOaXtMTQOsYZgTtaI','2022-12-09 14:19:23','2022-12-09 14:19:52',NULL,NULL,NULL,NULL,NULL,NULL,NULL,NULL,'Jaipur ',NULL,NULL,NULL,NULL,NULL,NULL,NULL,NULL,NULL,NULL,NULL,'Vki area ',20,'28',NULL,NULL,NULL,NULL,NULL,NULL,NULL,NULL,NULL),(237,NULL,'Vikash kumawat ',NULL,'9413373150',NULL,NULL,NULL,1686,'913981',3,1,'eyJ0eXAiOiJKV1QiLCJhbGciOiJIUzI1NiJ9.eyJzdWIiOjIzNywiZXhwIjoxNjczMjU4NjM3fQ.-G5m8tvtw3TOgdeghPdslk46VfAXKmIquk430TWJNv0','2022-12-10 15:33:43','2022-12-10 15:33:57',NULL,NULL,NULL,NULL,NULL,NULL,NULL,NULL,'145 shiv nagar, Sundar marg',NULL,NULL,NULL,NULL,NULL,NULL,NULL,NULL,NULL,NULL,NULL,'Reengus, sikar Pincode 332404',4,'10',NULL,NULL,NULL,NULL,NULL,NULL,NULL,NULL,NULL),(238,NULL,'Nagar mal',NULL,'8432449530',NULL,NULL,NULL,2427,'790136',3,1,'eyJ0eXAiOiJKV1QiLCJhbGciOiJIUzI1NiJ9.eyJzdWIiOjIzOCwiZXhwIjoxNjczMzU0NDcxfQ.x-ua0WFOe8jpoya_yDvHLHieNWTYiOCkHIjC14DB5fk','2022-12-11 18:10:59','2022-12-11 18:11:11',NULL,NULL,NULL,NULL,NULL,NULL,NULL,NULL,'Near mk dhaba',NULL,NULL,NULL,NULL,NULL,NULL,NULL,NULL,NULL,NULL,NULL,'Sargoth',8432,'8432',NULL,NULL,NULL,NULL,223,NULL,500,NULL,NULL),(239,NULL,'Omprakash ',NULL,'8058827885',NULL,NULL,NULL,5072,'529773',3,1,'eyJ0eXAiOiJKV1QiLCJhbGciOiJIUzI1NiJ9.eyJzdWIiOjIzOSwiZXhwIjoxNjczMzU0ODMwfQ.WHbNgvXJX8Q2axdCWOQU6hRaedilvmWPqA1DBSIkahU','2022-12-11 18:16:47','2022-12-11 18:19:11',NULL,NULL,NULL,NULL,NULL,NULL,NULL,NULL,'Near mk dhaba',NULL,NULL,NULL,NULL,NULL,NULL,0,NULL,NULL,NULL,NULL,'Sargoth',5,'50',NULL,NULL,NULL,NULL,223,NULL,500,NULL,NULL),(240,NULL,'Sultan chopra',NULL,'7891911203',NULL,NULL,NULL,1019,'344698',3,1,'eyJ0eXAiOiJKV1QiLCJhbGciOiJIUzI1NiJ9.eyJzdWIiOjI0MCwiZXhwIjoxNjczNDM0OTQxfQ.pxsuwBvoAKQZPhjrZAcLkbrnEXT1HfdfaymES_CRiVo','2022-12-12 16:31:28','2022-12-12 16:32:21',NULL,NULL,NULL,NULL,NULL,NULL,NULL,NULL,'S.sclink',NULL,NULL,NULL,NULL,NULL,NULL,NULL,NULL,NULL,NULL,NULL,'Daud sar',10,'25',NULL,NULL,NULL,NULL,180,NULL,500,NULL,NULL),(241,NULL,'Ajit Singh',NULL,'9928490171',NULL,NULL,NULL,5098,'390641',3,1,'eyJ0eXAiOiJKV1QiLCJhbGciOiJIUzI1NiJ9.eyJzdWIiOjI0MSwiZXhwIjoxNjczNDQyOTgyfQ.LU2nHMjOfpsaI8OceGJ7E0eFN8bc0yWua3X_A2zAs3g','2022-12-12 18:45:56','2022-12-18 17:46:24',NULL,NULL,NULL,NULL,NULL,NULL,NULL,NULL,'Ajit Singh',NULL,NULL,NULL,NULL,NULL,NULL,0,NULL,NULL,NULL,NULL,'Ajit Singh',4,'25',NULL,NULL,NULL,NULL,223,NULL,500,NULL,NULL),(242,NULL,'Nitesh sain',NULL,'6375144247',NULL,NULL,NULL,9547,'644760',3,1,'eyJ0eXAiOiJKV1QiLCJhbGciOiJIUzI1NiJ9.eyJzdWIiOjI0MiwiZXhwIjoxNjczNTIzNjI5fQ.HfByR6P4QQvlTWkdq-_MwPuaGItxwxk3844wBS-heYo','2022-12-13 17:05:33','2022-12-13 17:10:29',NULL,NULL,NULL,NULL,NULL,NULL,NULL,NULL,'NH 52 ke pass',NULL,NULL,NULL,NULL,NULL,NULL,NULL,NULL,NULL,NULL,NULL,'Sargoth ',2,'8',NULL,NULL,NULL,NULL,NULL,NULL,NULL,NULL,NULL),(243,NULL,'Pankaj choudhary ',NULL,'8741874658',NULL,NULL,NULL,5430,'448821',3,1,'eyJ0eXAiOiJKV1QiLCJhbGciOiJIUzI1NiJ9.eyJzdWIiOjI0MywiZXhwIjoxNjczNjA2OTE3fQ.Ae_4yXiULyR1gRmPFS1GuzbEvBNdxr2gmKcb-Jn0Lp8','2022-12-14 16:18:24','2022-12-14 16:18:37',NULL,NULL,NULL,NULL,NULL,NULL,NULL,NULL,'Aryan matal k pass ',NULL,NULL,NULL,NULL,NULL,NULL,NULL,NULL,NULL,NULL,NULL,'Nangal ',8,'25',NULL,NULL,NULL,NULL,NULL,NULL,NULL,NULL,NULL),(244,NULL,'सुरेश कुमार जांगिड़ ',NULL,'7742661131',NULL,NULL,NULL,4806,'880552',3,1,'eyJ0eXAiOiJKV1QiLCJhbGciOiJIUzI1NiJ9.eyJzdWIiOjI0NCwiZXhwIjoxNjczNzY4MTY4fQ.MLXFvCdWCBzmKmVVDkI8_MkQrbSHyAR-sFFEu8iSHwg','2022-12-16 13:05:36','2022-12-16 13:06:08',NULL,NULL,NULL,NULL,NULL,NULL,NULL,NULL,'डाबर वाली ढाणी',NULL,NULL,NULL,NULL,NULL,NULL,NULL,NULL,NULL,NULL,NULL,'वार्ड नंबर 17 रींगस',5,'25',NULL,NULL,NULL,NULL,NULL,NULL,NULL,NULL,NULL),(245,NULL,'कमलेश गढ़वाल',NULL,'9571047427',NULL,NULL,NULL,8046,'353063',3,1,'eyJ0eXAiOiJKV1QiLCJhbGciOiJIUzI1NiJ9.eyJzdWIiOjI0NSwiZXhwIjoxNjc0MDIwOTM1fQ.bjBZDiDK6b92_DJEBIEws5LWq7l65uAl016oQjMVSIc','2022-12-19 11:18:32','2022-12-19 11:18:55',NULL,NULL,NULL,NULL,NULL,NULL,NULL,NULL,'रेलवे लाइन के पास',NULL,NULL,NULL,NULL,NULL,NULL,NULL,NULL,NULL,NULL,NULL,'बगड़ी ',5,'1000',NULL,NULL,NULL,NULL,NULL,NULL,NULL,NULL,NULL),(246,NULL,'Vinod choudhary ',NULL,'9521052564',NULL,NULL,NULL,3973,'849918',3,1,'eyJ0eXAiOiJKV1QiLCJhbGciOiJIUzI1NiJ9.eyJzdWIiOjI0NiwiZXhwIjoxNjc0MDU0ODU5fQ.WMNGhpEl8R7n7Dbr_21M2RaSrChRl40kcApLTWa7fyY','2022-12-19 20:44:07','2022-12-19 20:45:32',NULL,NULL,NULL,NULL,NULL,NULL,NULL,NULL,'Ricco',NULL,NULL,NULL,NULL,NULL,NULL,0,NULL,NULL,NULL,NULL,'Sargoth',10,'30',NULL,NULL,NULL,NULL,NULL,NULL,NULL,NULL,NULL),(247,NULL,'Vinod ',NULL,'9460752863',NULL,NULL,NULL,2090,'884004',3,1,'eyJ0eXAiOiJKV1QiLCJhbGciOiJIUzI1NiJ9.eyJzdWIiOjI0NywiZXhwIjoxNjc0MDU1NTcyfQ.0mrYT6dT2AJWiem1PwyB0cvXpB0ZhlKngw8OEy_xH-A','2022-12-19 20:55:56','2022-12-19 20:56:12',NULL,NULL,NULL,NULL,NULL,NULL,NULL,NULL,'Abhawas ',NULL,NULL,NULL,NULL,NULL,NULL,NULL,NULL,NULL,NULL,NULL,'Abhawas ',4,'10',NULL,NULL,NULL,NULL,NULL,NULL,NULL,NULL,NULL);
/*!40000 ALTER TABLE `users` ENABLE KEYS */;
UNLOCK TABLES;

--
-- Table structure for table `wallets`
--

DROP TABLE IF EXISTS `wallets`;
/*!40101 SET @saved_cs_client     = @@character_set_client */;
/*!50503 SET character_set_client = utf8mb4 */;
CREATE TABLE `wallets` (
  `id` bigint NOT NULL AUTO_INCREMENT,
  `user_id` bigint DEFAULT NULL,
  `transaction_id` varchar(100) CHARACTER SET latin1 COLLATE latin1_swedish_ci DEFAULT NULL,
  `consultation_id` bigint DEFAULT NULL,
  `amount` int DEFAULT NULL,
  `descripton` varchar(191) CHARACTER SET latin1 COLLATE latin1_swedish_ci DEFAULT NULL,
  `type` enum('income','expense') CHARACTER SET latin1 COLLATE latin1_swedish_ci DEFAULT NULL,
  `razorpay_order_id` varchar(190) DEFAULT NULL,
  `razorpay_payment_id` varchar(190) DEFAULT NULL,
  `razorpay_signature` text,
  `payment_status` enum('approved','pending','rejected') NOT NULL DEFAULT 'pending',
  `status` tinyint(1) DEFAULT '1',
  `created` timestamp NULL DEFAULT CURRENT_TIMESTAMP,
  `modified` timestamp NULL DEFAULT NULL,
  PRIMARY KEY (`id`)
) ENGINE=InnoDB AUTO_INCREMENT=3 DEFAULT CHARSET=keybcs2;
/*!40101 SET character_set_client = @saved_cs_client */;

--
-- Dumping data for table `wallets`
--

LOCK TABLES `wallets` WRITE;
/*!40000 ALTER TABLE `wallets` DISABLE KEYS */;
INSERT INTO `wallets` VALUES (1,48,NULL,NULL,500,'referral reward','income',NULL,NULL,NULL,'approved',1,'2021-10-05 12:16:46',NULL),(2,48,NULL,NULL,500,'referral reward','income',NULL,NULL,NULL,'approved',1,'2021-10-05 12:16:46',NULL);
/*!40000 ALTER TABLE `wallets` ENABLE KEYS */;
UNLOCK TABLES;
/*!40103 SET TIME_ZONE=@OLD_TIME_ZONE */;

/*!40101 SET SQL_MODE=@OLD_SQL_MODE */;
/*!40014 SET FOREIGN_KEY_CHECKS=@OLD_FOREIGN_KEY_CHECKS */;
/*!40014 SET UNIQUE_CHECKS=@OLD_UNIQUE_CHECKS */;
/*!40101 SET CHARACTER_SET_CLIENT=@OLD_CHARACTER_SET_CLIENT */;
/*!40101 SET CHARACTER_SET_RESULTS=@OLD_CHARACTER_SET_RESULTS */;
/*!40101 SET COLLATION_CONNECTION=@OLD_COLLATION_CONNECTION */;
/*!40111 SET SQL_NOTES=@OLD_SQL_NOTES */;

-- Dump completed on 2022-12-20 17:12:44
